athlete_id,athlete_name,gender,age,country_code,country,continent,year,city,host_country,season,sport,event,medal
1,Marco Davis,M,20,CUB,Cuba,North America,1996,Atlanta,USA,Summer,Weightlifting,56kg,Bronze
2,Sarah Miller,F,17,SVK,Slovakia,Europe,2010,Vancouver,Canada,Winter,Curling,Curling Team,Gold
3,Darius Green,M,38,CZE,Czech Republic,Europe,1936,Garmisch,Germany,Winter,Curling,Curling Individual,Silver
4,Ahmed Rodriguez,M,38,USA,United States,North America,1936,Garmisch,Germany,Winter,Skeleton,Skeleton Mass Start,Silver
5,John Lewis,M,28,FRA,France,Europe,1928,Amsterdam,Netherlands,Summer,Rowing,Eight,Silver
6,Robert Adams,M,28,SUI,Switzerland,Europe,1992,Albertville,France,Winter,Speed Skating,Speed Skating Individual,Silver
7,Robert Williams,M,38,ROM,Romania,Europe,2022,Beijing,China,Winter,Freestyle Skiing,Freestyle Skiing Super-G,Bronze
8,Yuki Garcia,M,19,AUS,Australia,Oceania,1936,Garmisch,Germany,Winter,Ski Jumping,Ski Jumping Mass Start,Silver
9,Katarina Garcia,F,22,ESP,Spain,Europe,1996,Atlanta,USA,Summer,Volleyball,Volleyball,Bronze
10,Marco Martin,M,33,TUR,Turkey,Asia,2002,Salt Lake City,USA,Winter,Freestyle Skiing,Freestyle Skiing Team,Gold
11,Carlos Brown,M,37,AUT,Austria,Europe,1976,Montreal,Canada,Summer,Basketball,3x3 Basketball,Gold
12,Lars Clark,M,34,GER,Germany,Europe,2020,Tokyo,Japan,Summer,Swimming,100m Butterfly,Gold
13,Fatima Moore,F,20,POR,Portugal,Europe,1998,Nagano,Japan,Winter,Skeleton,Skeleton Downhill,Gold
14,Ingrid Lee,F,34,BRA,Brazil,South America,2010,Vancouver,Canada,Winter,Curling,Curling Giant Slalom,Gold
15,David Anderson,M,19,AUS,Australia,Oceania,1924,Chamonix,France,Winter,Curling,Curling Slalom,Bronze
16,Sofia Scott,F,35,RSA,South Africa,Africa,1972,Munich,Germany,Summer,Canoe,Canoe Sprint,Silver
17,Svetlana Rodriguez,F,40,AZE,Azerbaijan,Europe,1988,Seoul,South Korea,Summer,Athletics,4x100m Relay,Gold
18,Marco Thompson,M,39,SUI,Switzerland,Europe,1952,Oslo,Norway,Winter,Luge,Luge Sprint,Bronze
19,Aisha Carter,F,36,AUT,Austria,Europe,2012,London,Great Britain,Summer,Boxing,91kg,Gold
20,Carlos Lopez,M,35,IRN,Iran,Asia,1928,Amsterdam,Netherlands,Summer,Volleyball,Volleyball,Gold
21,Mohammed Miller,M,23,CUB,Cuba,North America,1924,Paris,France,Summer,Volleyball,Beach Volleyball,Gold
22,Sven Wright,M,20,IRN,Iran,Asia,2008,Beijing,China,Summer,Badminton,Singles,Bronze
23,Rebecca Jackson,F,22,TUR,Turkey,Asia,1928,St. Moritz,Switzerland,Winter,Speed Skating,Speed Skating Giant Slalom,Bronze
24,Yuna Harris,F,19,FIN,Finland,Europe,1956,Melbourne,Australia,Summer,Basketball,3x3 Basketball,Gold
25,Robert Brown,M,16,SVK,Slovakia,Europe,1960,Rome,Italy,Summer,Athletics,Javelin Throw,Gold
26,Rebecca Moore,F,22,USA,United States,North America,1908,London,Great Britain,Summer,Swimming,100m Butterfly,Bronze
27,Lucia Jackson,F,41,CUB,Cuba,North America,1988,Calgary,Canada,Winter,Snowboard,Snowboard Slalom,Gold
28,Chiara Brown,F,30,DEN,Denmark,Europe,1920,Antwerp,Belgium,Summer,Football,Football,Bronze
29,Nina Davis,F,39,RUS,Russia,Europe,1998,Nagano,Japan,Winter,Freestyle Skiing,Freestyle Skiing Team,Gold
30,Thomas Garcia,M,29,FIN,Finland,Europe,1932,Lake Placid,USA,Winter,Figure Skating,Figure Skating Giant Slalom,Silver
31,Darius Green,M,17,CZE,Czech Republic,Europe,1948,London,Great Britain,Summer,Gymnastics,Team,Gold
32,Kim Hall,F,31,BEL,Belgium,Europe,1912,Stockholm,Sweden,Summer,Cycling,Sprint,Gold
33,Sofia Martinez,F,41,RSA,South Africa,Africa,1928,St. Moritz,Switzerland,Winter,Luge,Luge Individual,Silver
34,Peter Brown,M,25,KOR,South Korea,Asia,2004,Athens,Greece,Summer,Archery,Team Compound,Bronze
35,Mohammed Wright,M,17,JAM,Jamaica,North America,2010,Vancouver,Canada,Winter,Curling,Curling Individual,Bronze
36,Robert Carter,M,21,RUS,Russia,Europe,2024,Paris,France,Summer,Table Tennis,Singles,Gold
37,Steven Nelson,M,34,NZL,New Zealand,Oceania,2002,Salt Lake City,USA,Winter,Cross-Country Skiing,Cross-Country Skiing Pursuit,Bronze
38,Kim Clark,F,24,BEL,Belgium,Europe,1904,St. Louis,USA,Summer,Canoe,Canoe Sprint,Gold
39,Nina Jones,F,30,COL,Colombia,South America,1948,St. Moritz,Switzerland,Winter,Luge,Luge Sprint,Gold
40,Mark Moore,M,32,GER,Germany,Europe,1976,Montreal,Canada,Summer,Canoe,Canoe Sprint,Silver
41,Alexei Robinson,M,30,ETH,Ethiopia,Africa,1908,London,Great Britain,Summer,Cycling,Omnium,Bronze
42,Anna Moore,F,37,USA,United States,North America,2018,PyeongChang,South Korea,Winter,Freestyle Skiing,Freestyle Skiing Giant Slalom,Silver
43,Kim Rodriguez,F,35,KEN,Kenya,Africa,1924,Paris,France,Summer,Weightlifting,63kg,Gold
44,Emma Miller,F,24,ARG,Argentina,South America,2002,Salt Lake City,USA,Winter,Freestyle Skiing,Freestyle Skiing Mass Start,Bronze
45,Maria Thompson,F,40,USA,United States,North America,1972,Munich,Germany,Summer,Shooting,10m Air Rifle,Gold
46,Sarah Wilson,F,33,KAZ,Kazakhstan,Asia,2010,Vancouver,Canada,Winter,Skeleton,Skeleton Giant Slalom,Gold
47,David Williams,M,29,RUS,Russia,Europe,2004,Athens,Greece,Summer,Wrestling,Greco-Roman 87kg,Silver
48,Diego Adams,M,27,USA,United States,North America,1964,Tokyo,Japan,Summer,Swimming,200m Butterfly,Silver
49,Thomas Allen,M,41,CUB,Cuba,North America,1994,Lillehammer,Norway,Winter,Nordic Combined,Nordic Combined Sprint,Gold
50,Thomas Davis,M,24,COL,Colombia,South America,1932,Los Angeles,USA,Summer,Fencing,Foil Team,Silver
51,Claire Harris,F,27,HUN,Hungary,Europe,1904,St. Louis,USA,Summer,Badminton,Singles,Gold
52,Isabella Garcia,F,18,UKR,Ukraine,Europe,1900,Paris,France,Summer,Rowing,Lightweight Double Sculls,Silver
53,Anna Thompson,F,16,AZE,Azerbaijan,Europe,1998,Nagano,Japan,Winter,Curling,Curling Downhill,Gold
54,Chiara Clark,F,27,FRA,France,Europe,1992,Barcelona,Spain,Summer,Shooting,10m Air Rifle,Silver
55,James Young,M,24,RSA,South Africa,Africa,1992,Albertville,France,Winter,Curling,Curling Team,Gold
56,Katarina Rodriguez,F,18,ESP,Spain,Europe,1984,Los Angeles,USA,Summer,Archery,Team Recurve,Bronze
57,Lucia Clark,F,37,ZIM,Zimbabwe,Africa,1956,Cortina,Italy,Winter,Freestyle Skiing,Freestyle Skiing Team,Silver
58,Chiara Thomas,F,37,FRA,France,Europe,2004,Athens,Greece,Summer,Judo,52kg,Bronze
59,Chris White,M,25,CZE,Czech Republic,Europe,1988,Calgary,Canada,Winter,Speed Skating,Speed Skating Downhill,Silver
60,Hans Anderson,M,32,FIN,Finland,Europe,2016,Rio de Janeiro,Brazil,Summer,Taekwondo,57kg,Bronze
61,Isabella Martin,F,18,GRE,Greece,Europe,1912,Stockholm,Sweden,Summer,Judo,52kg,Bronze
62,Steven Wright,M,17,KOR,South Korea,Asia,1956,Melbourne,Australia,Summer,Cycling,Keirin,Bronze
63,Lars Walker,M,38,AUT,Austria,Europe,2024,Paris,France,Summer,Gymnastics,Team,Silver
64,Diego Davis,M,40,POR,Portugal,Europe,1968,Mexico City,Mexico,Summer,Cycling,Sprint,Silver
65,Steven Wilson,M,33,SUI,Switzerland,Europe,1936,Garmisch,Germany,Winter,Ice Hockey,Ice Hockey Giant Slalom,Silver
66,Sofia Mitchell,F,40,COL,Colombia,South America,1924,Chamonix,France,Winter,Ski Jumping,Ski Jumping Slalom,Bronze
67,Hans Hernandez,M,39,FIN,Finland,Europe,1980,Lake Placid,USA,Winter,Luge,Luge Giant Slalom,Silver
68,Yuna Garcia,F,36,MEX,Mexico,North America,2012,London,Great Britain,Summer,Cycling,Team Sprint,Silver
69,David Harris,M,20,JPN,Japan,Asia,1908,London,Great Britain,Summer,Judo,81kg,Silver
70,Emma White,F,29,RUS,Russia,Europe,2004,Athens,Greece,Summer,Wrestling,Freestyle 86kg,Silver
71,Sarah Lewis,F,31,ROM,Romania,Europe,1964,Innsbruck,Austria,Winter,Ski Jumping,Ski Jumping Individual,Silver
72,Steven Garcia,M,31,IRN,Iran,Asia,2012,London,Great Britain,Summer,Basketball,3x3 Basketball,Silver
73,Elena King,F,39,ETH,Ethiopia,Africa,1980,Moscow,Russia,Summer,Athletics,Pole Vault,Gold
74,Darius Young,M,18,NZL,New Zealand,Oceania,1994,Lillehammer,Norway,Winter,Curling,Curling Individual,Gold
75,Nina Walker,F,26,USA,United States,North America,1976,Montreal,Canada,Summer,Boxing,49kg,Silver
76,Chiara Green,F,16,AUS,Australia,Oceania,2012,London,Great Britain,Summer,Football,Football,Gold
77,Michael Martin,M,40,POR,Portugal,Europe,1960,Squaw Valley,USA,Winter,Figure Skating,Figure Skating Team,Gold
78,Sven Wilson,M,31,CUB,Cuba,North America,2022,Beijing,China,Winter,Skiing,Skiing Sprint,Bronze
79,Lauren Carter,F,21,BRA,Brazil,South America,1936,Berlin,Germany,Summer,Tennis,Mixed Doubles,Bronze
80,Michael Robinson,M,34,ZIM,Zimbabwe,Africa,2006,Turin,Italy,Winter,Biathlon,Biathlon Sprint,Bronze
81,Mohammed Martin,M,18,KAZ,Kazakhstan,Asia,2002,Salt Lake City,USA,Winter,Luge,Luge Downhill,Gold
82,Alexei Young,M,27,ITA,Italy,Europe,2004,Athens,Greece,Summer,Judo,+78kg,Bronze
83,Anna Young,F,31,USA,United States,North America,1964,Tokyo,Japan,Summer,Gymnastics,Balance Beam,Silver
84,Chiara Scott,F,21,KOR,South Korea,Asia,1996,Atlanta,USA,Summer,Tennis,Mixed Doubles,Bronze
85,Jessica Garcia,F,39,SUI,Switzerland,Europe,1952,Helsinki,Finland,Summer,Canoe,Canoe Slalom,Silver
86,Isabella King,F,23,KEN,Kenya,Africa,2024,Paris,France,Summer,Cycling,Time Trial,Bronze
87,Carlos Thomas,M,31,UKR,Ukraine,Europe,1994,Lillehammer,Norway,Winter,Freestyle Skiing,Freestyle Skiing Downhill,Silver
88,Ingeborg Garcia,F,35,UKR,Ukraine,Europe,1936,Berlin,Germany,Summer,Volleyball,Beach Volleyball,Bronze
89,Ahmed Lopez,M,39,AUS,Australia,Oceania,1896,Athens,Greece,Summer,Table Tennis,Singles,Bronze
90,Sarah Miller,F,30,POR,Portugal,Europe,2012,London,Great Britain,Summer,Cycling,BMX Racing,Silver
91,Rebecca Scott,F,31,ZIM,Zimbabwe,Africa,1936,Garmisch,Germany,Winter,Luge,Luge Pursuit,Silver
92,Claire Thompson,F,24,POL,Poland,Europe,1972,Munich,Germany,Summer,Archery,Individual Compound,Gold
93,Peter Wright,M,22,ITA,Italy,Europe,1924,Paris,France,Summer,Rowing,Eight,Silver
94,Steven Lee,M,25,FRA,France,Europe,2008,Beijing,China,Summer,Taekwondo,+73kg,Gold
95,Alexei Martinez,M,17,KEN,Kenya,Africa,1956,Melbourne,Australia,Summer,Athletics,4x400m Relay,Bronze
96,Chris Wright,M,34,FRA,France,Europe,1924,Chamonix,France,Winter,Freestyle Skiing,Freestyle Skiing Slalom,Silver
97,Anna Jones,F,31,RUS,Russia,Europe,1972,Sapporo,Japan,Winter,Bobsled,Bobsled Sprint,Silver
98,Mohammed Robinson,M,20,RUS,Russia,Europe,1980,Moscow,Russia,Summer,Gymnastics,Uneven Bars,Gold
99,Ivan Walker,M,40,TUR,Turkey,Asia,1948,London,Great Britain,Summer,Weightlifting,48kg,Silver
100,Marco Davis,M,35,ZIM,Zimbabwe,Africa,1972,Sapporo,Japan,Winter,Speed Skating,Speed Skating Downhill,Gold
101,Steven Thomas,M,21,COL,Colombia,South America,1996,Atlanta,USA,Summer,Rowing,Four,Bronze
102,Emma Harris,F,25,UZB,Uzbekistan,Asia,1908,London,Great Britain,Summer,Boxing,49kg,Silver
103,Darius Nelson,M,24,GER,Germany,Europe,2006,Turin,Italy,Winter,Speed Skating,Speed Skating Slalom,Bronze
104,David Garcia,M,36,ITA,Italy,Europe,2018,PyeongChang,South Korea,Winter,Figure Skating,Figure Skating Downhill,Gold
105,Anna King,F,30,TUR,Turkey,Asia,1908,London,Great Britain,Summer,Swimming,1500m Freestyle,Bronze
106,Lisa Carter,F,30,ARG,Argentina,South America,1956,Melbourne,Australia,Summer,Basketball,3x3 Basketball,Gold
107,Steven Baker,M,18,BRA,Brazil,South America,1972,Munich,Germany,Summer,Fencing,Epee Team,Bronze
108,Svetlana Hernandez,F,32,NED,Netherlands,Europe,1900,Paris,France,Summer,Shooting,10m Air Rifle,Silver
109,Wei Allen,M,31,NGR,Nigeria,Africa,1932,Los Angeles,USA,Summer,Taekwondo,67kg,Silver
110,Ingeborg Lopez,F,29,CAN,Canada,North America,1956,Cortina,Italy,Winter,Freestyle Skiing,Freestyle Skiing Team,Silver
111,Mark Clark,M,26,SUI,Switzerland,Europe,2000,Sydney,Australia,Summer,Basketball,Basketball,Gold
112,Emma Jackson,F,29,USA,United States,North America,2014,Sochi,Russia,Winter,Luge,Luge Giant Slalom,Bronze
113,Emma White,F,40,AUT,Austria,Europe,1964,Tokyo,Japan,Summer,Canoe,Canoe Slalom,Silver
114,Sarah Carter,F,19,UZB,Uzbekistan,Asia,1988,Seoul,South Korea,Summer,Wrestling,Freestyle 97kg,Gold
115,Ahmed Miller,M,33,CZE,Czech Republic,Europe,2006,Turin,Italy,Winter,Ice Hockey,Ice Hockey Mass Start,Gold
116,Lars Martinez,M,31,ITA,Italy,Europe,2022,Beijing,China,Winter,Biathlon,Biathlon Slalom,Bronze
117,Sofia Adams,F,23,IND,India,Asia,2006,Turin,Italy,Winter,Speed Skating,Speed Skating Downhill,Gold
118,Diego Allen,M,24,JPN,Japan,Asia,1964,Innsbruck,Austria,Winter,Figure Skating,Figure Skating Giant Slalom,Silver
119,Claire Nelson,F,39,USA,United States,North America,2016,Rio de Janeiro,Brazil,Summer,Table Tennis,Team,Bronze
120,Nina Adams,F,27,FIN,Finland,Europe,2000,Sydney,Australia,Summer,Badminton,Singles,Bronze
121,Yuki Harris,M,34,HUN,Hungary,Europe,1964,Innsbruck,Austria,Winter,Skeleton,Skeleton Super-G,Silver
122,Katarina Taylor,F,28,IND,India,Asia,1904,St. Louis,USA,Summer,Fencing,Sabre Team,Silver
123,John Scott,M,30,UKR,Ukraine,Europe,1904,St. Louis,USA,Summer,Wrestling,Greco-Roman 87kg,Silver
124,Mark Rodriguez,M,31,KOR,South Korea,Asia,1896,Athens,Greece,Summer,Wrestling,Greco-Roman 60kg,Bronze
125,Svetlana Lopez,F,26,UKR,Ukraine,Europe,2004,Athens,Greece,Summer,Basketball,Basketball,Bronze
126,Chiara Miller,F,23,CUB,Cuba,North America,1904,St. Louis,USA,Summer,Canoe,Canoe Sprint,Silver
127,Carlos Brown,M,17,CHN,China,Asia,1920,Antwerp,Belgium,Summer,Weightlifting,+105kg,Silver
128,Ahmed Baker,M,32,KOR,South Korea,Asia,1960,Squaw Valley,USA,Winter,Bobsled,Bobsled Downhill,Bronze
129,Katarina Martin,F,35,RUS,Russia,Europe,2016,Rio de Janeiro,Brazil,Summer,Boxing,56kg,Silver
130,Katarina Johnson,F,24,BRA,Brazil,South America,1992,Barcelona,Spain,Summer,Wrestling,Freestyle 86kg,Silver
131,Wei Nelson,M,30,CAN,Canada,North America,1952,Oslo,Norway,Winter,Freestyle Skiing,Freestyle Skiing Giant Slalom,Silver
132,Ingrid Wright,F,22,SUI,Switzerland,Europe,1996,Atlanta,USA,Summer,Football,Football,Gold
133,Claire Smith,F,38,ROM,Romania,Europe,1948,London,Great Britain,Summer,Basketball,3x3 Basketball,Bronze
134,Marco Lopez,M,35,ROM,Romania,Europe,1968,Mexico City,Mexico,Summer,Shooting,10m Air Rifle,Silver
135,Svetlana Jackson,F,23,TUR,Turkey,Asia,2014,Sochi,Russia,Winter,Ski Jumping,Ski Jumping Pursuit,Bronze
136,Darius Williams,M,36,AUT,Austria,Europe,1948,St. Moritz,Switzerland,Winter,Freestyle Skiing,Freestyle Skiing Sprint,Silver
137,Maria Miller,F,39,SVK,Slovakia,Europe,2016,Rio de Janeiro,Brazil,Summer,Tennis,Singles,Silver
138,Alexei Lee,M,20,NED,Netherlands,Europe,1956,Cortina,Italy,Winter,Nordic Combined,Nordic Combined Downhill,Bronze
139,Claire Rodriguez,F,41,BRA,Brazil,South America,1980,Lake Placid,USA,Winter,Speed Skating,Speed Skating Sprint,Gold
140,Rebecca Lee,F,41,SWE,Sweden,Europe,1976,Montreal,Canada,Summer,Gymnastics,Rings,Gold
141,Wei Thompson,M,30,BRA,Brazil,South America,2016,Rio de Janeiro,Brazil,Summer,Basketball,Basketball,Bronze
142,Michael Mitchell,M,31,FRA,France,Europe,1964,Innsbruck,Austria,Winter,Cross-Country Skiing,Cross-Country Skiing Super-G,Bronze
143,Pierre Robinson,M,36,POR,Portugal,Europe,1956,Cortina,Italy,Winter,Snowboard,Snowboard Pursuit,Bronze
144,Hans Wilson,M,25,GBR,Great Britain,Europe,1968,Grenoble,France,Winter,Biathlon,Biathlon Sprint,Gold
145,Katarina Green,F,27,RSA,South Africa,Africa,1948,London,Great Britain,Summer,Archery,Team Recurve,Silver
146,Emma Lee,F,24,NGR,Nigeria,Africa,1992,Barcelona,Spain,Summer,Wrestling,Greco-Roman 60kg,Gold
147,Wei Green,M,37,ESP,Spain,Europe,1972,Sapporo,Japan,Winter,Skeleton,Skeleton Pursuit,Bronze
148,Pierre Miller,M,19,KEN,Kenya,Africa,1960,Squaw Valley,USA,Winter,Skiing,Skiing Downhill,Bronze
149,Maria Baker,F,23,RUS,Russia,Europe,1936,Berlin,Germany,Summer,Canoe,Canoe Sprint,Gold
150,Carlos Taylor,M,23,SVK,Slovakia,Europe,1908,London,Great Britain,Summer,Archery,Team Recurve,Bronze
151,Elena Wilson,F,41,JPN,Japan,Asia,1896,Athens,Greece,Summer,Shooting,25m Pistol,Bronze
152,Elena Thompson,F,16,JPN,Japan,Asia,1900,Paris,France,Summer,Wrestling,Freestyle 57kg,Gold
153,Robert Wright,M,39,MEX,Mexico,North America,1924,Chamonix,France,Winter,Nordic Combined,Nordic Combined Downhill,Silver
154,Ivan Harris,M,30,SVK,Slovakia,Europe,2014,Sochi,Russia,Winter,Bobsled,Bobsled Giant Slalom,Bronze
155,Hans Hall,M,17,SUI,Switzerland,Europe,1904,St. Louis,USA,Summer,Table Tennis,Team,Silver
156,Lisa Clark,F,18,KAZ,Kazakhstan,Asia,2002,Salt Lake City,USA,Winter,Biathlon,Biathlon Slalom,Bronze
157,Lauren Scott,F,28,RUS,Russia,Europe,1928,Amsterdam,Netherlands,Summer,Gymnastics,Rings,Silver
158,Darius Adams,M,36,FRA,France,Europe,1976,Montreal,Canada,Summer,Table Tennis,Team,Bronze
159,Sofia Hall,F,26,SWE,Sweden,Europe,1936,Berlin,Germany,Summer,Football,Football,Silver
160,Maria Wright,F,27,COL,Colombia,South America,2008,Beijing,China,Summer,Weightlifting,94kg,Gold
161,James Nelson,M,33,ESP,Spain,Europe,1912,Stockholm,Sweden,Summer,Gymnastics,Pommel Horse,Bronze
162,Katarina Young,F,27,ITA,Italy,Europe,1988,Seoul,South Korea,Summer,Fencing,Sabre Team,Bronze
163,Sven Wright,M,20,JPN,Japan,Asia,1906,Athens,Greece,Summer,Judo,57kg,Gold
164,Mark Baker,M,40,ESP,Spain,Europe,2024,Paris,France,Summer,Weightlifting,94kg,Gold
165,Sven Garcia,M,35,GRE,Greece,Europe,2018,PyeongChang,South Korea,Winter,Luge,Luge Giant Slalom,Gold
166,Elena Taylor,F,16,UKR,Ukraine,Europe,1932,Los Angeles,USA,Summer,Shooting,50m Rifle Prone,Bronze
167,Marco Scott,M,18,KOR,South Korea,Asia,2000,Sydney,Australia,Summer,Basketball,Basketball,Gold
168,Chris Clark,M,27,UKR,Ukraine,Europe,1964,Innsbruck,Austria,Winter,Luge,Luge Slalom,Bronze
169,Kwame Brown,M,40,KOR,South Korea,Asia,1992,Albertville,France,Winter,Biathlon,Biathlon Individual,Bronze
170,Lauren Hernandez,F,31,COL,Colombia,South America,1912,Stockholm,Sweden,Summer,Shooting,Double Trap,Silver
171,Claire Nelson,F,19,POL,Poland,Europe,1952,Helsinki,Finland,Summer,Rowing,Double Sculls,Silver
172,Peter Robinson,M,16,BRA,Brazil,South America,1984,Los Angeles,USA,Summer,Judo,60kg,Gold
173,Sarah Lopez,F,19,ETH,Ethiopia,Africa,2014,Sochi,Russia,Winter,Ice Hockey,Ice Hockey Mass Start,Bronze
174,Ingrid Williams,F,18,UKR,Ukraine,Europe,1972,Munich,Germany,Summer,Boxing,56kg,Silver
175,Ingrid Allen,F,34,JAM,Jamaica,North America,1900,Paris,France,Summer,Tennis,Singles,Silver
176,Kwame King,M,41,JAM,Jamaica,North America,1924,Paris,France,Summer,Basketball,Basketball,Bronze
177,Ingrid Scott,F,34,CUB,Cuba,North America,1964,Tokyo,Japan,Summer,Gymnastics,All-Around,Gold
178,Ivan Wilson,M,18,JPN,Japan,Asia,1968,Mexico City,Mexico,Summer,Judo,70kg,Bronze
179,John Taylor,M,23,POL,Poland,Europe,1980,Lake Placid,USA,Winter,Figure Skating,Figure Skating Super-G,Silver
180,Diego Lopez,M,21,POR,Portugal,Europe,1932,Lake Placid,USA,Winter,Ice Hockey,Ice Hockey Sprint,Silver
181,Nina Taylor,F,36,ROM,Romania,Europe,2012,London,Great Britain,Summer,Taekwondo,73kg,Silver
182,Fatima Nelson,F,41,AUT,Austria,Europe,1908,London,Great Britain,Summer,Badminton,Doubles,Gold
183,Emma Brown,F,30,ZIM,Zimbabwe,Africa,1960,Squaw Valley,USA,Winter,Curling,Curling Team,Silver
184,Kwame Hill,M,35,POR,Portugal,Europe,2022,Beijing,China,Winter,Speed Skating,Speed Skating Team,Silver
185,Jessica Jackson,F,41,GBR,Great Britain,Europe,1976,Montreal,Canada,Summer,Taekwondo,+73kg,Silver
186,John Rodriguez,M,30,KOR,South Korea,Asia,1992,Albertville,France,Winter,Skeleton,Skeleton Giant Slalom,Bronze
187,Pierre Hernandez,M,38,GBR,Great Britain,Europe,1912,Stockholm,Sweden,Summer,Table Tennis,Singles,Bronze
188,Ingrid Allen,F,25,ESP,Spain,Europe,1984,Los Angeles,USA,Summer,Canoe,Canoe Sprint,Silver
189,Nina Davis,F,18,AUT,Austria,Europe,2002,Salt Lake City,USA,Winter,Snowboard,Snowboard Individual,Bronze
190,Robert Nelson,M,26,BRA,Brazil,South America,2002,Salt Lake City,USA,Winter,Luge,Luge Mass Start,Bronze
191,Lauren Miller,F,20,POR,Portugal,Europe,1928,Amsterdam,Netherlands,Summer,Volleyball,Beach Volleyball,Silver
192,Sven Young,M,36,JPN,Japan,Asia,1988,Seoul,South Korea,Summer,Basketball,3x3 Basketball,Bronze
193,Mei Jackson,F,40,GBR,Great Britain,Europe,1964,Tokyo,Japan,Summer,Athletics,High Jump,Gold
194,Diego Green,M,32,ETH,Ethiopia,Africa,1924,Chamonix,France,Winter,Ice Hockey,Ice Hockey Team,Bronze
195,Yuki Taylor,M,35,GRE,Greece,Europe,1984,Los Angeles,USA,Summer,Swimming,100m Butterfly,Gold
196,Wei Martin,M,29,FIN,Finland,Europe,1932,Los Angeles,USA,Summer,Canoe,Canoe Sprint,Silver
197,Hans Jackson,M,25,SWE,Sweden,Europe,1994,Lillehammer,Norway,Winter,Speed Skating,Speed Skating Slalom,Silver
198,Ingrid Hill,F,40,SUI,Switzerland,Europe,2002,Salt Lake City,USA,Winter,Snowboard,Snowboard Slalom,Bronze
199,James Wright,M,24,TUR,Turkey,Asia,1968,Grenoble,France,Winter,Ice Hockey,Ice Hockey Pursuit,Silver
200,Isabella Anderson,F,18,ITA,Italy,Europe,1988,Seoul,South Korea,Summer,Weightlifting,63kg,Silver
201,Pierre Lewis,M,23,DEN,Denmark,Europe,1972,Sapporo,Japan,Winter,Curling,Curling Sprint,Gold
202,Ingrid Miller,F,23,ARG,Argentina,South America,1968,Grenoble,France,Winter,Skiing,Skiing Downhill,Silver
203,Maria Moore,F,41,FRA,France,Europe,1936,Garmisch,Germany,Winter,Skiing,Skiing Super-G,Gold
204,Lars Wright,M,40,UZB,Uzbekistan,Asia,1952,Oslo,Norway,Winter,Cross-Country Skiing,Cross-Country Skiing Slalom,Silver
205,Maria Adams,F,22,CHN,China,Asia,1994,Lillehammer,Norway,Winter,Skiing,Skiing Team,Bronze
206,Claire Wilson,F,23,ITA,Italy,Europe,1992,Albertville,France,Winter,Curling,Curling Downhill,Gold
207,Kwame Green,M,31,GER,Germany,Europe,1948,London,Great Britain,Summer,Football,Football,Gold
208,Ahmed Johnson,M,25,KAZ,Kazakhstan,Asia,1996,Atlanta,USA,Summer,Table Tennis,Singles,Bronze
209,Wei Jones,M,32,NED,Netherlands,Europe,1960,Squaw Valley,USA,Winter,Figure Skating,Figure Skating Downhill,Bronze
210,Hans Williams,M,28,CZE,Czech Republic,Europe,1984,Sarajevo,Yugoslavia,Winter,Curling,Curling Giant Slalom,Bronze
211,Lisa Lewis,F,41,CHN,China,Asia,1964,Innsbruck,Austria,Winter,Bobsled,Bobsled Mass Start,Gold
212,Wei Green,M,17,UKR,Ukraine,Europe,2008,Beijing,China,Summer,Weightlifting,75kg,Silver
213,David Jones,M,41,IND,India,Asia,2020,Tokyo,Japan,Summer,Boxing,81kg,Bronze
214,Peter Williams,M,17,ETH,Ethiopia,Africa,2014,Sochi,Russia,Winter,Skeleton,Skeleton Individual,Silver
215,Emma Jackson,F,24,IRN,Iran,Asia,1956,Melbourne,Australia,Summer,Table Tennis,Team,Silver
216,Anna Lee,F,24,POR,Portugal,Europe,1960,Squaw Valley,USA,Winter,Cross-Country Skiing,Cross-Country Skiing Individual,Silver
217,Lars Lopez,M,31,UKR,Ukraine,Europe,1968,Mexico City,Mexico,Summer,Tennis,Doubles,Silver
218,Lucia Carter,F,18,AUS,Australia,Oceania,2018,PyeongChang,South Korea,Winter,Curling,Curling Mass Start,Gold
219,Sven Martinez,M,26,FRA,France,Europe,1984,Sarajevo,Yugoslavia,Winter,Speed Skating,Speed Skating Super-G,Silver
220,Sofia Williams,F,27,CAN,Canada,North America,1972,Sapporo,Japan,Winter,Snowboard,Snowboard Downhill,Bronze
221,Sven Hall,M,18,KEN,Kenya,Africa,1960,Squaw Valley,USA,Winter,Snowboard,Snowboard Downhill,Silver
222,Sven Hernandez,M,35,CHN,China,Asia,1980,Lake Placid,USA,Winter,Ski Jumping,Ski Jumping Sprint,Gold
223,Ingrid Baker,F,27,POR,Portugal,Europe,1924,Chamonix,France,Winter,Biathlon,Biathlon Pursuit,Gold
224,Isabella Jones,F,30,ESP,Spain,Europe,1992,Albertville,France,Winter,Ice Hockey,Ice Hockey Slalom,Bronze
225,Fatima Martin,F,36,NZL,New Zealand,Oceania,1924,Chamonix,France,Winter,Curling,Curling Super-G,Gold
226,Diego Thompson,M,24,CZE,Czech Republic,Europe,1900,Paris,France,Summer,Boxing,81kg,Bronze
227,Anna Moore,F,22,UZB,Uzbekistan,Asia,1972,Sapporo,Japan,Winter,Figure Skating,Figure Skating Mass Start,Gold
228,Olga Jones,F,37,AUS,Australia,Oceania,1972,Sapporo,Japan,Winter,Ice Hockey,Ice Hockey Slalom,Bronze
229,Wei Hill,M,41,CAN,Canada,North America,1984,Sarajevo,Yugoslavia,Winter,Speed Skating,Speed Skating Mass Start,Gold
230,Olga Adams,F,16,CUB,Cuba,North America,1924,Paris,France,Summer,Rowing,Quadruple Sculls,Bronze
231,Chris Hall,M,18,JPN,Japan,Asia,1964,Tokyo,Japan,Summer,Tennis,Mixed Doubles,Bronze
232,Lisa Moore,F,34,BEL,Belgium,Europe,2008,Beijing,China,Summer,Badminton,Mixed Doubles,Silver
233,Isabella Adams,F,20,SUI,Switzerland,Europe,1998,Nagano,Japan,Winter,Biathlon,Biathlon Slalom,Bronze
234,David Robinson,M,32,RUS,Russia,Europe,1992,Barcelona,Spain,Summer,Boxing,56kg,Gold
235,Fatima Jackson,F,18,POL,Poland,Europe,1928,St. Moritz,Switzerland,Winter,Bobsled,Bobsled Pursuit,Bronze
236,Rebecca Miller,F,35,AUT,Austria,Europe,1988,Seoul,South Korea,Summer,Shooting,25m Pistol,Bronze
237,Emma Smith,F,34,CAN,Canada,North America,1998,Nagano,Japan,Winter,Ice Hockey,Ice Hockey Sprint,Gold
238,Svetlana Smith,F,35,ROM,Romania,Europe,1904,St. Louis,USA,Summer,Taekwondo,+80kg,Silver
239,Yuna Hall,F,31,POR,Portugal,Europe,1996,Atlanta,USA,Summer,Archery,Individual Compound,Silver
240,Kim Rodriguez,F,30,CHN,China,Asia,1976,Montreal,Canada,Summer,Gymnastics,Trampoline,Bronze
241,Maria Lee,F,28,JAM,Jamaica,North America,1928,Amsterdam,Netherlands,Summer,Fencing,Sabre Team,Bronze
242,Maria Davis,F,23,CHN,China,Asia,1988,Seoul,South Korea,Summer,Weightlifting,94kg,Gold
243,Mohammed Clark,M,26,CUB,Cuba,North America,1952,Oslo,Norway,Winter,Luge,Luge Downhill,Gold
244,Mei Smith,F,25,SUI,Switzerland,Europe,2012,London,Great Britain,Summer,Boxing,81kg,Gold
245,Wei Brown,M,34,CUB,Cuba,North America,1968,Mexico City,Mexico,Summer,Table Tennis,Team,Gold
246,Ahmed Moore,M,19,ETH,Ethiopia,Africa,1952,Oslo,Norway,Winter,Skeleton,Skeleton Slalom,Silver
247,James Baker,M,28,ESP,Spain,Europe,2008,Beijing,China,Summer,Volleyball,Beach Volleyball,Bronze
248,Ivan Hernandez,M,28,ETH,Ethiopia,Africa,1932,Lake Placid,USA,Winter,Bobsled,Bobsled Giant Slalom,Bronze
249,Wei Rodriguez,M,28,JPN,Japan,Asia,1952,Helsinki,Finland,Summer,Canoe,Canoe Sprint,Bronze
250,James Moore,M,17,NZL,New Zealand,Oceania,1964,Tokyo,Japan,Summer,Wrestling,Freestyle 86kg,Bronze
251,Ivan Moore,M,35,SUI,Switzerland,Europe,1960,Rome,Italy,Summer,Badminton,Mixed Doubles,Silver
252,Nina Hill,F,34,NZL,New Zealand,Oceania,1994,Lillehammer,Norway,Winter,Bobsled,Bobsled Sprint,Bronze
253,Carlos Wilson,M,27,IND,India,Asia,1984,Sarajevo,Yugoslavia,Winter,Skeleton,Skeleton Mass Start,Silver
254,Hans Thompson,M,35,UZB,Uzbekistan,Asia,1992,Barcelona,Spain,Summer,Judo,78kg,Bronze
255,Aisha Mitchell,F,21,SVK,Slovakia,Europe,2016,Rio de Janeiro,Brazil,Summer,Taekwondo,80kg,Silver
256,Michael Hernandez,M,22,ROM,Romania,Europe,1928,Amsterdam,Netherlands,Summer,Cycling,Road Race,Silver
257,Ivan Mitchell,M,29,UZB,Uzbekistan,Asia,1968,Grenoble,France,Winter,Ice Hockey,Ice Hockey Downhill,Silver
258,Mei Scott,F,37,CZE,Czech Republic,Europe,2024,Paris,France,Summer,Swimming,800m Freestyle,Silver
259,Olga Thompson,F,33,IRN,Iran,Asia,1956,Cortina,Italy,Winter,Ice Hockey,Ice Hockey Slalom,Bronze
260,Claire Martinez,F,23,KEN,Kenya,Africa,1976,Innsbruck,Austria,Winter,Figure Skating,Figure Skating Pursuit,Bronze
261,Chiara Garcia,F,33,IND,India,Asia,1936,Berlin,Germany,Summer,Badminton,Doubles,Silver
262,James Martinez,M,25,POL,Poland,Europe,1924,Paris,France,Summer,Taekwondo,+73kg,Bronze
263,Mei White,F,39,POR,Portugal,Europe,1912,Stockholm,Sweden,Summer,Volleyball,Beach Volleyball,Gold
264,Anna Mitchell,F,20,CZE,Czech Republic,Europe,2020,Tokyo,Japan,Summer,Archery,Individual Compound,Bronze
265,Steven Brown,M,36,RUS,Russia,Europe,1992,Barcelona,Spain,Summer,Cycling,Keirin,Gold
266,Alexei Anderson,M,16,FRA,France,Europe,1968,Grenoble,France,Winter,Bobsled,Bobsled Slalom,Silver
267,Chris Clark,M,40,POR,Portugal,Europe,1998,Nagano,Japan,Winter,Skeleton,Skeleton Slalom,Silver
268,Marco Williams,M,33,POR,Portugal,Europe,1998,Nagano,Japan,Winter,Skiing,Skiing Team,Gold
269,Mei Thomas,F,41,GBR,Great Britain,Europe,1968,Grenoble,France,Winter,Cross-Country Skiing,Cross-Country Skiing Sprint,Bronze
270,Chris King,M,26,ZIM,Zimbabwe,Africa,1952,Oslo,Norway,Winter,Skiing,Skiing Individual,Bronze
271,Kim Wilson,F,24,JPN,Japan,Asia,1984,Sarajevo,Yugoslavia,Winter,Curling,Curling Slalom,Silver
272,Elena Johnson,F,38,POR,Portugal,Europe,1928,St. Moritz,Switzerland,Winter,Nordic Combined,Nordic Combined Slalom,Bronze
273,Darius Hall,M,35,HUN,Hungary,Europe,1960,Rome,Italy,Summer,Judo,57kg,Silver
274,David Wright,M,21,NZL,New Zealand,Oceania,1980,Lake Placid,USA,Winter,Bobsled,Bobsled Team,Silver
275,Claire Nelson,F,26,KEN,Kenya,Africa,1948,London,Great Britain,Summer,Athletics,110m Hurdles,Bronze
276,Yuna Brown,F,38,POR,Portugal,Europe,1988,Calgary,Canada,Winter,Skiing,Skiing Mass Start,Bronze
277,Aisha Robinson,F,37,CAN,Canada,North America,1924,Paris,France,Summer,Tennis,Doubles,Bronze
278,David King,M,31,SWE,Sweden,Europe,1924,Paris,France,Summer,Judo,100kg,Bronze
279,Rebecca White,F,40,UZB,Uzbekistan,Asia,1992,Albertville,France,Winter,Bobsled,Bobsled Downhill,Gold
280,Ingeborg Lee,F,32,MEX,Mexico,North America,2002,Salt Lake City,USA,Winter,Ski Jumping,Ski Jumping Team,Gold
281,Alexei Taylor,M,34,CZE,Czech Republic,Europe,1988,Calgary,Canada,Winter,Biathlon,Biathlon Individual,Gold
282,Peter Nelson,M,37,FIN,Finland,Europe,1956,Cortina,Italy,Winter,Cross-Country Skiing,Cross-Country Skiing Giant Slalom,Silver
283,Aisha Allen,F,20,RUS,Russia,Europe,1912,Stockholm,Sweden,Summer,Table Tennis,Team,Silver
284,Sarah Hall,F,39,SUI,Switzerland,Europe,1988,Calgary,Canada,Winter,Skiing,Skiing Giant Slalom,Silver
285,Ingeborg Jones,F,27,USA,United States,North America,2020,Tokyo,Japan,Summer,Athletics,20km Walk,Bronze
286,Darius Allen,M,40,CHN,China,Asia,1906,Athens,Greece,Summer,Gymnastics,Team,Silver
287,Sven Green,M,37,RSA,South Africa,Africa,1964,Innsbruck,Austria,Winter,Skeleton,Skeleton Downhill,Gold
288,Yuki Scott,M,33,ITA,Italy,Europe,1998,Nagano,Japan,Winter,Cross-Country Skiing,Cross-Country Skiing Super-G,Gold
289,Katarina Green,F,30,CHN,China,Asia,2008,Beijing,China,Summer,Cycling,Road Race,Silver
290,Maria Garcia,F,27,CUB,Cuba,North America,1984,Sarajevo,Yugoslavia,Winter,Luge,Luge Pursuit,Gold
291,Peter Jones,M,23,BEL,Belgium,Europe,2008,Beijing,China,Summer,Weightlifting,56kg,Gold
292,Marco Williams,M,23,TUR,Turkey,Asia,1992,Albertville,France,Winter,Skiing,Skiing Slalom,Silver
293,Ivan Martinez,M,20,NOR,Norway,Europe,1972,Sapporo,Japan,Winter,Figure Skating,Figure Skating Giant Slalom,Gold
294,Claire Taylor,F,23,AZE,Azerbaijan,Europe,2020,Tokyo,Japan,Summer,Taekwondo,57kg,Bronze
295,Rebecca Nelson,F,17,ZIM,Zimbabwe,Africa,1984,Los Angeles,USA,Summer,Cycling,Mountain Bike,Bronze
296,Katarina Walker,F,36,RUS,Russia,Europe,1932,Los Angeles,USA,Summer,Football,Football,Bronze
297,Yuki Thomas,M,25,BEL,Belgium,Europe,1956,Cortina,Italy,Winter,Nordic Combined,Nordic Combined Downhill,Bronze
298,Pierre Brown,M,41,ZIM,Zimbabwe,Africa,1976,Innsbruck,Austria,Winter,Figure Skating,Figure Skating Pursuit,Bronze
299,Steven Thompson,M,28,MEX,Mexico,North America,1968,Grenoble,France,Winter,Luge,Luge Giant Slalom,Gold
300,Mark Walker,M,17,AUS,Australia,Oceania,1960,Rome,Italy,Summer,Gymnastics,Team,Bronze
301,Diego Nelson,M,41,GER,Germany,Europe,1992,Albertville,France,Winter,Snowboard,Snowboard Individual,Bronze
302,Chris Johnson,M,26,IND,India,Asia,2000,Sydney,Australia,Summer,Archery,Team Recurve,Gold
303,Kwame White,M,38,IND,India,Asia,1932,Lake Placid,USA,Winter,Nordic Combined,Nordic Combined Team,Silver
304,Rebecca Lewis,F,30,ETH,Ethiopia,Africa,1948,London,Great Britain,Summer,Archery,Individual Compound,Silver
305,Chiara Wright,F,19,NGR,Nigeria,Africa,1948,St. Moritz,Switzerland,Winter,Bobsled,Bobsled Giant Slalom,Silver
306,Steven Taylor,M,34,BEL,Belgium,Europe,1936,Berlin,Germany,Summer,Volleyball,Beach Volleyball,Gold
307,Carlos Harris,M,22,ETH,Ethiopia,Africa,1948,St. Moritz,Switzerland,Winter,Curling,Curling Downhill,Silver
308,Isabella Lopez,F,24,NGR,Nigeria,Africa,1988,Calgary,Canada,Winter,Cross-Country Skiing,Cross-Country Skiing Pursuit,Bronze
309,Wei Anderson,M,39,SUI,Switzerland,Europe,1998,Nagano,Japan,Winter,Nordic Combined,Nordic Combined Slalom,Gold
310,James Jones,M,32,NED,Netherlands,Europe,2008,Beijing,China,Summer,Archery,Team Compound,Bronze
311,David Johnson,M,38,ETH,Ethiopia,Africa,1906,Athens,Greece,Summer,Athletics,Long Jump,Gold
312,Mei Smith,F,37,RUS,Russia,Europe,1980,Lake Placid,USA,Winter,Skeleton,Skeleton Super-G,Gold
313,Marco Garcia,M,32,USA,United States,North America,1984,Sarajevo,Yugoslavia,Winter,Curling,Curling Downhill,Bronze
314,Elena Davis,F,41,UZB,Uzbekistan,Asia,1952,Oslo,Norway,Winter,Skiing,Skiing Giant Slalom,Gold
315,Ingrid Miller,F,24,IRN,Iran,Asia,1984,Los Angeles,USA,Summer,Wrestling,Freestyle 86kg,Silver
316,Sven Miller,M,25,CUB,Cuba,North America,1968,Mexico City,Mexico,Summer,Tennis,Mixed Doubles,Bronze
317,Svetlana Johnson,F,17,RSA,South Africa,Africa,2024,Paris,France,Summer,Swimming,200m Freestyle,Bronze
318,Anna Scott,F,34,DEN,Denmark,Europe,1928,St. Moritz,Switzerland,Winter,Biathlon,Biathlon Slalom,Gold
319,Sven Garcia,M,18,KEN,Kenya,Africa,1936,Garmisch,Germany,Winter,Figure Skating,Figure Skating Slalom,Bronze
320,Kim Nelson,F,16,NED,Netherlands,Europe,1988,Calgary,Canada,Winter,Freestyle Skiing,Freestyle Skiing Individual,Gold
321,Steven Baker,M,34,ZIM,Zimbabwe,Africa,2012,London,Great Britain,Summer,Basketball,Basketball,Silver
322,Lars Miller,M,41,RSA,South Africa,Africa,2002,Salt Lake City,USA,Winter,Curling,Curling Super-G,Bronze
323,Lisa Rodriguez,F,23,FRA,France,Europe,2010,Vancouver,Canada,Winter,Bobsled,Bobsled Individual,Bronze
324,Mark Hernandez,M,36,JAM,Jamaica,North America,2014,Sochi,Russia,Winter,Snowboard,Snowboard Downhill,Silver
325,Katarina Nelson,F,21,RSA,South Africa,Africa,1936,Garmisch,Germany,Winter,Bobsled,Bobsled Giant Slalom,Bronze
326,Mark Taylor,M,18,CUB,Cuba,North America,1964,Innsbruck,Austria,Winter,Biathlon,Biathlon Mass Start,Silver
327,Anna Miller,F,27,RSA,South Africa,Africa,2006,Turin,Italy,Winter,Ski Jumping,Ski Jumping Sprint,Gold
328,Robert Thomas,M,20,KEN,Kenya,Africa,1956,Melbourne,Australia,Summer,Tennis,Doubles,Silver
329,Sarah Miller,F,19,ARG,Argentina,South America,1972,Sapporo,Japan,Winter,Curling,Curling Giant Slalom,Silver
330,Claire Allen,F,16,JAM,Jamaica,North America,1988,Seoul,South Korea,Summer,Gymnastics,Uneven Bars,Silver
331,Yuki Anderson,M,37,CUB,Cuba,North America,2014,Sochi,Russia,Winter,Biathlon,Biathlon Giant Slalom,Gold
332,Mark Allen,M,29,GER,Germany,Europe,1952,Helsinki,Finland,Summer,Judo,90kg,Silver
333,Chiara Lopez,F,23,ESP,Spain,Europe,1976,Innsbruck,Austria,Winter,Ski Jumping,Ski Jumping Team,Bronze
334,Michael Hall,M,25,FRA,France,Europe,1994,Lillehammer,Norway,Winter,Figure Skating,Figure Skating Slalom,Silver
335,Lucia Carter,F,26,UKR,Ukraine,Europe,2022,Beijing,China,Winter,Snowboard,Snowboard Downhill,Gold
336,Carlos Thomas,M,31,UZB,Uzbekistan,Asia,1956,Melbourne,Australia,Summer,Fencing,Epee Team,Silver
337,Yuki Garcia,M,26,ROM,Romania,Europe,1956,Cortina,Italy,Winter,Speed Skating,Speed Skating Slalom,Silver
338,Diego Adams,M,37,POL,Poland,Europe,1964,Tokyo,Japan,Summer,Weightlifting,53kg,Gold
339,Claire Jones,F,41,NOR,Norway,Europe,2008,Beijing,China,Summer,Tennis,Mixed Doubles,Silver
340,Fatima Taylor,F,23,AUT,Austria,Europe,2002,Salt Lake City,USA,Winter,Skeleton,Skeleton Sprint,Bronze
341,Ingrid Green,F,34,FIN,Finland,Europe,1972,Munich,Germany,Summer,Basketball,Basketball,Bronze
342,Diego Martin,M,19,ESP,Spain,Europe,2004,Athens,Greece,Summer,Football,Football,Bronze
343,Darius Hall,M,34,POR,Portugal,Europe,2000,Sydney,Australia,Summer,Volleyball,Volleyball,Silver
344,Steven Hill,M,24,USA,United States,North America,2016,Rio de Janeiro,Brazil,Summer,Football,Football,Bronze
345,Sofia Nelson,F,28,FIN,Finland,Europe,1984,Los Angeles,USA,Summer,Archery,Team Recurve,Bronze
346,Claire Allen,F,19,CHN,China,Asia,1980,Lake Placid,USA,Winter,Ice Hockey,Ice Hockey Super-G,Gold
347,Hans Lewis,M,32,RUS,Russia,Europe,1924,Paris,France,Summer,Wrestling,Freestyle 125kg,Silver
348,Lisa Robinson,F,26,UZB,Uzbekistan,Asia,1920,Antwerp,Belgium,Summer,Tennis,Mixed Doubles,Gold
349,Anna Anderson,F,36,CHN,China,Asia,2018,PyeongChang,South Korea,Winter,Nordic Combined,Nordic Combined Team,Bronze
350,Alexei Young,M,26,CZE,Czech Republic,Europe,1948,London,Great Britain,Summer,Table Tennis,Singles,Silver
351,Darius Young,M,21,AUT,Austria,Europe,1936,Garmisch,Germany,Winter,Ski Jumping,Ski Jumping Downhill,Silver
352,Sarah White,F,28,FIN,Finland,Europe,1900,Paris,France,Summer,Canoe,Canoe Sprint,Gold
353,Carlos Jackson,M,27,JPN,Japan,Asia,1952,Helsinki,Finland,Summer,Gymnastics,Uneven Bars,Silver
354,Ingrid Mitchell,F,35,MEX,Mexico,North America,1924,Paris,France,Summer,Shooting,Double Trap,Silver
355,Lars Robinson,M,37,KOR,South Korea,Asia,1992,Barcelona,Spain,Summer,Weightlifting,94kg,Bronze
356,Elena Lee,F,19,USA,United States,North America,1992,Barcelona,Spain,Summer,Gymnastics,Rhythmic Gymnastics,Bronze
357,Yuki Young,M,34,BEL,Belgium,Europe,1928,Amsterdam,Netherlands,Summer,Table Tennis,Team,Gold
358,Chris Moore,M,31,CZE,Czech Republic,Europe,1980,Moscow,Russia,Summer,Archery,Team Recurve,Gold
359,Michael Lopez,M,27,GRE,Greece,Europe,1956,Cortina,Italy,Winter,Cross-Country Skiing,Cross-Country Skiing Slalom,Gold
360,Katarina Lopez,F,29,CZE,Czech Republic,Europe,1932,Lake Placid,USA,Winter,Cross-Country Skiing,Cross-Country Skiing Downhill,Silver
361,Mohammed Smith,M,18,NGR,Nigeria,Africa,2006,Turin,Italy,Winter,Cross-Country Skiing,Cross-Country Skiing Slalom,Gold
362,Isabella King,F,21,SWE,Sweden,Europe,1952,Oslo,Norway,Winter,Skiing,Skiing Mass Start,Bronze
363,John Garcia,M,34,CZE,Czech Republic,Europe,2010,Vancouver,Canada,Winter,Ski Jumping,Ski Jumping Slalom,Bronze
364,John Martin,M,29,FIN,Finland,Europe,2020,Tokyo,Japan,Summer,Volleyball,Volleyball,Silver
365,John Martin,M,30,POL,Poland,Europe,1904,St. Louis,USA,Summer,Tennis,Doubles,Gold
366,Lauren Moore,F,21,KAZ,Kazakhstan,Asia,2018,PyeongChang,South Korea,Winter,Nordic Combined,Nordic Combined Super-G,Gold
367,Fatima Carter,F,33,ROM,Romania,Europe,2020,Tokyo,Japan,Summer,Rowing,Single Sculls,Bronze
368,Katarina Davis,F,32,ETH,Ethiopia,Africa,1928,St. Moritz,Switzerland,Winter,Bobsled,Bobsled Mass Start,Gold
369,David Martin,M,38,KEN,Kenya,Africa,2012,London,Great Britain,Summer,Football,Football,Gold
370,Maria Baker,F,31,AZE,Azerbaijan,Europe,2006,Turin,Italy,Winter,Bobsled,Bobsled Pursuit,Bronze
371,Diego Miller,M,36,FIN,Finland,Europe,1952,Helsinki,Finland,Summer,Football,Football,Silver
372,Mei Clark,F,30,UZB,Uzbekistan,Asia,1980,Lake Placid,USA,Winter,Nordic Combined,Nordic Combined Mass Start,Bronze
373,Rebecca Hall,F,18,AUT,Austria,Europe,1896,Athens,Greece,Summer,Gymnastics,Trampoline,Gold
374,Nina Adams,F,25,KEN,Kenya,Africa,1972,Munich,Germany,Summer,Rowing,Lightweight Four,Bronze
375,John King,M,17,UKR,Ukraine,Europe,1924,Chamonix,France,Winter,Snowboard,Snowboard Slalom,Gold
376,David Robinson,M,38,DEN,Denmark,Europe,1924,Paris,France,Summer,Boxing,81kg,Gold
377,Yuki Robinson,M,17,USA,United States,North America,1952,Helsinki,Finland,Summer,Gymnastics,Rhythmic Gymnastics,Bronze
378,John Johnson,M,38,POR,Portugal,Europe,2004,Athens,Greece,Summer,Cycling,Mountain Bike,Gold
379,Sven Hernandez,M,32,SVK,Slovakia,Europe,1976,Innsbruck,Austria,Winter,Biathlon,Biathlon Sprint,Gold
380,Robert Harris,M,31,DEN,Denmark,Europe,1896,Athens,Greece,Summer,Fencing,Foil Individual,Silver
381,Diego Moore,M,28,IRN,Iran,Asia,1912,Stockholm,Sweden,Summer,Weightlifting,62kg,Bronze
382,Darius Anderson,M,35,MEX,Mexico,North America,2002,Salt Lake City,USA,Winter,Ice Hockey,Ice Hockey Team,Silver
383,Kwame Hernandez,M,29,AUT,Austria,Europe,1960,Squaw Valley,USA,Winter,Nordic Combined,Nordic Combined Pursuit,Gold
384,Lucia Clark,F,27,SVK,Slovakia,Europe,1912,Stockholm,Sweden,Summer,Weightlifting,69kg,Gold
385,Ingeborg Smith,F,40,CUB,Cuba,North America,1948,London,Great Britain,Summer,Shooting,10m Air Pistol,Bronze
386,Emma Martin,F,36,NZL,New Zealand,Oceania,1956,Melbourne,Australia,Summer,Rowing,Pair,Silver
387,Michael Lee,M,32,NGR,Nigeria,Africa,1964,Innsbruck,Austria,Winter,Biathlon,Biathlon Pursuit,Silver
388,Hans Jones,M,40,ESP,Spain,Europe,1924,Chamonix,France,Winter,Luge,Luge Downhill,Gold
389,Yuki Hill,M,41,USA,United States,North America,1992,Barcelona,Spain,Summer,Gymnastics,Floor Exercise,Silver
390,Svetlana Green,F,18,DEN,Denmark,Europe,1996,Atlanta,USA,Summer,Table Tennis,Team,Bronze
391,Aisha White,F,18,AUS,Australia,Oceania,1994,Lillehammer,Norway,Winter,Ice Hockey,Ice Hockey Mass Start,Gold
392,Lars Young,M,25,SVK,Slovakia,Europe,1984,Sarajevo,Yugoslavia,Winter,Bobsled,Bobsled Downhill,Bronze
393,John King,M,29,CUB,Cuba,North America,2024,Paris,France,Summer,Cycling,Road Race,Bronze
394,Michael Moore,M,19,COL,Colombia,South America,1992,Albertville,France,Winter,Skiing,Skiing Mass Start,Bronze
395,Olga Moore,F,21,MEX,Mexico,North America,1896,Athens,Greece,Summer,Boxing,81kg,Bronze
396,Ahmed Garcia,M,26,ITA,Italy,Europe,2014,Sochi,Russia,Winter,Cross-Country Skiing,Cross-Country Skiing Mass Start,Bronze
397,Olga Brown,F,32,NGR,Nigeria,Africa,1908,London,Great Britain,Summer,Shooting,10m Air Pistol,Silver
398,Sven Wilson,M,34,KOR,South Korea,Asia,2024,Paris,France,Summer,Taekwondo,68kg,Gold
399,James Wright,M,23,GBR,Great Britain,Europe,2010,Vancouver,Canada,Winter,Curling,Curling Individual,Silver
400,Nina Martin,F,23,GBR,Great Britain,Europe,1964,Innsbruck,Austria,Winter,Ice Hockey,Ice Hockey Sprint,Silver
401,Aisha Brown,F,19,GER,Germany,Europe,2008,Beijing,China,Summer,Fencing,Sabre Individual,Gold
402,Sofia Martinez,F,18,GBR,Great Britain,Europe,1936,Garmisch,Germany,Winter,Ski Jumping,Ski Jumping Giant Slalom,Silver
403,Peter Martinez,M,27,SUI,Switzerland,Europe,1956,Cortina,Italy,Winter,Biathlon,Biathlon Giant Slalom,Bronze
404,Mei Jackson,F,34,SUI,Switzerland,Europe,2016,Rio de Janeiro,Brazil,Summer,Judo,70kg,Bronze
405,Michael Harris,M,29,KOR,South Korea,Asia,1984,Sarajevo,Yugoslavia,Winter,Ski Jumping,Ski Jumping Pursuit,Bronze
406,Sven Walker,M,40,UKR,Ukraine,Europe,1960,Squaw Valley,USA,Winter,Freestyle Skiing,Freestyle Skiing Individual,Bronze
407,Emma Taylor,F,31,BRA,Brazil,South America,2008,Beijing,China,Summer,Judo,66kg,Bronze
408,Olga King,F,38,MEX,Mexico,North America,1952,Helsinki,Finland,Summer,Gymnastics,Floor Exercise,Bronze
409,Jessica Baker,F,18,AUT,Austria,Europe,1912,Stockholm,Sweden,Summer,Taekwondo,58kg,Gold
410,Chiara Clark,F,38,JPN,Japan,Asia,1972,Munich,Germany,Summer,Wrestling,Freestyle 86kg,Silver
411,Diego Nelson,M,20,GER,Germany,Europe,1972,Sapporo,Japan,Winter,Speed Skating,Speed Skating Pursuit,Gold
412,Rebecca Lewis,F,19,JAM,Jamaica,North America,1928,Amsterdam,Netherlands,Summer,Weightlifting,69kg,Gold
413,Thomas Robinson,M,18,BRA,Brazil,South America,1972,Sapporo,Japan,Winter,Speed Skating,Speed Skating Slalom,Bronze
414,Lisa Martin,F,20,NOR,Norway,Europe,2004,Athens,Greece,Summer,Canoe,Canoe Sprint,Silver
415,Elena Smith,F,24,AZE,Azerbaijan,Europe,1968,Mexico City,Mexico,Summer,Table Tennis,Singles,Silver
416,Pierre Davis,M,19,CZE,Czech Republic,Europe,2024,Paris,France,Summer,Tennis,Mixed Doubles,Gold
417,Yuki Lee,M,22,SWE,Sweden,Europe,1924,Paris,France,Summer,Athletics,200m,Bronze
418,Peter Hernandez,M,18,GER,Germany,Europe,1996,Atlanta,USA,Summer,Gymnastics,Uneven Bars,Gold
419,Elena Baker,F,17,GBR,Great Britain,Europe,1912,Stockholm,Sweden,Summer,Fencing,Foil Individual,Silver
420,Lucia Thomas,F,37,CHN,China,Asia,2020,Tokyo,Japan,Summer,Basketball,3x3 Basketball,Silver
421,Kwame Mitchell,M,35,KAZ,Kazakhstan,Asia,1936,Berlin,Germany,Summer,Boxing,64kg,Gold
422,Lisa Garcia,F,17,BEL,Belgium,Europe,1998,Nagano,Japan,Winter,Speed Skating,Speed Skating Slalom,Silver
423,Alexei Smith,M,36,POR,Portugal,Europe,1924,Chamonix,France,Winter,Luge,Luge Pursuit,Silver
424,Jessica Hill,F,27,IRN,Iran,Asia,2016,Rio de Janeiro,Brazil,Summer,Volleyball,Beach Volleyball,Silver
425,Yuna Smith,F,35,CHN,China,Asia,1964,Innsbruck,Austria,Winter,Speed Skating,Speed Skating Sprint,Silver
426,John Martin,M,21,POL,Poland,Europe,1906,Athens,Greece,Summer,Badminton,Mixed Doubles,Bronze
427,Yuki Lewis,M,34,RUS,Russia,Europe,1948,London,Great Britain,Summer,Shooting,Skeet,Gold
428,Sarah Lewis,F,34,UZB,Uzbekistan,Asia,1932,Los Angeles,USA,Summer,Cycling,Omnium,Bronze
429,Mei Williams,F,21,NGR,Nigeria,Africa,1988,Calgary,Canada,Winter,Ice Hockey,Ice Hockey Pursuit,Gold
430,Nina Mitchell,F,16,CHN,China,Asia,1906,Athens,Greece,Summer,Cycling,Keirin,Gold
431,Carlos Brown,M,41,KAZ,Kazakhstan,Asia,2018,PyeongChang,South Korea,Winter,Ice Hockey,Ice Hockey Super-G,Gold
432,Olga Hall,F,18,MEX,Mexico,North America,1928,Amsterdam,Netherlands,Summer,Taekwondo,68kg,Bronze
433,Marco Young,M,21,JAM,Jamaica,North America,1920,Antwerp,Belgium,Summer,Fencing,Sabre Individual,Bronze
434,Katarina Nelson,F,23,KAZ,Kazakhstan,Asia,1980,Moscow,Russia,Summer,Fencing,Epee Individual,Gold
435,Michael Baker,M,39,JPN,Japan,Asia,1964,Innsbruck,Austria,Winter,Speed Skating,Speed Skating Mass Start,Silver
436,Mohammed Davis,M,36,KOR,South Korea,Asia,2024,Paris,France,Summer,Taekwondo,49kg,Silver
437,Carlos Anderson,M,27,GER,Germany,Europe,1928,Amsterdam,Netherlands,Summer,Fencing,Sabre Team,Bronze
438,Yuna Jones,F,22,USA,United States,North America,1912,Stockholm,Sweden,Summer,Fencing,Foil Team,Silver
439,Pierre Allen,M,28,USA,United States,North America,1948,St. Moritz,Switzerland,Winter,Ski Jumping,Ski Jumping Team,Gold
440,Mei Baker,F,19,POL,Poland,Europe,1968,Grenoble,France,Winter,Skeleton,Skeleton Downhill,Bronze
441,James Martinez,M,41,FIN,Finland,Europe,2012,London,Great Britain,Summer,Cycling,Sprint,Gold
442,Ingrid Anderson,F,21,GER,Germany,Europe,1956,Cortina,Italy,Winter,Speed Skating,Speed Skating Team,Bronze
443,Sarah Young,F,38,UKR,Ukraine,Europe,1908,London,Great Britain,Summer,Archery,Individual Recurve,Bronze
444,Carlos White,M,19,CAN,Canada,North America,1928,St. Moritz,Switzerland,Winter,Snowboard,Snowboard Downhill,Gold
445,Claire Robinson,F,37,IRN,Iran,Asia,1968,Grenoble,France,Winter,Nordic Combined,Nordic Combined Giant Slalom,Gold
446,Wei Johnson,M,17,NGR,Nigeria,Africa,1920,Antwerp,Belgium,Summer,Swimming,200m Individual Medley,Silver
447,Anna Smith,F,22,TUR,Turkey,Asia,1912,Stockholm,Sweden,Summer,Judo,+78kg,Gold
448,Claire Hall,F,19,AUS,Australia,Oceania,1928,St. Moritz,Switzerland,Winter,Freestyle Skiing,Freestyle Skiing Mass Start,Silver
449,Olga Walker,F,21,POR,Portugal,Europe,1980,Moscow,Russia,Summer,Shooting,10m Air Pistol,Silver
450,Fatima Harris,F,30,BRA,Brazil,South America,1932,Los Angeles,USA,Summer,Tennis,Singles,Silver
451,Sven Lewis,M,18,UZB,Uzbekistan,Asia,1988,Calgary,Canada,Winter,Skiing,Skiing Sprint,Bronze
452,Ivan Allen,M,28,CZE,Czech Republic,Europe,1968,Grenoble,France,Winter,Ski Jumping,Ski Jumping Pursuit,Bronze
453,Chris Miller,M,31,ROM,Romania,Europe,2002,Salt Lake City,USA,Winter,Cross-Country Skiing,Cross-Country Skiing Slalom,Silver
454,Diego Hernandez,M,19,MEX,Mexico,North America,2024,Paris,France,Summer,Swimming,4x100m Medley Relay,Gold
455,Robert Young,M,29,JPN,Japan,Asia,1928,St. Moritz,Switzerland,Winter,Figure Skating,Figure Skating Pursuit,Gold
456,Yuki Adams,M,18,KAZ,Kazakhstan,Asia,2020,Tokyo,Japan,Summer,Wrestling,Greco-Roman 97kg,Silver
457,Ingeborg Mitchell,F,16,MEX,Mexico,North America,1988,Seoul,South Korea,Summer,Fencing,Sabre Individual,Bronze
458,Mohammed Nelson,M,20,BEL,Belgium,Europe,1984,Los Angeles,USA,Summer,Football,Football,Bronze
459,Olga Allen,F,33,FRA,France,Europe,2012,London,Great Britain,Summer,Weightlifting,62kg,Silver
460,Elena Garcia,F,17,ROM,Romania,Europe,1964,Innsbruck,Austria,Winter,Freestyle Skiing,Freestyle Skiing Slalom,Silver
461,Ingeborg Martin,F,26,GBR,Great Britain,Europe,1928,Amsterdam,Netherlands,Summer,Canoe,Canoe Slalom,Gold
462,Chris Robinson,M,26,ESP,Spain,Europe,2010,Vancouver,Canada,Winter,Skeleton,Skeleton Mass Start,Silver
463,Marco Hernandez,M,25,SWE,Sweden,Europe,2022,Beijing,China,Winter,Skeleton,Skeleton Team,Silver
464,Lucia Lopez,F,22,HUN,Hungary,Europe,1952,Helsinki,Finland,Summer,Football,Football,Bronze
465,Aisha Hall,F,38,GER,Germany,Europe,1964,Tokyo,Japan,Summer,Swimming,4x100m Medley Relay,Gold
466,Peter Jackson,M,21,ROM,Romania,Europe,2014,Sochi,Russia,Winter,Cross-Country Skiing,Cross-Country Skiing Giant Slalom,Gold
467,Wei King,M,24,USA,United States,North America,1948,London,Great Britain,Summer,Swimming,4x100m Freestyle Relay,Bronze
468,Mei Nelson,F,21,KOR,South Korea,Asia,1968,Mexico City,Mexico,Summer,Weightlifting,58kg,Bronze
469,Michael Walker,M,25,BRA,Brazil,South America,1960,Squaw Valley,USA,Winter,Bobsled,Bobsled Sprint,Gold
470,Peter Garcia,M,37,SWE,Sweden,Europe,1928,St. Moritz,Switzerland,Winter,Cross-Country Skiing,Cross-Country Skiing Pursuit,Bronze
471,David Thomas,M,31,AZE,Azerbaijan,Europe,1968,Grenoble,France,Winter,Curling,Curling Individual,Bronze
472,Ingeborg Garcia,F,38,BRA,Brazil,South America,2018,PyeongChang,South Korea,Winter,Skiing,Skiing Pursuit,Silver
473,Sofia Robinson,F,22,SUI,Switzerland,Europe,1964,Innsbruck,Austria,Winter,Cross-Country Skiing,Cross-Country Skiing Super-G,Bronze
474,Ivan Lee,M,16,SVK,Slovakia,Europe,1984,Los Angeles,USA,Summer,Canoe,Canoe Slalom,Bronze
475,Robert Rodriguez,M,31,ZIM,Zimbabwe,Africa,1998,Nagano,Japan,Winter,Snowboard,Snowboard Mass Start,Silver
476,Maria Scott,F,22,BRA,Brazil,South America,1996,Atlanta,USA,Summer,Fencing,Sabre Individual,Gold
477,Maria Smith,F,37,COL,Colombia,South America,1906,Athens,Greece,Summer,Canoe,Canoe Slalom,Bronze
478,Emma Nelson,F,39,NZL,New Zealand,Oceania,1980,Moscow,Russia,Summer,Judo,90kg,Bronze
479,Alexei Wright,M,37,UKR,Ukraine,Europe,1988,Calgary,Canada,Winter,Cross-Country Skiing,Cross-Country Skiing Pursuit,Bronze
480,John Wright,M,25,CAN,Canada,North America,1960,Squaw Valley,USA,Winter,Curling,Curling Mass Start,Gold
481,Lisa Harris,F,36,NED,Netherlands,Europe,2010,Vancouver,Canada,Winter,Speed Skating,Speed Skating Giant Slalom,Silver
482,Fatima Nelson,F,27,BEL,Belgium,Europe,1936,Garmisch,Germany,Winter,Nordic Combined,Nordic Combined Mass Start,Silver
483,Peter Hill,M,31,RUS,Russia,Europe,1976,Montreal,Canada,Summer,Weightlifting,+105kg,Gold
484,Maria Moore,F,17,ZIM,Zimbabwe,Africa,2002,Salt Lake City,USA,Winter,Luge,Luge Giant Slalom,Gold
485,Elena Miller,F,38,KOR,South Korea,Asia,1960,Rome,Italy,Summer,Football,Football,Silver
486,Kim Anderson,F,24,USA,United States,North America,1960,Rome,Italy,Summer,Boxing,69kg,Bronze
487,Ahmed Young,M,35,AUS,Australia,Oceania,2012,London,Great Britain,Summer,Boxing,81kg,Silver
488,Peter Lee,M,33,USA,United States,North America,1972,Munich,Germany,Summer,Badminton,Doubles,Gold
489,Michael Martin,M,37,HUN,Hungary,Europe,1956,Cortina,Italy,Winter,Ski Jumping,Ski Jumping Giant Slalom,Gold
490,Ivan Nelson,M,28,JPN,Japan,Asia,2004,Athens,Greece,Summer,Volleyball,Beach Volleyball,Silver
491,Chiara Scott,F,30,ZIM,Zimbabwe,Africa,1928,St. Moritz,Switzerland,Winter,Biathlon,Biathlon Individual,Bronze
492,Hans Lewis,M,26,AZE,Azerbaijan,Europe,1984,Los Angeles,USA,Summer,Fencing,Foil Team,Gold
493,Marco Moore,M,23,CHN,China,Asia,1928,St. Moritz,Switzerland,Winter,Ski Jumping,Ski Jumping Downhill,Gold
494,Svetlana Williams,F,38,ITA,Italy,Europe,2008,Beijing,China,Summer,Athletics,Javelin Throw,Silver
495,James Davis,M,35,GRE,Greece,Europe,1996,Atlanta,USA,Summer,Shooting,Skeet,Bronze
496,Pierre Walker,M,29,UZB,Uzbekistan,Asia,2022,Beijing,China,Winter,Skiing,Skiing Individual,Gold
497,Lars Johnson,M,22,UZB,Uzbekistan,Asia,1988,Seoul,South Korea,Summer,Shooting,Double Trap,Silver
498,Lauren Moore,F,35,COL,Colombia,South America,1968,Grenoble,France,Winter,Freestyle Skiing,Freestyle Skiing Team,Silver
499,John Davis,M,25,GRE,Greece,Europe,2022,Beijing,China,Winter,Biathlon,Biathlon Giant Slalom,Silver
500,Lars Allen,M,27,BRA,Brazil,South America,1932,Lake Placid,USA,Winter,Snowboard,Snowboard Pursuit,Silver
501,Hans Rodriguez,M,38,NGR,Nigeria,Africa,1928,St. Moritz,Switzerland,Winter,Skiing,Skiing Giant Slalom,Gold
502,Lisa Hill,F,20,USA,United States,North America,1896,Athens,Greece,Summer,Athletics,4x100m Relay,Gold
503,Sofia Brown,F,24,SUI,Switzerland,Europe,2008,Beijing,China,Summer,Weightlifting,85kg,Gold
504,Chiara Wilson,F,29,ESP,Spain,Europe,2020,Tokyo,Japan,Summer,Boxing,49kg,Gold
505,Wei Hernandez,M,26,COL,Colombia,South America,2024,Paris,France,Summer,Swimming,50m Freestyle,Bronze
506,Yuki King,M,28,NED,Netherlands,Europe,1952,Helsinki,Finland,Summer,Gymnastics,Horizontal Bar,Silver
507,David Brown,M,19,BEL,Belgium,Europe,2022,Beijing,China,Winter,Luge,Luge Slalom,Gold
508,Lauren Walker,F,21,ROM,Romania,Europe,1920,Antwerp,Belgium,Summer,Football,Football,Silver
509,Lucia Hernandez,F,19,IND,India,Asia,1994,Lillehammer,Norway,Winter,Skiing,Skiing Sprint,Gold
510,Carlos Scott,M,37,USA,United States,North America,1908,London,Great Britain,Summer,Shooting,25m Rapid Fire Pistol,Bronze
511,Wei Walker,M,31,DEN,Denmark,Europe,2004,Athens,Greece,Summer,Canoe,Canoe Sprint,Gold
512,Darius Anderson,M,16,GRE,Greece,Europe,2022,Beijing,China,Winter,Cross-Country Skiing,Cross-Country Skiing Giant Slalom,Bronze
513,Hans Clark,M,40,CAN,Canada,North America,2024,Paris,France,Summer,Badminton,Doubles,Gold
514,Darius Walker,M,33,ARG,Argentina,South America,1960,Rome,Italy,Summer,Shooting,10m Air Rifle,Silver
515,Jessica Hernandez,F,41,SUI,Switzerland,Europe,2020,Tokyo,Japan,Summer,Cycling,Time Trial,Gold
516,Marco Smith,M,31,JAM,Jamaica,North America,2024,Paris,France,Summer,Badminton,Doubles,Gold
517,Kwame Mitchell,M,18,CZE,Czech Republic,Europe,1968,Mexico City,Mexico,Summer,Football,Football,Bronze
518,Olga Brown,F,26,POR,Portugal,Europe,1956,Melbourne,Australia,Summer,Table Tennis,Singles,Gold
519,Katarina Lee,F,38,CZE,Czech Republic,Europe,2024,Paris,France,Summer,Tennis,Doubles,Bronze
520,Carlos Lewis,M,16,COL,Colombia,South America,1972,Sapporo,Japan,Winter,Biathlon,Biathlon Team,Bronze
521,Anna Williams,F,38,MEX,Mexico,North America,2018,PyeongChang,South Korea,Winter,Speed Skating,Speed Skating Giant Slalom,Gold
522,Yuki White,M,19,IRN,Iran,Asia,1980,Moscow,Russia,Summer,Wrestling,Greco-Roman 60kg,Silver
523,Svetlana Nelson,F,17,FRA,France,Europe,2020,Tokyo,Japan,Summer,Rowing,Eight,Gold
524,Michael Scott,M,31,COL,Colombia,South America,2014,Sochi,Russia,Winter,Skeleton,Skeleton Slalom,Bronze
525,Isabella Thomas,F,32,SVK,Slovakia,Europe,1906,Athens,Greece,Summer,Archery,Team Compound,Bronze
526,Ingrid Allen,F,32,RUS,Russia,Europe,1992,Barcelona,Spain,Summer,Boxing,56kg,Bronze
527,Sofia Moore,F,25,NZL,New Zealand,Oceania,2004,Athens,Greece,Summer,Cycling,Team Sprint,Gold
528,Chiara Adams,F,38,ZIM,Zimbabwe,Africa,1968,Grenoble,France,Winter,Snowboard,Snowboard Giant Slalom,Bronze
529,Olga Moore,F,37,GRE,Greece,Europe,1936,Berlin,Germany,Summer,Rowing,Pair,Bronze
530,Anna Lewis,F,38,IRN,Iran,Asia,1998,Nagano,Japan,Winter,Ice Hockey,Ice Hockey Giant Slalom,Bronze
531,Sarah Scott,F,29,AZE,Azerbaijan,Europe,1976,Innsbruck,Austria,Winter,Snowboard,Snowboard Downhill,Gold
532,Mark Anderson,M,22,RUS,Russia,Europe,1900,Paris,France,Summer,Basketball,Basketball,Silver
533,Isabella Green,F,22,RUS,Russia,Europe,2002,Salt Lake City,USA,Winter,Speed Skating,Speed Skating Sprint,Gold
534,Darius Adams,M,39,FRA,France,Europe,1960,Squaw Valley,USA,Winter,Cross-Country Skiing,Cross-Country Skiing Slalom,Silver
535,Yuki Allen,M,28,UZB,Uzbekistan,Asia,1948,London,Great Britain,Summer,Table Tennis,Team,Bronze
536,Lauren Hernandez,F,22,USA,United States,North America,1956,Cortina,Italy,Winter,Curling,Curling Individual,Gold
537,Elena Jones,F,30,HUN,Hungary,Europe,1996,Atlanta,USA,Summer,Volleyball,Volleyball,Gold
538,Mark Adams,M,29,RSA,South Africa,Africa,1932,Los Angeles,USA,Summer,Table Tennis,Singles,Silver
539,Ingeborg Taylor,F,30,USA,United States,North America,1924,Chamonix,France,Winter,Ice Hockey,Ice Hockey Mass Start,Gold
540,Jessica Adams,F,31,RUS,Russia,Europe,1928,Amsterdam,Netherlands,Summer,Fencing,Epee Team,Silver
541,Robert Hill,M,32,SWE,Sweden,Europe,1908,London,Great Britain,Summer,Fencing,Epee Team,Gold
542,Steven White,M,27,NZL,New Zealand,Oceania,1968,Grenoble,France,Winter,Curling,Curling Giant Slalom,Bronze
543,Kwame Scott,M,40,ETH,Ethiopia,Africa,1960,Rome,Italy,Summer,Fencing,Sabre Individual,Silver
544,Kwame Mitchell,M,36,FIN,Finland,Europe,1988,Seoul,South Korea,Summer,Athletics,800m,Gold
545,Rebecca Martinez,F,24,ITA,Italy,Europe,1904,St. Louis,USA,Summer,Fencing,Foil Team,Gold
546,Darius Jackson,M,25,NGR,Nigeria,Africa,1984,Los Angeles,USA,Summer,Volleyball,Beach Volleyball,Silver
547,Robert White,M,36,CAN,Canada,North America,1980,Lake Placid,USA,Winter,Biathlon,Biathlon Team,Bronze
548,Lars Young,M,33,FRA,France,Europe,1996,Atlanta,USA,Summer,Rowing,Lightweight Double Sculls,Bronze
549,Nina Williams,F,38,CHN,China,Asia,2020,Tokyo,Japan,Summer,Gymnastics,Trampoline,Gold
550,Steven Thompson,M,34,CZE,Czech Republic,Europe,1908,London,Great Britain,Summer,Swimming,1500m Freestyle,Silver
551,Ingrid Wilson,F,16,DEN,Denmark,Europe,1964,Innsbruck,Austria,Winter,Skeleton,Skeleton Downhill,Bronze
552,Robert Lewis,M,38,SVK,Slovakia,Europe,1896,Athens,Greece,Summer,Canoe,Canoe Sprint,Bronze
553,Diego Hernandez,M,25,TUR,Turkey,Asia,1920,Antwerp,Belgium,Summer,Judo,78kg,Silver
554,Rebecca Martinez,F,41,USA,United States,North America,1968,Mexico City,Mexico,Summer,Athletics,Shot Put,Bronze
555,Rebecca Adams,F,16,POR,Portugal,Europe,1928,Amsterdam,Netherlands,Summer,Judo,63kg,Gold
556,Peter Lewis,M,25,NZL,New Zealand,Oceania,1924,Paris,France,Summer,Swimming,50m Freestyle,Gold
557,Steven Mitchell,M,21,KOR,South Korea,Asia,1968,Grenoble,France,Winter,Freestyle Skiing,Freestyle Skiing Giant Slalom,Silver
558,Alexei King,M,40,COL,Colombia,South America,1932,Lake Placid,USA,Winter,Biathlon,Biathlon Sprint,Bronze
559,Marco Nelson,M,22,BRA,Brazil,South America,1988,Seoul,South Korea,Summer,Gymnastics,Parallel Bars,Silver
560,Chris Mitchell,M,19,COL,Colombia,South America,1960,Rome,Italy,Summer,Volleyball,Volleyball,Gold
561,Katarina Robinson,F,35,FIN,Finland,Europe,1932,Lake Placid,USA,Winter,Bobsled,Bobsled Slalom,Bronze
562,Sarah Clark,F,21,JAM,Jamaica,North America,1992,Barcelona,Spain,Summer,Wrestling,Greco-Roman 97kg,Gold
563,Katarina Rodriguez,F,20,KEN,Kenya,Africa,2016,Rio de Janeiro,Brazil,Summer,Cycling,Mountain Bike,Silver
564,Anna Thomas,F,33,ZIM,Zimbabwe,Africa,1976,Montreal,Canada,Summer,Tennis,Doubles,Bronze
565,Marco Jones,M,24,JPN,Japan,Asia,1992,Albertville,France,Winter,Biathlon,Biathlon Mass Start,Bronze
566,Jessica White,F,40,SVK,Slovakia,Europe,1908,London,Great Britain,Summer,Athletics,Discus Throw,Gold
567,Isabella Taylor,F,36,IRN,Iran,Asia,1988,Seoul,South Korea,Summer,Shooting,Skeet,Silver
568,Aisha Miller,F,32,JPN,Japan,Asia,1968,Mexico City,Mexico,Summer,Cycling,Team Sprint,Silver
569,Kwame Anderson,M,41,COL,Colombia,South America,1964,Tokyo,Japan,Summer,Table Tennis,Singles,Bronze
570,Marco Wright,M,39,NED,Netherlands,Europe,1924,Chamonix,France,Winter,Skeleton,Skeleton Sprint,Silver
571,Wei Harris,M,24,SWE,Sweden,Europe,1904,St. Louis,USA,Summer,Cycling,BMX Racing,Gold
572,Emma Williams,F,30,RSA,South Africa,Africa,2000,Sydney,Australia,Summer,Rowing,Eight,Bronze
573,Fatima Nelson,F,39,AUT,Austria,Europe,1956,Cortina,Italy,Winter,Biathlon,Biathlon Giant Slalom,Bronze
574,Jessica Jones,F,27,POR,Portugal,Europe,1988,Calgary,Canada,Winter,Ice Hockey,Ice Hockey Downhill,Bronze
575,Olga Lopez,F,27,MEX,Mexico,North America,1948,St. Moritz,Switzerland,Winter,Luge,Luge Pursuit,Silver
576,Yuna Jones,F,21,JPN,Japan,Asia,1992,Albertville,France,Winter,Skiing,Skiing Giant Slalom,Bronze
577,Wei Carter,M,21,KOR,South Korea,Asia,1998,Nagano,Japan,Winter,Speed Skating,Speed Skating Pursuit,Bronze
578,Sven Wright,M,31,IRN,Iran,Asia,2020,Tokyo,Japan,Summer,Weightlifting,58kg,Silver
579,James Moore,M,23,BEL,Belgium,Europe,1936,Berlin,Germany,Summer,Taekwondo,68kg,Bronze
580,Thomas Thompson,M,17,GBR,Great Britain,Europe,1992,Barcelona,Spain,Summer,Boxing,56kg,Gold
581,Kim Hernandez,F,18,COL,Colombia,South America,1984,Los Angeles,USA,Summer,Basketball,Basketball,Bronze
582,Kwame Taylor,M,29,CAN,Canada,North America,1976,Innsbruck,Austria,Winter,Cross-Country Skiing,Cross-Country Skiing Slalom,Bronze
583,Sven Rodriguez,M,39,BRA,Brazil,South America,2020,Tokyo,Japan,Summer,Boxing,+91kg,Silver
584,Maria Davis,F,28,SWE,Sweden,Europe,1992,Albertville,France,Winter,Snowboard,Snowboard Team,Gold
585,Lauren Davis,F,20,AZE,Azerbaijan,Europe,1932,Lake Placid,USA,Winter,Curling,Curling Giant Slalom,Gold
586,Hans Moore,M,18,IRN,Iran,Asia,1976,Innsbruck,Austria,Winter,Snowboard,Snowboard Individual,Bronze
587,Lucia Lee,F,32,AZE,Azerbaijan,Europe,1984,Sarajevo,Yugoslavia,Winter,Cross-Country Skiing,Cross-Country Skiing Individual,Gold
588,Isabella Walker,F,41,SWE,Sweden,Europe,2004,Athens,Greece,Summer,Table Tennis,Team,Silver
589,Yuna Miller,F,40,BRA,Brazil,South America,1992,Barcelona,Spain,Summer,Taekwondo,58kg,Silver
590,Lars Johnson,M,16,BRA,Brazil,South America,1992,Albertville,France,Winter,Curling,Curling Downhill,Bronze
591,Olga Davis,F,29,RUS,Russia,Europe,1984,Los Angeles,USA,Summer,Weightlifting,48kg,Gold
592,Fatima Hall,F,35,CHN,China,Asia,1972,Munich,Germany,Summer,Taekwondo,+80kg,Gold
593,Alexei Adams,M,27,IND,India,Asia,1968,Grenoble,France,Winter,Curling,Curling Giant Slalom,Silver
594,Maria Wilson,F,39,KAZ,Kazakhstan,Asia,1948,St. Moritz,Switzerland,Winter,Speed Skating,Speed Skating Super-G,Bronze
595,Yuki Rodriguez,M,32,FRA,France,Europe,1936,Garmisch,Germany,Winter,Skeleton,Skeleton Sprint,Bronze
596,Sarah Miller,F,36,CAN,Canada,North America,1994,Lillehammer,Norway,Winter,Nordic Combined,Nordic Combined Individual,Gold
597,Steven Lee,M,24,AUS,Australia,Oceania,1976,Innsbruck,Austria,Winter,Snowboard,Snowboard Downhill,Gold
598,Lauren Brown,F,38,NZL,New Zealand,Oceania,1992,Albertville,France,Winter,Skiing,Skiing Downhill,Gold
599,Ivan Martinez,M,37,USA,United States,North America,1996,Atlanta,USA,Summer,Badminton,Doubles,Gold
600,James Lee,M,37,GRE,Greece,Europe,1904,St. Louis,USA,Summer,Canoe,Canoe Sprint,Gold
601,Ingrid Lewis,F,40,AUS,Australia,Oceania,1998,Nagano,Japan,Winter,Skiing,Skiing Sprint,Bronze
602,Lars Jones,M,39,MEX,Mexico,North America,1968,Mexico City,Mexico,Summer,Basketball,Basketball,Gold
603,Fatima Harris,F,27,SVK,Slovakia,Europe,1988,Seoul,South Korea,Summer,Judo,70kg,Bronze
604,Thomas Allen,M,24,ROM,Romania,Europe,1932,Lake Placid,USA,Winter,Skeleton,Skeleton Downhill,Bronze
605,Anna Hill,F,26,ARG,Argentina,South America,1920,Antwerp,Belgium,Summer,Archery,Individual Recurve,Silver
606,Jessica Wright,F,28,UZB,Uzbekistan,Asia,1984,Sarajevo,Yugoslavia,Winter,Cross-Country Skiing,Cross-Country Skiing Mass Start,Gold
607,Sarah Wright,F,34,AZE,Azerbaijan,Europe,2012,London,Great Britain,Summer,Fencing,Foil Team,Gold
608,Lars Harris,M,37,AUT,Austria,Europe,1948,St. Moritz,Switzerland,Winter,Biathlon,Biathlon Downhill,Silver
609,Mark Martin,M,38,IRN,Iran,Asia,1968,Grenoble,France,Winter,Bobsled,Bobsled Giant Slalom,Silver
610,Carlos Lewis,M,31,GER,Germany,Europe,1912,Stockholm,Sweden,Summer,Basketball,3x3 Basketball,Gold
611,Marco Jackson,M,31,AZE,Azerbaijan,Europe,1988,Calgary,Canada,Winter,Speed Skating,Speed Skating Sprint,Gold
612,Steven Mitchell,M,22,NOR,Norway,Europe,2010,Vancouver,Canada,Winter,Figure Skating,Figure Skating Mass Start,Silver
613,Sarah Green,F,35,AZE,Azerbaijan,Europe,1928,Amsterdam,Netherlands,Summer,Weightlifting,62kg,Gold
614,Jessica Garcia,F,31,GRE,Greece,Europe,2024,Paris,France,Summer,Badminton,Doubles,Silver
615,Mohammed Moore,M,40,NZL,New Zealand,Oceania,1932,Los Angeles,USA,Summer,Table Tennis,Team,Gold
616,Wei Hall,M,32,IRN,Iran,Asia,1984,Los Angeles,USA,Summer,Football,Football,Bronze
617,Ingeborg Johnson,F,26,ITA,Italy,Europe,2014,Sochi,Russia,Winter,Ice Hockey,Ice Hockey Slalom,Gold
618,Wei Mitchell,M,26,SVK,Slovakia,Europe,2002,Salt Lake City,USA,Winter,Figure Skating,Figure Skating Downhill,Silver
619,Lauren Rodriguez,F,31,CUB,Cuba,North America,1932,Los Angeles,USA,Summer,Archery,Individual Compound,Silver
620,Isabella Lee,F,38,NOR,Norway,Europe,1932,Los Angeles,USA,Summer,Badminton,Doubles,Silver
621,David Baker,M,34,FIN,Finland,Europe,2024,Paris,France,Summer,Basketball,3x3 Basketball,Bronze
622,Ahmed Walker,M,33,KEN,Kenya,Africa,1936,Garmisch,Germany,Winter,Cross-Country Skiing,Cross-Country Skiing Team,Gold
623,Maria Scott,F,31,NED,Netherlands,Europe,1928,Amsterdam,Netherlands,Summer,Wrestling,Greco-Roman 77kg,Bronze
624,Jessica Brown,F,33,ZIM,Zimbabwe,Africa,2008,Beijing,China,Summer,Fencing,Foil Team,Silver
625,Marco Rodriguez,M,30,CUB,Cuba,North America,1920,Antwerp,Belgium,Summer,Boxing,49kg,Silver
626,John Lewis,M,29,POL,Poland,Europe,1964,Tokyo,Japan,Summer,Volleyball,Beach Volleyball,Bronze
627,Nina Hill,F,27,NED,Netherlands,Europe,1992,Albertville,France,Winter,Figure Skating,Figure Skating Giant Slalom,Silver
628,Claire King,F,35,AUS,Australia,Oceania,2014,Sochi,Russia,Winter,Nordic Combined,Nordic Combined Slalom,Bronze
629,Lisa Anderson,F,18,GRE,Greece,Europe,1928,Amsterdam,Netherlands,Summer,Boxing,69kg,Silver
630,Fatima Carter,F,38,POR,Portugal,Europe,1936,Garmisch,Germany,Winter,Bobsled,Bobsled Super-G,Bronze
631,Elena Thomas,F,29,ESP,Spain,Europe,1968,Mexico City,Mexico,Summer,Shooting,Double Trap,Gold
632,Ingeborg Miller,F,39,COL,Colombia,South America,1924,Chamonix,France,Winter,Nordic Combined,Nordic Combined Pursuit,Gold
633,Alexei Brown,M,31,FRA,France,Europe,1928,St. Moritz,Switzerland,Winter,Luge,Luge Team,Gold
634,Kwame Taylor,M,24,AUS,Australia,Oceania,2014,Sochi,Russia,Winter,Luge,Luge Giant Slalom,Gold
635,Chris Hernandez,M,39,SWE,Sweden,Europe,1998,Nagano,Japan,Winter,Luge,Luge Mass Start,Bronze
636,Sven Lewis,M,17,CAN,Canada,North America,1924,Chamonix,France,Winter,Ice Hockey,Ice Hockey Giant Slalom,Silver
637,Ingeborg Green,F,20,KEN,Kenya,Africa,1976,Innsbruck,Austria,Winter,Skeleton,Skeleton Giant Slalom,Gold
638,Svetlana Green,F,32,AUT,Austria,Europe,1992,Barcelona,Spain,Summer,Canoe,Canoe Slalom,Silver
639,Chris Lee,M,30,SWE,Sweden,Europe,1960,Squaw Valley,USA,Winter,Skeleton,Skeleton Giant Slalom,Silver
640,Diego Moore,M,32,USA,United States,North America,1948,St. Moritz,Switzerland,Winter,Ice Hockey,Ice Hockey Mass Start,Silver
641,Mei Robinson,F,40,USA,United States,North America,1952,Oslo,Norway,Winter,Skeleton,Skeleton Giant Slalom,Gold
642,Michael Adams,M,41,TUR,Turkey,Asia,2014,Sochi,Russia,Winter,Luge,Luge Mass Start,Silver
643,Elena Walker,F,23,DEN,Denmark,Europe,1932,Lake Placid,USA,Winter,Luge,Luge Giant Slalom,Silver
644,Diego Mitchell,M,32,DEN,Denmark,Europe,1936,Garmisch,Germany,Winter,Speed Skating,Speed Skating Team,Bronze
645,Kim Jones,F,29,POR,Portugal,Europe,2002,Salt Lake City,USA,Winter,Speed Skating,Speed Skating Mass Start,Gold
646,Sofia Garcia,F,35,AUT,Austria,Europe,1924,Chamonix,France,Winter,Speed Skating,Speed Skating Team,Bronze
647,James Green,M,20,JAM,Jamaica,North America,1994,Lillehammer,Norway,Winter,Skeleton,Skeleton Pursuit,Gold
648,Robert Taylor,M,23,RUS,Russia,Europe,1932,Los Angeles,USA,Summer,Weightlifting,85kg,Gold
649,Mei Lee,F,41,BEL,Belgium,Europe,1980,Moscow,Russia,Summer,Rowing,Eight,Silver
650,Mark Hall,M,17,GBR,Great Britain,Europe,2004,Athens,Greece,Summer,Swimming,100m Butterfly,Gold
651,Sarah Wilson,F,28,HUN,Hungary,Europe,1984,Sarajevo,Yugoslavia,Winter,Skeleton,Skeleton Sprint,Bronze
652,Pierre Davis,M,22,CUB,Cuba,North America,1948,London,Great Britain,Summer,Basketball,3x3 Basketball,Bronze
653,Elena Williams,F,26,RSA,South Africa,Africa,2000,Sydney,Australia,Summer,Rowing,Lightweight Four,Bronze
654,Claire Jackson,F,36,BRA,Brazil,South America,1988,Seoul,South Korea,Summer,Table Tennis,Singles,Silver
655,Sarah Anderson,F,26,CUB,Cuba,North America,1906,Athens,Greece,Summer,Rowing,Double Sculls,Silver
656,Lars Wright,M,34,USA,United States,North America,1992,Barcelona,Spain,Summer,Weightlifting,105kg,Bronze
657,Hans Miller,M,21,AUS,Australia,Oceania,1992,Albertville,France,Winter,Ice Hockey,Ice Hockey Super-G,Bronze
658,Maria Green,F,36,RUS,Russia,Europe,1994,Lillehammer,Norway,Winter,Bobsled,Bobsled Individual,Gold
659,Sofia Jackson,F,41,JAM,Jamaica,North America,1924,Chamonix,France,Winter,Skeleton,Skeleton Pursuit,Gold
660,Mei Hernandez,F,17,JPN,Japan,Asia,2004,Athens,Greece,Summer,Basketball,3x3 Basketball,Bronze
661,Wei Clark,M,33,HUN,Hungary,Europe,1952,Oslo,Norway,Winter,Curling,Curling Slalom,Bronze
662,David Hernandez,M,32,CAN,Canada,North America,1976,Montreal,Canada,Summer,Shooting,Skeet,Silver
663,Isabella Hill,F,16,ESP,Spain,Europe,2020,Tokyo,Japan,Summer,Shooting,Skeet,Silver
664,Marco Jones,M,26,ESP,Spain,Europe,2008,Beijing,China,Summer,Boxing,49kg,Bronze
665,Rebecca Taylor,F,40,HUN,Hungary,Europe,1984,Sarajevo,Yugoslavia,Winter,Cross-Country Skiing,Cross-Country Skiing Downhill,Bronze
666,Anna Scott,F,19,POR,Portugal,Europe,1952,Oslo,Norway,Winter,Bobsled,Bobsled Downhill,Bronze
667,Peter Davis,M,31,USA,United States,North America,1908,London,Great Britain,Summer,Swimming,800m Freestyle,Gold
668,Lauren Nelson,F,32,COL,Colombia,South America,1988,Calgary,Canada,Winter,Freestyle Skiing,Freestyle Skiing Downhill,Silver
669,Peter Lopez,M,16,TUR,Turkey,Asia,1906,Athens,Greece,Summer,Volleyball,Volleyball,Gold
670,Ingeborg Brown,F,41,BEL,Belgium,Europe,1976,Montreal,Canada,Summer,Swimming,200m Butterfly,Bronze
671,Kim Scott,F,18,GER,Germany,Europe,1952,Helsinki,Finland,Summer,Table Tennis,Singles,Gold
672,Ivan Martin,M,22,RSA,South Africa,Africa,1920,Antwerp,Belgium,Summer,Cycling,BMX Freestyle,Bronze
673,Darius Baker,M,40,BEL,Belgium,Europe,1996,Atlanta,USA,Summer,Boxing,91kg,Silver
674,Thomas Adams,M,41,FRA,France,Europe,2002,Salt Lake City,USA,Winter,Skeleton,Skeleton Downhill,Silver
675,Nina Adams,F,27,IRN,Iran,Asia,1980,Lake Placid,USA,Winter,Bobsled,Bobsled Sprint,Silver
676,Nina Carter,F,39,AUT,Austria,Europe,2024,Paris,France,Summer,Volleyball,Beach Volleyball,Gold
677,Sofia Hernandez,F,27,RSA,South Africa,Africa,1988,Calgary,Canada,Winter,Curling,Curling Pursuit,Silver
678,Michael Robinson,M,25,MEX,Mexico,North America,1896,Athens,Greece,Summer,Swimming,200m Breaststroke,Gold
679,Aisha Adams,F,33,UZB,Uzbekistan,Asia,1936,Berlin,Germany,Summer,Fencing,Foil Individual,Bronze
680,Maria Moore,F,27,GBR,Great Britain,Europe,1988,Calgary,Canada,Winter,Ice Hockey,Ice Hockey Team,Silver
681,Yuki Baker,M,34,ESP,Spain,Europe,1964,Tokyo,Japan,Summer,Taekwondo,80kg,Gold
682,Ingeborg Baker,F,38,CHN,China,Asia,2008,Beijing,China,Summer,Gymnastics,Trampoline,Gold
683,Isabella Brown,F,18,GBR,Great Britain,Europe,1992,Albertville,France,Winter,Freestyle Skiing,Freestyle Skiing Mass Start,Silver
684,Steven Carter,M,40,BEL,Belgium,Europe,1960,Squaw Valley,USA,Winter,Cross-Country Skiing,Cross-Country Skiing Downhill,Gold
685,Alexei Baker,M,26,ZIM,Zimbabwe,Africa,1996,Atlanta,USA,Summer,Basketball,Basketball,Gold
686,Marco Hall,M,37,KOR,South Korea,Asia,1956,Cortina,Italy,Winter,Curling,Curling Pursuit,Silver
687,Ingrid Taylor,F,25,SWE,Sweden,Europe,2012,London,Great Britain,Summer,Canoe,Canoe Sprint,Gold
688,Lisa Hall,F,24,RUS,Russia,Europe,1960,Rome,Italy,Summer,Gymnastics,Team,Bronze
689,Svetlana Baker,F,28,HUN,Hungary,Europe,1972,Munich,Germany,Summer,Wrestling,Freestyle 74kg,Gold
690,Diego Young,M,24,CUB,Cuba,North America,1988,Seoul,South Korea,Summer,Canoe,Canoe Sprint,Silver
691,Olga Lewis,F,29,ITA,Italy,Europe,2002,Salt Lake City,USA,Winter,Snowboard,Snowboard Team,Gold
692,Kwame Hernandez,M,27,ZIM,Zimbabwe,Africa,1956,Cortina,Italy,Winter,Bobsled,Bobsled Individual,Bronze
693,Wei Taylor,M,37,SWE,Sweden,Europe,1928,Amsterdam,Netherlands,Summer,Tennis,Singles,Bronze
694,Michael Rodriguez,M,25,CUB,Cuba,North America,2024,Paris,France,Summer,Gymnastics,Pommel Horse,Bronze
695,Nina White,F,16,FIN,Finland,Europe,2018,PyeongChang,South Korea,Winter,Biathlon,Biathlon Mass Start,Bronze
696,Mei Mitchell,F,33,IRN,Iran,Asia,1984,Sarajevo,Yugoslavia,Winter,Figure Skating,Figure Skating Pursuit,Bronze
697,Thomas Brown,M,24,COL,Colombia,South America,1928,Amsterdam,Netherlands,Summer,Athletics,Pole Vault,Silver
698,Sarah Jones,F,36,RUS,Russia,Europe,1932,Lake Placid,USA,Winter,Ski Jumping,Ski Jumping Mass Start,Silver
699,Darius Walker,M,25,FRA,France,Europe,2000,Sydney,Australia,Summer,Shooting,25m Rapid Fire Pistol,Gold
700,Rebecca Miller,F,35,JAM,Jamaica,North America,1964,Innsbruck,Austria,Winter,Curling,Curling Team,Gold
701,Steven Scott,M,17,CZE,Czech Republic,Europe,1932,Lake Placid,USA,Winter,Curling,Curling Slalom,Silver
702,Sven Lewis,M,27,CAN,Canada,North America,1960,Rome,Italy,Summer,Badminton,Doubles,Silver
703,Emma Thompson,F,41,ARG,Argentina,South America,1996,Atlanta,USA,Summer,Judo,81kg,Silver
704,Yuki Moore,M,26,SWE,Sweden,Europe,2020,Tokyo,Japan,Summer,Athletics,Hammer Throw,Gold
705,David Young,M,34,BEL,Belgium,Europe,2008,Beijing,China,Summer,Basketball,Basketball,Silver
706,Darius Moore,M,22,IRN,Iran,Asia,1992,Albertville,France,Winter,Bobsled,Bobsled Slalom,Bronze
707,Ingeborg Scott,F,38,JPN,Japan,Asia,1984,Sarajevo,Yugoslavia,Winter,Freestyle Skiing,Freestyle Skiing Pursuit,Gold
708,Rebecca Green,F,18,CAN,Canada,North America,1972,Munich,Germany,Summer,Wrestling,Greco-Roman 130kg,Bronze
709,Carlos Allen,M,40,KOR,South Korea,Asia,1924,Paris,France,Summer,Boxing,69kg,Silver
710,Isabella Jackson,F,20,AUT,Austria,Europe,1956,Melbourne,Australia,Summer,Tennis,Mixed Doubles,Gold
711,Jessica Mitchell,F,35,GRE,Greece,Europe,1924,Chamonix,France,Winter,Ice Hockey,Ice Hockey Individual,Gold
712,Robert Wright,M,27,AZE,Azerbaijan,Europe,1992,Albertville,France,Winter,Figure Skating,Figure Skating Pursuit,Gold
713,Ingrid Lopez,F,21,KAZ,Kazakhstan,Asia,1980,Lake Placid,USA,Winter,Cross-Country Skiing,Cross-Country Skiing Slalom,Silver
714,Diego Johnson,M,29,SWE,Sweden,Europe,1924,Chamonix,France,Winter,Ice Hockey,Ice Hockey Pursuit,Silver
715,Pierre Mitchell,M,21,NOR,Norway,Europe,1968,Grenoble,France,Winter,Figure Skating,Figure Skating Pursuit,Silver
716,Isabella Williams,F,28,CUB,Cuba,North America,2004,Athens,Greece,Summer,Fencing,Foil Team,Bronze
717,Chiara Baker,F,35,JAM,Jamaica,North America,2010,Vancouver,Canada,Winter,Cross-Country Skiing,Cross-Country Skiing Downhill,Bronze
718,Pierre Williams,M,30,MEX,Mexico,North America,1984,Sarajevo,Yugoslavia,Winter,Curling,Curling Individual,Gold
719,Isabella Brown,F,32,GBR,Great Britain,Europe,1984,Los Angeles,USA,Summer,Archery,Team Compound,Gold
720,Elena Young,F,30,ZIM,Zimbabwe,Africa,1952,Oslo,Norway,Winter,Skeleton,Skeleton Downhill,Silver
721,Sofia Miller,F,36,KOR,South Korea,Asia,1994,Lillehammer,Norway,Winter,Skiing,Skiing Giant Slalom,Bronze
722,Ahmed Clark,M,28,SVK,Slovakia,Europe,1980,Lake Placid,USA,Winter,Biathlon,Biathlon Sprint,Silver
723,Robert Thompson,M,30,KAZ,Kazakhstan,Asia,1900,Paris,France,Summer,Boxing,81kg,Silver
724,Aisha Walker,F,18,UKR,Ukraine,Europe,2004,Athens,Greece,Summer,Boxing,52kg,Bronze
725,Isabella Anderson,F,17,RSA,South Africa,Africa,2016,Rio de Janeiro,Brazil,Summer,Table Tennis,Singles,Silver
726,Diego Brown,M,21,CAN,Canada,North America,1988,Calgary,Canada,Winter,Cross-Country Skiing,Cross-Country Skiing Sprint,Silver
727,Elena Wilson,F,36,FIN,Finland,Europe,1956,Melbourne,Australia,Summer,Judo,70kg,Gold
728,Mei Green,F,31,USA,United States,North America,1932,Lake Placid,USA,Winter,Skiing,Skiing Mass Start,Gold
729,Lucia Hernandez,F,30,NOR,Norway,Europe,1992,Albertville,France,Winter,Skeleton,Skeleton Pursuit,Gold
730,Svetlana Adams,F,35,CUB,Cuba,North America,1992,Albertville,France,Winter,Snowboard,Snowboard Individual,Gold
731,Sven Baker,M,17,USA,United States,North America,1906,Athens,Greece,Summer,Boxing,56kg,Bronze
732,Thomas Anderson,M,29,RUS,Russia,Europe,1956,Melbourne,Australia,Summer,Fencing,Foil Individual,Bronze
733,Jessica Lee,F,39,NED,Netherlands,Europe,1952,Oslo,Norway,Winter,Snowboard,Snowboard Giant Slalom,Gold
734,Ahmed Adams,M,40,JPN,Japan,Asia,1912,Stockholm,Sweden,Summer,Judo,100kg,Gold
735,Aisha Allen,F,26,ITA,Italy,Europe,1952,Oslo,Norway,Winter,Skeleton,Skeleton Sprint,Bronze
736,Marco Carter,M,31,FRA,France,Europe,1936,Berlin,Germany,Summer,Rowing,Single Sculls,Bronze
737,Lauren Baker,F,20,BRA,Brazil,South America,1952,Oslo,Norway,Winter,Luge,Luge Super-G,Silver
738,Chris Jackson,M,38,NED,Netherlands,Europe,1984,Los Angeles,USA,Summer,Badminton,Doubles,Gold
739,Kwame Allen,M,41,ITA,Italy,Europe,1924,Paris,France,Summer,Athletics,Triple Jump,Silver
740,Darius Jackson,M,16,CZE,Czech Republic,Europe,1904,St. Louis,USA,Summer,Fencing,Sabre Individual,Bronze
741,Rebecca Clark,F,32,ZIM,Zimbabwe,Africa,1952,Oslo,Norway,Winter,Speed Skating,Speed Skating Team,Gold
742,Peter Rodriguez,M,21,NZL,New Zealand,Oceania,1924,Paris,France,Summer,Fencing,Sabre Individual,Silver
743,David King,M,31,GBR,Great Britain,Europe,2002,Salt Lake City,USA,Winter,Skeleton,Skeleton Slalom,Bronze
744,Chiara Clark,F,34,RUS,Russia,Europe,1960,Rome,Italy,Summer,Tennis,Doubles,Bronze
745,Olga Jones,F,41,ROM,Romania,Europe,1984,Sarajevo,Yugoslavia,Winter,Skiing,Skiing Pursuit,Gold
746,Kwame Walker,M,34,AUT,Austria,Europe,1952,Helsinki,Finland,Summer,Athletics,3000m Steeplechase,Gold
747,Emma Garcia,F,38,KAZ,Kazakhstan,Asia,1992,Albertville,France,Winter,Biathlon,Biathlon Mass Start,Silver
748,Kim Scott,F,25,ESP,Spain,Europe,1912,Stockholm,Sweden,Summer,Badminton,Singles,Silver
749,Ivan Smith,M,30,HUN,Hungary,Europe,1932,Los Angeles,USA,Summer,Weightlifting,94kg,Silver
750,Aisha Robinson,F,39,UKR,Ukraine,Europe,1980,Lake Placid,USA,Winter,Ice Hockey,Ice Hockey Pursuit,Silver
751,James King,M,39,JPN,Japan,Asia,1928,Amsterdam,Netherlands,Summer,Weightlifting,48kg,Silver
752,James Carter,M,25,ITA,Italy,Europe,2006,Turin,Italy,Winter,Cross-Country Skiing,Cross-Country Skiing Giant Slalom,Gold
753,Jessica Robinson,F,16,FRA,France,Europe,1960,Rome,Italy,Summer,Tennis,Singles,Bronze
754,Rebecca Clark,F,24,HUN,Hungary,Europe,1936,Berlin,Germany,Summer,Fencing,Epee Individual,Silver
755,Alexei Hill,M,35,CHN,China,Asia,2000,Sydney,Australia,Summer,Weightlifting,85kg,Gold
756,Maria Martinez,F,24,CZE,Czech Republic,Europe,1936,Berlin,Germany,Summer,Archery,Individual Compound,Bronze
757,Maria Smith,F,17,KAZ,Kazakhstan,Asia,1948,London,Great Britain,Summer,Boxing,52kg,Silver
758,Ahmed Hall,M,18,RSA,South Africa,Africa,2002,Salt Lake City,USA,Winter,Skiing,Skiing Team,Gold
759,Nina Jackson,F,25,GRE,Greece,Europe,2006,Turin,Italy,Winter,Snowboard,Snowboard Slalom,Bronze
760,Lars King,M,18,SUI,Switzerland,Europe,2012,London,Great Britain,Summer,Archery,Individual Recurve,Gold
761,Yuna Taylor,F,23,SUI,Switzerland,Europe,1976,Montreal,Canada,Summer,Judo,63kg,Bronze
762,Nina King,F,41,NED,Netherlands,Europe,1948,St. Moritz,Switzerland,Winter,Bobsled,Bobsled Downhill,Silver
763,Diego Lewis,M,25,CHN,China,Asia,1900,Paris,France,Summer,Gymnastics,Team,Bronze
764,Anna Clark,F,38,FRA,France,Europe,1988,Calgary,Canada,Winter,Ice Hockey,Ice Hockey Giant Slalom,Bronze
765,Jessica Allen,F,28,IRN,Iran,Asia,1998,Nagano,Japan,Winter,Biathlon,Biathlon Mass Start,Gold
766,Lisa Rodriguez,F,28,CAN,Canada,North America,1994,Lillehammer,Norway,Winter,Figure Skating,Figure Skating Giant Slalom,Gold
767,Ingeborg Martin,F,33,DEN,Denmark,Europe,2020,Tokyo,Japan,Summer,Taekwondo,67kg,Gold
768,Jessica Carter,F,19,ROM,Romania,Europe,2000,Sydney,Australia,Summer,Gymnastics,Trampoline,Silver
769,Yuki Jones,M,25,FIN,Finland,Europe,1956,Cortina,Italy,Winter,Curling,Curling Team,Bronze
770,Katarina Brown,F,36,JAM,Jamaica,North America,1920,Antwerp,Belgium,Summer,Canoe,Canoe Slalom,Gold
771,David Taylor,M,40,AUT,Austria,Europe,1936,Berlin,Germany,Summer,Wrestling,Greco-Roman 97kg,Silver
772,Kim Clark,F,22,GRE,Greece,Europe,1984,Sarajevo,Yugoslavia,Winter,Speed Skating,Speed Skating Downhill,Silver
773,Jessica Johnson,F,18,DEN,Denmark,Europe,1988,Calgary,Canada,Winter,Ski Jumping,Ski Jumping Mass Start,Bronze
774,Alexei Brown,M,27,ETH,Ethiopia,Africa,1980,Lake Placid,USA,Winter,Luge,Luge Sprint,Gold
775,Yuna Young,F,16,ITA,Italy,Europe,2006,Turin,Italy,Winter,Curling,Curling Super-G,Bronze
776,Ingrid Young,F,28,KAZ,Kazakhstan,Asia,1992,Barcelona,Spain,Summer,Basketball,3x3 Basketball,Bronze
777,Maria Martinez,F,29,RUS,Russia,Europe,1936,Berlin,Germany,Summer,Boxing,81kg,Bronze
778,Marco Lopez,M,20,GER,Germany,Europe,1924,Chamonix,France,Winter,Ice Hockey,Ice Hockey Individual,Bronze
779,Ingeborg Carter,F,41,JPN,Japan,Asia,1972,Munich,Germany,Summer,Wrestling,Freestyle 65kg,Silver
780,Sofia Walker,F,33,ARG,Argentina,South America,1994,Lillehammer,Norway,Winter,Ice Hockey,Ice Hockey Slalom,Silver
781,Hans Martin,M,34,TUR,Turkey,Asia,1936,Garmisch,Germany,Winter,Ice Hockey,Ice Hockey Downhill,Bronze
782,Emma Baker,F,17,IRN,Iran,Asia,1980,Lake Placid,USA,Winter,Speed Skating,Speed Skating Downhill,Silver
783,Lisa Taylor,F,38,SVK,Slovakia,Europe,2006,Turin,Italy,Winter,Bobsled,Bobsled Team,Bronze
784,Kwame Miller,M,32,SUI,Switzerland,Europe,2008,Beijing,China,Summer,Table Tennis,Team,Gold
785,Emma Rodriguez,F,35,AZE,Azerbaijan,Europe,1976,Innsbruck,Austria,Winter,Freestyle Skiing,Freestyle Skiing Team,Bronze
786,Chiara Rodriguez,F,34,SUI,Switzerland,Europe,2014,Sochi,Russia,Winter,Skiing,Skiing Slalom,Silver
787,Lars Carter,M,17,ETH,Ethiopia,Africa,1960,Squaw Valley,USA,Winter,Ski Jumping,Ski Jumping Mass Start,Bronze
788,James Martinez,M,34,CHN,China,Asia,1956,Melbourne,Australia,Summer,Taekwondo,+80kg,Bronze
789,Ivan Jones,M,20,NGR,Nigeria,Africa,1994,Lillehammer,Norway,Winter,Skiing,Skiing Mass Start,Silver
790,Chiara Wilson,F,16,KEN,Kenya,Africa,1948,St. Moritz,Switzerland,Winter,Ice Hockey,Ice Hockey Mass Start,Bronze
791,Lars Martin,M,24,ESP,Spain,Europe,1932,Los Angeles,USA,Summer,Taekwondo,68kg,Silver
792,Kwame Taylor,M,20,UKR,Ukraine,Europe,1932,Los Angeles,USA,Summer,Table Tennis,Singles,Silver
793,Svetlana Anderson,F,39,CUB,Cuba,North America,2012,London,Great Britain,Summer,Football,Football,Gold
794,Anna Brown,F,40,RUS,Russia,Europe,1988,Calgary,Canada,Winter,Nordic Combined,Nordic Combined Super-G,Gold
795,Isabella Green,F,39,ZIM,Zimbabwe,Africa,1976,Montreal,Canada,Summer,Basketball,3x3 Basketball,Gold
796,Aisha Young,F,20,IND,India,Asia,1964,Innsbruck,Austria,Winter,Freestyle Skiing,Freestyle Skiing Downhill,Gold
797,Katarina Williams,F,32,RSA,South Africa,Africa,1952,Oslo,Norway,Winter,Ski Jumping,Ski Jumping Slalom,Gold
798,Fatima Garcia,F,26,DEN,Denmark,Europe,1984,Sarajevo,Yugoslavia,Winter,Freestyle Skiing,Freestyle Skiing Super-G,Gold
799,Sven Nelson,M,39,SUI,Switzerland,Europe,1948,St. Moritz,Switzerland,Winter,Freestyle Skiing,Freestyle Skiing Downhill,Gold
800,Alexei Johnson,M,26,UZB,Uzbekistan,Asia,1984,Los Angeles,USA,Summer,Fencing,Sabre Team,Bronze
801,Pierre Lewis,M,37,MEX,Mexico,North America,1896,Athens,Greece,Summer,Gymnastics,Floor Exercise,Gold
802,Kwame White,M,17,JPN,Japan,Asia,2008,Beijing,China,Summer,Judo,90kg,Bronze
803,Sven Baker,M,28,AUS,Australia,Oceania,1996,Atlanta,USA,Summer,Weightlifting,63kg,Gold
804,Pierre Garcia,M,36,RUS,Russia,Europe,1924,Paris,France,Summer,Boxing,64kg,Silver
805,Diego Brown,M,24,CAN,Canada,North America,2004,Athens,Greece,Summer,Fencing,Sabre Individual,Silver
806,Sofia Jones,F,21,BRA,Brazil,South America,1964,Innsbruck,Austria,Winter,Bobsled,Bobsled Individual,Silver
807,Maria Green,F,19,NED,Netherlands,Europe,1932,Lake Placid,USA,Winter,Snowboard,Snowboard Downhill,Silver
808,Emma Jones,F,19,FIN,Finland,Europe,1936,Berlin,Germany,Summer,Canoe,Canoe Sprint,Gold
809,David Johnson,M,31,FIN,Finland,Europe,1988,Calgary,Canada,Winter,Nordic Combined,Nordic Combined Mass Start,Gold
810,Jessica Johnson,F,28,KOR,South Korea,Asia,2000,Sydney,Australia,Summer,Basketball,3x3 Basketball,Bronze
811,Chiara Jones,F,28,IND,India,Asia,2006,Turin,Italy,Winter,Ski Jumping,Ski Jumping Slalom,Bronze
812,Jessica Green,F,19,UZB,Uzbekistan,Asia,1936,Garmisch,Germany,Winter,Skiing,Skiing Downhill,Silver
813,Alexei Rodriguez,M,27,BRA,Brazil,South America,1960,Rome,Italy,Summer,Judo,+100kg,Gold
814,Alexei Williams,M,21,POR,Portugal,Europe,2022,Beijing,China,Winter,Skeleton,Skeleton Mass Start,Silver
815,Svetlana Lewis,F,19,UZB,Uzbekistan,Asia,2000,Sydney,Australia,Summer,Rowing,Four,Silver
816,Peter Smith,M,17,HUN,Hungary,Europe,1912,Stockholm,Sweden,Summer,Tennis,Mixed Doubles,Bronze
817,Alexei Robinson,M,41,RSA,South Africa,Africa,1992,Barcelona,Spain,Summer,Cycling,BMX Racing,Silver
818,James Rodriguez,M,26,CHN,China,Asia,1984,Sarajevo,Yugoslavia,Winter,Cross-Country Skiing,Cross-Country Skiing Slalom,Bronze
819,Rebecca Taylor,F,37,NOR,Norway,Europe,1904,St. Louis,USA,Summer,Basketball,Basketball,Bronze
820,Darius Smith,M,31,GBR,Great Britain,Europe,1992,Barcelona,Spain,Summer,Cycling,Time Trial,Silver
821,Thomas Brown,M,16,UZB,Uzbekistan,Asia,1994,Lillehammer,Norway,Winter,Skiing,Skiing Pursuit,Silver
822,John Lopez,M,19,SVK,Slovakia,Europe,2020,Tokyo,Japan,Summer,Weightlifting,+105kg,Bronze
823,Carlos Hall,M,29,GER,Germany,Europe,2018,PyeongChang,South Korea,Winter,Snowboard,Snowboard Pursuit,Silver
824,James Nelson,M,40,ESP,Spain,Europe,1924,Paris,France,Summer,Taekwondo,+73kg,Gold
825,Wei Adams,M,38,RUS,Russia,Europe,1960,Rome,Italy,Summer,Gymnastics,Pommel Horse,Gold
826,Darius Mitchell,M,41,JPN,Japan,Asia,1972,Sapporo,Japan,Winter,Figure Skating,Figure Skating Individual,Silver
827,Michael Thomas,M,16,NGR,Nigeria,Africa,2014,Sochi,Russia,Winter,Ice Hockey,Ice Hockey Individual,Gold
828,Maria White,F,38,BEL,Belgium,Europe,2006,Turin,Italy,Winter,Freestyle Skiing,Freestyle Skiing Mass Start,Gold
829,Elena Mitchell,F,23,FIN,Finland,Europe,1996,Atlanta,USA,Summer,Shooting,Skeet,Bronze
830,Lisa Robinson,F,35,KAZ,Kazakhstan,Asia,1904,St. Louis,USA,Summer,Canoe,Canoe Sprint,Silver
831,Ivan Davis,M,19,CUB,Cuba,North America,1968,Grenoble,France,Winter,Skiing,Skiing Giant Slalom,Bronze
832,James Jackson,M,24,SUI,Switzerland,Europe,1964,Tokyo,Japan,Summer,Archery,Team Recurve,Gold
833,Elena Williams,F,21,IND,India,Asia,2016,Rio de Janeiro,Brazil,Summer,Wrestling,Greco-Roman 130kg,Gold
834,Nina Mitchell,F,24,NOR,Norway,Europe,1998,Nagano,Japan,Winter,Bobsled,Bobsled Mass Start,Silver
835,Michael Lopez,M,41,KOR,South Korea,Asia,1904,St. Louis,USA,Summer,Weightlifting,63kg,Bronze
836,Kim Clark,F,29,SVK,Slovakia,Europe,1924,Paris,France,Summer,Gymnastics,Vault,Gold
837,Marco Allen,M,23,SWE,Sweden,Europe,2014,Sochi,Russia,Winter,Biathlon,Biathlon Super-G,Gold
838,Lucia Taylor,F,17,IND,India,Asia,1964,Innsbruck,Austria,Winter,Figure Skating,Figure Skating Team,Gold
839,Sofia Jackson,F,20,RSA,South Africa,Africa,1994,Lillehammer,Norway,Winter,Skeleton,Skeleton Sprint,Bronze
840,Lars Baker,M,17,UKR,Ukraine,Europe,1960,Squaw Valley,USA,Winter,Speed Skating,Speed Skating Pursuit,Gold
841,Isabella Rodriguez,F,21,SUI,Switzerland,Europe,1952,Helsinki,Finland,Summer,Wrestling,Freestyle 65kg,Gold
842,Alexei Harris,M,34,AUT,Austria,Europe,1952,Oslo,Norway,Winter,Snowboard,Snowboard Sprint,Gold
843,Hans King,M,34,NGR,Nigeria,Africa,1968,Grenoble,France,Winter,Cross-Country Skiing,Cross-Country Skiing Giant Slalom,Silver
844,Jessica Harris,F,29,CUB,Cuba,North America,1896,Athens,Greece,Summer,Football,Football,Bronze
845,Marco Hill,M,31,GBR,Great Britain,Europe,1928,Amsterdam,Netherlands,Summer,Taekwondo,49kg,Gold
846,Hans Martin,M,30,IND,India,Asia,1972,Munich,Germany,Summer,Table Tennis,Team,Gold
847,Chris Martin,M,27,NOR,Norway,Europe,1988,Seoul,South Korea,Summer,Athletics,4x400m Relay,Bronze
848,Chiara Nelson,F,34,CAN,Canada,North America,1912,Stockholm,Sweden,Summer,Athletics,Shot Put,Gold
849,Olga King,F,21,KAZ,Kazakhstan,Asia,1976,Montreal,Canada,Summer,Tennis,Singles,Bronze
850,Emma Martinez,F,32,GBR,Great Britain,Europe,1996,Atlanta,USA,Summer,Athletics,Heptathlon,Silver
851,Sven Miller,M,41,ROM,Romania,Europe,2012,London,Great Britain,Summer,Shooting,Skeet,Bronze
852,Anna Walker,F,17,AZE,Azerbaijan,Europe,1960,Rome,Italy,Summer,Swimming,4x100m Medley Relay,Silver
853,Svetlana Adams,F,21,ESP,Spain,Europe,1976,Montreal,Canada,Summer,Canoe,Canoe Sprint,Bronze
854,Rebecca Wilson,F,23,JPN,Japan,Asia,1908,London,Great Britain,Summer,Archery,Team Recurve,Bronze
855,Fatima Hill,F,27,SWE,Sweden,Europe,1976,Innsbruck,Austria,Winter,Nordic Combined,Nordic Combined Pursuit,Bronze
856,Sofia Lopez,F,27,GER,Germany,Europe,1972,Munich,Germany,Summer,Shooting,10m Air Rifle,Bronze
857,Lauren Lee,F,30,AZE,Azerbaijan,Europe,1984,Los Angeles,USA,Summer,Weightlifting,+105kg,Bronze
858,Yuki Thomas,M,18,SUI,Switzerland,Europe,2004,Athens,Greece,Summer,Gymnastics,Vault,Silver
859,Kim Scott,F,20,RUS,Russia,Europe,1908,London,Great Britain,Summer,Weightlifting,69kg,Bronze
860,Wei Allen,M,31,IRN,Iran,Asia,1900,Paris,France,Summer,Judo,+100kg,Silver
861,Michael Harris,M,18,ETH,Ethiopia,Africa,2010,Vancouver,Canada,Winter,Freestyle Skiing,Freestyle Skiing Individual,Bronze
862,Svetlana Clark,F,36,SVK,Slovakia,Europe,1998,Nagano,Japan,Winter,Bobsled,Bobsled Downhill,Silver
863,Maria Robinson,F,34,SUI,Switzerland,Europe,1992,Barcelona,Spain,Summer,Table Tennis,Team,Gold
864,Isabella Brown,F,25,IND,India,Asia,2016,Rio de Janeiro,Brazil,Summer,Shooting,50m Rifle 3 Positions,Gold
865,Alexei Martinez,M,38,CAN,Canada,North America,1960,Squaw Valley,USA,Winter,Speed Skating,Speed Skating Slalom,Gold
866,Maria Hernandez,F,34,USA,United States,North America,1932,Los Angeles,USA,Summer,Wrestling,Freestyle 74kg,Silver
867,Maria Lee,F,27,GBR,Great Britain,Europe,1964,Tokyo,Japan,Summer,Boxing,60kg,Silver
868,Yuki Lopez,M,16,ZIM,Zimbabwe,Africa,1984,Sarajevo,Yugoslavia,Winter,Ice Hockey,Ice Hockey Giant Slalom,Gold
869,Ingeborg Martinez,F,36,USA,United States,North America,1976,Montreal,Canada,Summer,Fencing,Epee Individual,Silver
870,Ingeborg Wilson,F,26,ROM,Romania,Europe,1952,Oslo,Norway,Winter,Ski Jumping,Ski Jumping Sprint,Bronze
871,Michael Hall,M,25,AZE,Azerbaijan,Europe,1976,Innsbruck,Austria,Winter,Skiing,Skiing Sprint,Bronze
872,James Carter,M,26,POL,Poland,Europe,2022,Beijing,China,Winter,Figure Skating,Figure Skating Slalom,Bronze
873,Sarah Miller,F,22,SWE,Sweden,Europe,1932,Lake Placid,USA,Winter,Snowboard,Snowboard Giant Slalom,Bronze
874,Yuki Jackson,M,32,COL,Colombia,South America,2024,Paris,France,Summer,Tennis,Mixed Doubles,Silver
875,Maria Young,F,28,RUS,Russia,Europe,1956,Cortina,Italy,Winter,Snowboard,Snowboard Giant Slalom,Silver
876,Claire Hernandez,F,27,ETH,Ethiopia,Africa,1964,Innsbruck,Austria,Winter,Bobsled,Bobsled Individual,Bronze
877,Elena Young,F,25,BEL,Belgium,Europe,1912,Stockholm,Sweden,Summer,Rowing,Lightweight Four,Bronze
878,Hans Scott,M,25,KOR,South Korea,Asia,1968,Grenoble,France,Winter,Ice Hockey,Ice Hockey Team,Silver
879,Elena Adams,F,29,CHN,China,Asia,1908,London,Great Britain,Summer,Taekwondo,67kg,Silver
880,Chris Adams,M,28,HUN,Hungary,Europe,2006,Turin,Italy,Winter,Snowboard,Snowboard Sprint,Silver
881,Sarah Johnson,F,23,NGR,Nigeria,Africa,1904,St. Louis,USA,Summer,Judo,+78kg,Gold
882,Elena Lopez,F,29,ITA,Italy,Europe,1948,St. Moritz,Switzerland,Winter,Speed Skating,Speed Skating Slalom,Bronze
883,Lisa Carter,F,31,ITA,Italy,Europe,1998,Nagano,Japan,Winter,Figure Skating,Figure Skating Individual,Bronze
884,Anna Lee,F,38,BRA,Brazil,South America,1964,Tokyo,Japan,Summer,Taekwondo,73kg,Bronze
885,Carlos King,M,20,CAN,Canada,North America,2008,Beijing,China,Summer,Taekwondo,49kg,Bronze
886,Lucia Lewis,F,27,RUS,Russia,Europe,1924,Chamonix,France,Winter,Bobsled,Bobsled Sprint,Gold
887,Peter Thomas,M,32,AUT,Austria,Europe,1952,Oslo,Norway,Winter,Speed Skating,Speed Skating Giant Slalom,Gold
888,Katarina Robinson,F,26,IRN,Iran,Asia,1992,Albertville,France,Winter,Ski Jumping,Ski Jumping Sprint,Silver
889,Sarah Moore,F,20,FRA,France,Europe,2002,Salt Lake City,USA,Winter,Nordic Combined,Nordic Combined Super-G,Bronze
890,Anna White,F,21,BEL,Belgium,Europe,1952,Oslo,Norway,Winter,Bobsled,Bobsled Slalom,Gold
891,Pierre Jones,M,29,CZE,Czech Republic,Europe,1980,Lake Placid,USA,Winter,Figure Skating,Figure Skating Pursuit,Gold
892,Sofia Carter,F,20,ZIM,Zimbabwe,Africa,2020,Tokyo,Japan,Summer,Wrestling,Freestyle 57kg,Bronze
893,Chiara Wilson,F,16,KAZ,Kazakhstan,Asia,2012,London,Great Britain,Summer,Fencing,Epee Individual,Gold
894,David White,M,25,UZB,Uzbekistan,Asia,1924,Chamonix,France,Winter,Cross-Country Skiing,Cross-Country Skiing Sprint,Gold
895,Hans Young,M,40,GER,Germany,Europe,1912,Stockholm,Sweden,Summer,Football,Football,Gold
896,John Thompson,M,31,COL,Colombia,South America,1932,Lake Placid,USA,Winter,Biathlon,Biathlon Individual,Gold
897,Peter Nelson,M,35,JPN,Japan,Asia,1908,London,Great Britain,Summer,Judo,63kg,Gold
898,Mark Nelson,M,39,AUS,Australia,Oceania,1932,Los Angeles,USA,Summer,Volleyball,Volleyball,Silver
899,Mohammed Jones,M,32,GRE,Greece,Europe,1960,Squaw Valley,USA,Winter,Ice Hockey,Ice Hockey Giant Slalom,Gold
900,Thomas Green,M,25,KAZ,Kazakhstan,Asia,2020,Tokyo,Japan,Summer,Taekwondo,49kg,Gold
901,Ingeborg Nelson,F,27,KAZ,Kazakhstan,Asia,2008,Beijing,China,Summer,Weightlifting,77kg,Gold
902,Lucia White,F,28,NED,Netherlands,Europe,1972,Sapporo,Japan,Winter,Freestyle Skiing,Freestyle Skiing Team,Bronze
903,John Scott,M,30,JAM,Jamaica,North America,1936,Garmisch,Germany,Winter,Luge,Luge Team,Gold
904,Carlos Lopez,M,18,CZE,Czech Republic,Europe,1980,Moscow,Russia,Summer,Volleyball,Beach Volleyball,Gold
905,Sofia Harris,F,37,TUR,Turkey,Asia,1964,Innsbruck,Austria,Winter,Speed Skating,Speed Skating Slalom,Bronze
906,Hans Lee,M,41,HUN,Hungary,Europe,1968,Grenoble,France,Winter,Speed Skating,Speed Skating Downhill,Gold
907,Aisha Miller,F,30,FRA,France,Europe,1896,Athens,Greece,Summer,Badminton,Mixed Doubles,Gold
908,Thomas Jones,M,39,UZB,Uzbekistan,Asia,1928,Amsterdam,Netherlands,Summer,Basketball,3x3 Basketball,Silver
909,Yuna Young,F,19,TUR,Turkey,Asia,1932,Lake Placid,USA,Winter,Bobsled,Bobsled Pursuit,Bronze
910,Mei Carter,F,27,POR,Portugal,Europe,1980,Moscow,Russia,Summer,Shooting,50m Rifle Prone,Silver
911,Anna Thompson,F,19,KOR,South Korea,Asia,1980,Moscow,Russia,Summer,Table Tennis,Team,Silver
912,James Jones,M,39,CHN,China,Asia,1980,Moscow,Russia,Summer,Cycling,Sprint,Silver
913,Claire Mitchell,F,20,RSA,South Africa,Africa,2002,Salt Lake City,USA,Winter,Skiing,Skiing Sprint,Bronze
914,Claire Lopez,F,22,NGR,Nigeria,Africa,1920,Antwerp,Belgium,Summer,Gymnastics,Rhythmic Gymnastics,Silver
915,James Young,M,40,UKR,Ukraine,Europe,1980,Lake Placid,USA,Winter,Speed Skating,Speed Skating Giant Slalom,Gold
916,Emma Williams,F,30,RSA,South Africa,Africa,1964,Innsbruck,Austria,Winter,Skeleton,Skeleton Super-G,Gold
917,Ingrid Lopez,F,38,FRA,France,Europe,1988,Seoul,South Korea,Summer,Judo,70kg,Gold
918,Rebecca Anderson,F,31,COL,Colombia,South America,1988,Calgary,Canada,Winter,Freestyle Skiing,Freestyle Skiing Slalom,Bronze
919,Katarina Lewis,F,35,NGR,Nigeria,Africa,1906,Athens,Greece,Summer,Basketball,3x3 Basketball,Silver
920,Wei Lewis,M,20,SVK,Slovakia,Europe,1956,Cortina,Italy,Winter,Skiing,Skiing Individual,Bronze
921,Lucia Lewis,F,19,UKR,Ukraine,Europe,1992,Barcelona,Spain,Summer,Athletics,50km Walk,Silver
922,Steven Robinson,M,23,COL,Colombia,South America,1968,Grenoble,France,Winter,Bobsled,Bobsled Individual,Bronze
923,Sofia Young,F,17,USA,United States,North America,1912,Stockholm,Sweden,Summer,Gymnastics,Parallel Bars,Bronze
924,Sarah Clark,F,34,CHN,China,Asia,1980,Lake Placid,USA,Winter,Luge,Luge Mass Start,Silver
925,Hans Davis,M,41,ROM,Romania,Europe,1988,Calgary,Canada,Winter,Luge,Luge Super-G,Bronze
926,Lauren Robinson,F,21,NGR,Nigeria,Africa,2002,Salt Lake City,USA,Winter,Figure Skating,Figure Skating Super-G,Silver
927,Peter Martinez,M,33,AUT,Austria,Europe,1972,Munich,Germany,Summer,Rowing,Lightweight Four,Silver
928,Mohammed Davis,M,38,SWE,Sweden,Europe,1906,Athens,Greece,Summer,Judo,57kg,Bronze
929,Kim Lewis,F,29,ROM,Romania,Europe,1960,Rome,Italy,Summer,Shooting,10m Air Pistol,Gold
930,Katarina Green,F,29,ARG,Argentina,South America,1998,Nagano,Japan,Winter,Cross-Country Skiing,Cross-Country Skiing Mass Start,Silver
931,Isabella Adams,F,37,BRA,Brazil,South America,1932,Lake Placid,USA,Winter,Luge,Luge Downhill,Gold
932,Katarina King,F,22,ROM,Romania,Europe,1900,Paris,France,Summer,Table Tennis,Singles,Silver
933,Peter Lee,M,32,ROM,Romania,Europe,1996,Atlanta,USA,Summer,Archery,Team Compound,Silver
934,Lucia Clark,F,29,AZE,Azerbaijan,Europe,1928,Amsterdam,Netherlands,Summer,Cycling,Sprint,Gold
935,Elena Thompson,F,36,KEN,Kenya,Africa,1996,Atlanta,USA,Summer,Rowing,Lightweight Double Sculls,Bronze
936,Peter Smith,M,20,CUB,Cuba,North America,1992,Albertville,France,Winter,Figure Skating,Figure Skating Downhill,Gold
937,Lucia Young,F,33,SUI,Switzerland,Europe,2018,PyeongChang,South Korea,Winter,Cross-Country Skiing,Cross-Country Skiing Mass Start,Bronze
938,Mark Garcia,M,16,KEN,Kenya,Africa,1904,St. Louis,USA,Summer,Rowing,Quadruple Sculls,Bronze
939,Robert Clark,M,17,NGR,Nigeria,Africa,1988,Seoul,South Korea,Summer,Boxing,49kg,Bronze
940,Marco Moore,M,28,COL,Colombia,South America,1956,Melbourne,Australia,Summer,Gymnastics,All-Around,Gold
941,Lisa Martin,F,31,MEX,Mexico,North America,1924,Paris,France,Summer,Taekwondo,+73kg,Bronze
942,Chiara Martin,F,41,SVK,Slovakia,Europe,1924,Paris,France,Summer,Fencing,Sabre Individual,Silver
943,Fatima Nelson,F,29,KAZ,Kazakhstan,Asia,1936,Berlin,Germany,Summer,Wrestling,Freestyle 65kg,Gold
944,Alexei Young,M,26,UZB,Uzbekistan,Asia,1980,Moscow,Russia,Summer,Archery,Individual Compound,Silver
945,Ingeborg Lee,F,31,KOR,South Korea,Asia,2002,Salt Lake City,USA,Winter,Figure Skating,Figure Skating Mass Start,Silver
946,Sven Martin,M,38,COL,Colombia,South America,1900,Paris,France,Summer,Canoe,Canoe Sprint,Silver
947,Katarina Wilson,F,41,AUT,Austria,Europe,1988,Seoul,South Korea,Summer,Basketball,3x3 Basketball,Bronze
948,Claire Miller,F,24,USA,United States,North America,1948,London,Great Britain,Summer,Tennis,Doubles,Gold
949,Isabella Allen,F,41,FIN,Finland,Europe,1956,Melbourne,Australia,Summer,Rowing,Quadruple Sculls,Gold
950,Lucia Davis,F,38,BEL,Belgium,Europe,1952,Helsinki,Finland,Summer,Gymnastics,Team,Gold
951,Lauren Adams,F,29,GER,Germany,Europe,2004,Athens,Greece,Summer,Shooting,Skeet,Bronze
952,Pierre Moore,M,36,RUS,Russia,Europe,1956,Cortina,Italy,Winter,Skeleton,Skeleton Individual,Gold
953,Thomas Martin,M,19,JAM,Jamaica,North America,1968,Mexico City,Mexico,Summer,Rowing,Four,Bronze
954,Nina Hernandez,F,41,TUR,Turkey,Asia,2006,Turin,Italy,Winter,Ski Jumping,Ski Jumping Sprint,Silver
955,Claire Jackson,F,41,NED,Netherlands,Europe,2010,Vancouver,Canada,Winter,Ice Hockey,Ice Hockey Mass Start,Gold
956,Yuna Smith,F,34,NZL,New Zealand,Oceania,1968,Grenoble,France,Winter,Bobsled,Bobsled Sprint,Gold
957,Fatima Anderson,F,22,AUS,Australia,Oceania,1988,Seoul,South Korea,Summer,Canoe,Canoe Sprint,Gold
958,Lisa Lee,F,20,TUR,Turkey,Asia,1968,Mexico City,Mexico,Summer,Canoe,Canoe Slalom,Gold
959,Sofia Lopez,F,40,KAZ,Kazakhstan,Asia,1988,Calgary,Canada,Winter,Biathlon,Biathlon Individual,Gold
960,Chiara Lopez,F,25,HUN,Hungary,Europe,1936,Garmisch,Germany,Winter,Nordic Combined,Nordic Combined Pursuit,Silver
961,Marco Jackson,M,25,TUR,Turkey,Asia,1924,Chamonix,France,Winter,Luge,Luge Pursuit,Silver
962,Yuna Mitchell,F,24,CHN,China,Asia,1932,Los Angeles,USA,Summer,Football,Football,Silver
963,David Clark,M,31,AUS,Australia,Oceania,1948,London,Great Britain,Summer,Volleyball,Beach Volleyball,Bronze
964,Lauren Thompson,F,39,KAZ,Kazakhstan,Asia,1968,Mexico City,Mexico,Summer,Rowing,Lightweight Double Sculls,Gold
965,Mei Lewis,F,23,RUS,Russia,Europe,1920,Antwerp,Belgium,Summer,Archery,Individual Recurve,Bronze
966,Lauren Walker,F,32,USA,United States,North America,2000,Sydney,Australia,Summer,Canoe,Canoe Sprint,Silver
967,Thomas Thompson,M,34,CZE,Czech Republic,Europe,1968,Mexico City,Mexico,Summer,Volleyball,Volleyball,Gold
968,Carlos Scott,M,18,SUI,Switzerland,Europe,1980,Lake Placid,USA,Winter,Skeleton,Skeleton Super-G,Silver
969,Hans Garcia,M,20,JAM,Jamaica,North America,1928,Amsterdam,Netherlands,Summer,Shooting,10m Air Pistol,Bronze
970,Nina Young,F,32,BRA,Brazil,South America,1964,Tokyo,Japan,Summer,Football,Football,Gold
971,Kim Taylor,F,17,KOR,South Korea,Asia,1956,Cortina,Italy,Winter,Nordic Combined,Nordic Combined Slalom,Gold
972,Ingeborg King,F,21,IND,India,Asia,1936,Garmisch,Germany,Winter,Ice Hockey,Ice Hockey Individual,Silver
973,Rebecca Lopez,F,38,FIN,Finland,Europe,1924,Paris,France,Summer,Badminton,Singles,Silver
974,Kim Martinez,F,18,ITA,Italy,Europe,1980,Moscow,Russia,Summer,Weightlifting,63kg,Gold
975,Michael Scott,M,34,KEN,Kenya,Africa,2022,Beijing,China,Winter,Ice Hockey,Ice Hockey Giant Slalom,Bronze
976,Anna Rodriguez,F,37,CUB,Cuba,North America,1932,Los Angeles,USA,Summer,Football,Football,Gold
977,Anna Clark,F,34,NZL,New Zealand,Oceania,1952,Oslo,Norway,Winter,Freestyle Skiing,Freestyle Skiing Team,Gold
978,Svetlana Garcia,F,30,COL,Colombia,South America,1900,Paris,France,Summer,Gymnastics,Team,Bronze
979,Chiara Baker,F,26,POR,Portugal,Europe,2000,Sydney,Australia,Summer,Athletics,3000m Steeplechase,Gold
980,Kwame Walker,M,33,USA,United States,North America,1936,Berlin,Germany,Summer,Swimming,200m Breaststroke,Gold
981,Sarah White,F,18,CUB,Cuba,North America,1968,Mexico City,Mexico,Summer,Shooting,25m Pistol,Gold
982,Chris Lopez,M,19,ETH,Ethiopia,Africa,1964,Innsbruck,Austria,Winter,Ski Jumping,Ski Jumping Downhill,Silver
983,Sven Davis,M,27,AZE,Azerbaijan,Europe,2010,Vancouver,Canada,Winter,Ski Jumping,Ski Jumping Mass Start,Silver
984,Fatima Baker,F,31,FIN,Finland,Europe,1980,Lake Placid,USA,Winter,Figure Skating,Figure Skating Slalom,Bronze
985,Darius Young,M,29,GRE,Greece,Europe,1972,Munich,Germany,Summer,Gymnastics,All-Around,Gold
986,Sven Taylor,M,36,SUI,Switzerland,Europe,1904,St. Louis,USA,Summer,Table Tennis,Team,Silver
987,Lisa Wright,F,29,ETH,Ethiopia,Africa,1984,Los Angeles,USA,Summer,Table Tennis,Singles,Silver
988,Jessica Brown,F,25,CUB,Cuba,North America,1928,Amsterdam,Netherlands,Summer,Wrestling,Greco-Roman 130kg,Bronze
989,Sven Baker,M,30,USA,United States,North America,1908,London,Great Britain,Summer,Swimming,4x100m Medley Relay,Silver
990,Marco King,M,19,ARG,Argentina,South America,1960,Squaw Valley,USA,Winter,Speed Skating,Speed Skating Team,Gold
991,Jessica King,F,26,USA,United States,North America,2016,Rio de Janeiro,Brazil,Summer,Boxing,75kg,Bronze
992,Thomas Miller,M,22,UKR,Ukraine,Europe,1972,Sapporo,Japan,Winter,Snowboard,Snowboard Mass Start,Bronze
993,Yuki Wilson,M,16,DEN,Denmark,Europe,1992,Albertville,France,Winter,Speed Skating,Speed Skating Team,Gold
994,Chiara Carter,F,37,SUI,Switzerland,Europe,1928,St. Moritz,Switzerland,Winter,Freestyle Skiing,Freestyle Skiing Slalom,Bronze
995,Katarina Hall,F,38,GRE,Greece,Europe,1980,Moscow,Russia,Summer,Judo,57kg,Silver
996,Peter Smith,M,38,USA,United States,North America,1912,Stockholm,Sweden,Summer,Wrestling,Freestyle 74kg,Gold
997,Darius Green,M,29,POR,Portugal,Europe,1976,Innsbruck,Austria,Winter,Freestyle Skiing,Freestyle Skiing Sprint,Gold
998,Anna Anderson,F,16,IND,India,Asia,1912,Stockholm,Sweden,Summer,Judo,78kg,Gold
999,Sofia Nelson,F,16,NGR,Nigeria,Africa,2010,Vancouver,Canada,Winter,Nordic Combined,Nordic Combined Slalom,Gold
1000,Anna Young,F,16,RUS,Russia,Europe,1932,Lake Placid,USA,Winter,Speed Skating,Speed Skating Downhill,Silver
1001,Mei Hall,F,17,SVK,Slovakia,Europe,2024,Paris,France,Summer,Badminton,Mixed Doubles,Silver
1002,Michael Young,M,32,SWE,Sweden,Europe,1980,Lake Placid,USA,Winter,Snowboard,Snowboard Slalom,Bronze
1003,Anna Lopez,F,31,KEN,Kenya,Africa,1956,Cortina,Italy,Winter,Curling,Curling Team,Bronze
1004,Elena Martinez,F,16,UZB,Uzbekistan,Asia,1998,Nagano,Japan,Winter,Bobsled,Bobsled Slalom,Bronze
1005,Steven Nelson,M,32,FIN,Finland,Europe,1932,Lake Placid,USA,Winter,Skeleton,Skeleton Super-G,Bronze
1006,Ingeborg Walker,F,39,JPN,Japan,Asia,1960,Rome,Italy,Summer,Canoe,Canoe Slalom,Silver
1007,Peter Martinez,M,35,IND,India,Asia,2022,Beijing,China,Winter,Freestyle Skiing,Freestyle Skiing Super-G,Bronze
1008,Thomas Carter,M,22,JPN,Japan,Asia,2010,Vancouver,Canada,Winter,Biathlon,Biathlon Slalom,Silver
1009,Alexei Brown,M,22,ZIM,Zimbabwe,Africa,1920,Antwerp,Belgium,Summer,Football,Football,Gold
1010,Ivan Williams,M,21,AZE,Azerbaijan,Europe,1960,Squaw Valley,USA,Winter,Speed Skating,Speed Skating Super-G,Gold
1011,Alexei Harris,M,19,GRE,Greece,Europe,1960,Rome,Italy,Summer,Football,Football,Silver
1012,Ingeborg Hill,F,20,GBR,Great Britain,Europe,1948,St. Moritz,Switzerland,Winter,Bobsled,Bobsled Super-G,Bronze
1013,Anna Davis,F,40,POL,Poland,Europe,2000,Sydney,Australia,Summer,Weightlifting,63kg,Bronze
1014,John Anderson,M,32,CZE,Czech Republic,Europe,1994,Lillehammer,Norway,Winter,Ski Jumping,Ski Jumping Team,Bronze
1015,Sofia Hill,F,38,CAN,Canada,North America,1924,Paris,France,Summer,Rowing,Eight,Silver
1016,Peter Hernandez,M,19,UKR,Ukraine,Europe,2008,Beijing,China,Summer,Weightlifting,69kg,Silver
1017,Claire Hill,F,26,CUB,Cuba,North America,2014,Sochi,Russia,Winter,Ski Jumping,Ski Jumping Individual,Gold
1018,Svetlana Martin,F,27,KAZ,Kazakhstan,Asia,1912,Stockholm,Sweden,Summer,Shooting,25m Rapid Fire Pistol,Gold
1019,Ahmed Allen,M,41,SWE,Sweden,Europe,2012,London,Great Britain,Summer,Table Tennis,Team,Silver
1020,Isabella Johnson,F,20,CHN,China,Asia,1976,Montreal,Canada,Summer,Table Tennis,Team,Bronze
1021,Ingrid Anderson,F,26,AUS,Australia,Oceania,2018,PyeongChang,South Korea,Winter,Curling,Curling Team,Silver
1022,James Scott,M,34,COL,Colombia,South America,1906,Athens,Greece,Summer,Basketball,Basketball,Silver
1023,Sarah Garcia,F,27,ZIM,Zimbabwe,Africa,1968,Grenoble,France,Winter,Luge,Luge Giant Slalom,Bronze
1024,Kwame Mitchell,M,33,FIN,Finland,Europe,1994,Lillehammer,Norway,Winter,Ice Hockey,Ice Hockey Downhill,Bronze
1025,Kim Robinson,F,40,POR,Portugal,Europe,1972,Sapporo,Japan,Winter,Nordic Combined,Nordic Combined Super-G,Gold
1026,Alexei Martinez,M,32,RSA,South Africa,Africa,1904,St. Louis,USA,Summer,Archery,Individual Compound,Gold
1027,Svetlana Anderson,F,40,MEX,Mexico,North America,1912,Stockholm,Sweden,Summer,Table Tennis,Team,Gold
1028,Lucia Hill,F,39,CUB,Cuba,North America,1900,Paris,France,Summer,Archery,Individual Compound,Gold
1029,Diego Wilson,M,17,AUS,Australia,Oceania,2008,Beijing,China,Summer,Swimming,200m Butterfly,Silver
1030,Chris Martinez,M,27,CUB,Cuba,North America,1956,Melbourne,Australia,Summer,Taekwondo,49kg,Bronze
1031,Carlos Scott,M,19,MEX,Mexico,North America,2016,Rio de Janeiro,Brazil,Summer,Taekwondo,68kg,Bronze
1032,Lars Young,M,20,SUI,Switzerland,Europe,1932,Lake Placid,USA,Winter,Cross-Country Skiing,Cross-Country Skiing Super-G,Silver
1033,Sofia Jones,F,22,JPN,Japan,Asia,1912,Stockholm,Sweden,Summer,Gymnastics,Floor Exercise,Silver
1034,Jessica Lopez,F,24,SVK,Slovakia,Europe,2002,Salt Lake City,USA,Winter,Curling,Curling Downhill,Bronze
1035,Maria Hill,F,21,NGR,Nigeria,Africa,1972,Munich,Germany,Summer,Tennis,Mixed Doubles,Gold
1036,Peter King,M,38,KAZ,Kazakhstan,Asia,1980,Moscow,Russia,Summer,Tennis,Singles,Silver
1037,Anna Lee,F,19,KAZ,Kazakhstan,Asia,1904,St. Louis,USA,Summer,Boxing,91kg,Bronze
1038,Chris Lee,M,27,KOR,South Korea,Asia,1952,Oslo,Norway,Winter,Skiing,Skiing Giant Slalom,Silver
1039,Mohammed Allen,M,41,KOR,South Korea,Asia,1952,Oslo,Norway,Winter,Skeleton,Skeleton Individual,Gold
1040,Alexei Lewis,M,19,RUS,Russia,Europe,1956,Melbourne,Australia,Summer,Judo,81kg,Gold
1041,Sofia Rodriguez,F,34,ROM,Romania,Europe,1904,St. Louis,USA,Summer,Football,Football,Silver
1042,Sofia Hernandez,F,40,JPN,Japan,Asia,1976,Innsbruck,Austria,Winter,Cross-Country Skiing,Cross-Country Skiing Sprint,Gold
1043,Yuna Hall,F,28,GRE,Greece,Europe,2008,Beijing,China,Summer,Fencing,Foil Individual,Silver
1044,Lars Smith,M,21,KEN,Kenya,Africa,1984,Sarajevo,Yugoslavia,Winter,Skiing,Skiing Slalom,Bronze
1045,Kwame Green,M,22,POR,Portugal,Europe,1996,Atlanta,USA,Summer,Judo,52kg,Bronze
1046,Sven Green,M,19,AUS,Australia,Oceania,2012,London,Great Britain,Summer,Swimming,4x100m Medley Relay,Gold
1047,Rebecca Carter,F,18,CUB,Cuba,North America,1900,Paris,France,Summer,Shooting,50m Rifle 3 Positions,Silver
1048,Elena Allen,F,29,CHN,China,Asia,1968,Mexico City,Mexico,Summer,Taekwondo,49kg,Gold
1049,John Green,M,19,BRA,Brazil,South America,1984,Los Angeles,USA,Summer,Fencing,Foil Team,Gold
1050,Chris Allen,M,20,BRA,Brazil,South America,1952,Oslo,Norway,Winter,Ice Hockey,Ice Hockey Sprint,Bronze
1051,James Robinson,M,38,NED,Netherlands,Europe,1928,St. Moritz,Switzerland,Winter,Skiing,Skiing Super-G,Silver
1052,Ingrid Wilson,F,24,BEL,Belgium,Europe,1920,Antwerp,Belgium,Summer,Fencing,Epee Individual,Gold
1053,Fatima Brown,F,19,NGR,Nigeria,Africa,1932,Lake Placid,USA,Winter,Figure Skating,Figure Skating Pursuit,Silver
1054,Lucia Harris,F,16,GER,Germany,Europe,1976,Montreal,Canada,Summer,Archery,Team Compound,Gold
1055,Mohammed Allen,M,25,CUB,Cuba,North America,1952,Helsinki,Finland,Summer,Archery,Individual Recurve,Silver
1056,Elena Martin,F,33,KOR,South Korea,Asia,1912,Stockholm,Sweden,Summer,Table Tennis,Singles,Bronze
1057,Kwame Martinez,M,30,GBR,Great Britain,Europe,1972,Munich,Germany,Summer,Archery,Team Compound,Bronze
1058,Fatima Walker,F,35,IND,India,Asia,1928,St. Moritz,Switzerland,Winter,Skiing,Skiing Individual,Silver
1059,Elena Green,F,17,SVK,Slovakia,Europe,2022,Beijing,China,Winter,Freestyle Skiing,Freestyle Skiing Pursuit,Bronze
1060,Alexei Garcia,M,39,JPN,Japan,Asia,1908,London,Great Britain,Summer,Judo,66kg,Silver
1061,Fatima Hernandez,F,36,AZE,Azerbaijan,Europe,1936,Berlin,Germany,Summer,Canoe,Canoe Slalom,Silver
1062,Nina Smith,F,35,NOR,Norway,Europe,1948,London,Great Britain,Summer,Fencing,Sabre Individual,Bronze
1063,Sarah Thomas,F,16,TUR,Turkey,Asia,1924,Chamonix,France,Winter,Freestyle Skiing,Freestyle Skiing Individual,Silver
1064,Darius Jones,M,41,IRN,Iran,Asia,1988,Seoul,South Korea,Summer,Badminton,Doubles,Bronze
1065,Lauren Lewis,F,28,ITA,Italy,Europe,1900,Paris,France,Summer,Tennis,Mixed Doubles,Silver
1066,Yuna Smith,F,16,HUN,Hungary,Europe,1932,Los Angeles,USA,Summer,Athletics,800m,Silver
1067,Darius Robinson,M,35,HUN,Hungary,Europe,2002,Salt Lake City,USA,Winter,Nordic Combined,Nordic Combined Super-G,Bronze
1068,Hans Carter,M,24,ESP,Spain,Europe,1936,Garmisch,Germany,Winter,Figure Skating,Figure Skating Slalom,Gold
1069,Aisha Lopez,F,34,ITA,Italy,Europe,1896,Athens,Greece,Summer,Rowing,Lightweight Double Sculls,Gold
1070,Robert Moore,M,39,GER,Germany,Europe,1988,Seoul,South Korea,Summer,Rowing,Quadruple Sculls,Silver
1071,Katarina Smith,F,22,MEX,Mexico,North America,1988,Calgary,Canada,Winter,Cross-Country Skiing,Cross-Country Skiing Pursuit,Bronze
1072,Lucia Brown,F,16,AZE,Azerbaijan,Europe,2002,Salt Lake City,USA,Winter,Curling,Curling Mass Start,Silver
1073,Olga Scott,F,31,ITA,Italy,Europe,1972,Munich,Germany,Summer,Football,Football,Gold
1074,Sofia Clark,F,33,KEN,Kenya,Africa,2008,Beijing,China,Summer,Cycling,Road Race,Gold
1075,Steven Young,M,39,AUS,Australia,Oceania,1968,Mexico City,Mexico,Summer,Rowing,Eight,Gold
1076,Svetlana Davis,F,18,UKR,Ukraine,Europe,1948,London,Great Britain,Summer,Rowing,Quadruple Sculls,Gold
1077,Yuna Davis,F,24,SVK,Slovakia,Europe,1976,Innsbruck,Austria,Winter,Luge,Luge Individual,Silver
1078,Diego Carter,M,18,UKR,Ukraine,Europe,1948,London,Great Britain,Summer,Fencing,Foil Individual,Bronze
1079,Anna Miller,F,34,AUT,Austria,Europe,1972,Sapporo,Japan,Winter,Ski Jumping,Ski Jumping Team,Gold
1080,David Brown,M,41,UZB,Uzbekistan,Asia,1904,St. Louis,USA,Summer,Basketball,3x3 Basketball,Silver
1081,James Adams,M,37,GER,Germany,Europe,1906,Athens,Greece,Summer,Judo,57kg,Gold
1082,Diego Allen,M,35,NZL,New Zealand,Oceania,1952,Oslo,Norway,Winter,Cross-Country Skiing,Cross-Country Skiing Downhill,Gold
1083,Lucia Mitchell,F,30,SUI,Switzerland,Europe,1992,Albertville,France,Winter,Ski Jumping,Ski Jumping Individual,Bronze
1084,Ivan Rodriguez,M,30,AZE,Azerbaijan,Europe,1920,Antwerp,Belgium,Summer,Fencing,Sabre Team,Bronze
1085,Peter Baker,M,34,USA,United States,North America,1932,Lake Placid,USA,Winter,Biathlon,Biathlon Team,Gold
1086,Chiara Mitchell,F,31,POL,Poland,Europe,1996,Atlanta,USA,Summer,Table Tennis,Team,Silver
1087,Chris Nelson,M,20,GBR,Great Britain,Europe,1932,Los Angeles,USA,Summer,Cycling,Sprint,Silver
1088,Hans Robinson,M,20,ZIM,Zimbabwe,Africa,1980,Lake Placid,USA,Winter,Freestyle Skiing,Freestyle Skiing Super-G,Bronze
1089,Steven Hill,M,17,MEX,Mexico,North America,1960,Rome,Italy,Summer,Judo,100kg,Bronze
1090,Robert Rodriguez,M,41,HUN,Hungary,Europe,2024,Paris,France,Summer,Swimming,400m Individual Medley,Gold
1091,Ingeborg Rodriguez,F,35,UZB,Uzbekistan,Asia,2000,Sydney,Australia,Summer,Badminton,Mixed Doubles,Bronze
1092,Anna King,F,21,BEL,Belgium,Europe,1988,Calgary,Canada,Winter,Bobsled,Bobsled Mass Start,Gold
1093,Steven King,M,38,AUT,Austria,Europe,1980,Moscow,Russia,Summer,Cycling,Road Race,Bronze
1094,Ingrid Thomas,F,22,UKR,Ukraine,Europe,1936,Berlin,Germany,Summer,Cycling,BMX Racing,Gold
1095,Pierre Jackson,M,25,ETH,Ethiopia,Africa,1964,Tokyo,Japan,Summer,Athletics,400m,Bronze
1096,Chris Thomas,M,22,CHN,China,Asia,1992,Barcelona,Spain,Summer,Volleyball,Volleyball,Gold
1097,Peter Smith,M,21,UKR,Ukraine,Europe,1948,St. Moritz,Switzerland,Winter,Nordic Combined,Nordic Combined Sprint,Gold
1098,Darius Wilson,M,28,CHN,China,Asia,2022,Beijing,China,Winter,Speed Skating,Speed Skating Team,Silver
1099,Kwame Young,M,32,RUS,Russia,Europe,1936,Berlin,Germany,Summer,Judo,48kg,Bronze
1100,Alexei Walker,M,22,JPN,Japan,Asia,1908,London,Great Britain,Summer,Weightlifting,69kg,Bronze
1101,Diego Mitchell,M,17,DEN,Denmark,Europe,1964,Tokyo,Japan,Summer,Fencing,Epee Team,Bronze
1102,Steven Brown,M,26,ETH,Ethiopia,Africa,1932,Lake Placid,USA,Winter,Cross-Country Skiing,Cross-Country Skiing Giant Slalom,Bronze
1103,Chiara Miller,F,22,ARG,Argentina,South America,2016,Rio de Janeiro,Brazil,Summer,Shooting,25m Pistol,Silver
1104,Svetlana Hill,F,40,CAN,Canada,North America,2016,Rio de Janeiro,Brazil,Summer,Canoe,Canoe Sprint,Silver
1105,Olga Scott,F,38,NED,Netherlands,Europe,1980,Moscow,Russia,Summer,Table Tennis,Team,Bronze
1106,Ingrid Nelson,F,34,IND,India,Asia,1976,Innsbruck,Austria,Winter,Nordic Combined,Nordic Combined Slalom,Bronze
1107,Ingrid White,F,23,HUN,Hungary,Europe,1904,St. Louis,USA,Summer,Rowing,Pair,Silver
1108,Lisa Moore,F,33,ESP,Spain,Europe,1972,Munich,Germany,Summer,Basketball,Basketball,Gold
1109,James King,M,34,POL,Poland,Europe,1952,Oslo,Norway,Winter,Skeleton,Skeleton Giant Slalom,Bronze
1110,Lucia Lee,F,29,FIN,Finland,Europe,1994,Lillehammer,Norway,Winter,Bobsled,Bobsled Downhill,Silver
1111,Steven Thompson,M,30,CHN,China,Asia,1956,Cortina,Italy,Winter,Speed Skating,Speed Skating Downhill,Bronze
1112,Mark Harris,M,41,ETH,Ethiopia,Africa,1908,London,Great Britain,Summer,Volleyball,Volleyball,Gold
1113,Carlos Thompson,M,37,USA,United States,North America,1924,Paris,France,Summer,Gymnastics,Horizontal Bar,Silver
1114,Lars Green,M,40,HUN,Hungary,Europe,2010,Vancouver,Canada,Winter,Cross-Country Skiing,Cross-Country Skiing Mass Start,Silver
1115,Isabella Johnson,F,34,NZL,New Zealand,Oceania,1896,Athens,Greece,Summer,Judo,90kg,Silver
1116,Marco White,M,23,NZL,New Zealand,Oceania,1998,Nagano,Japan,Winter,Curling,Curling Sprint,Silver
1117,Lisa Clark,F,26,SUI,Switzerland,Europe,1936,Garmisch,Germany,Winter,Curling,Curling Giant Slalom,Gold
1118,Sarah Lee,F,33,FIN,Finland,Europe,1972,Munich,Germany,Summer,Football,Football,Gold
1119,Sven Lewis,M,31,ZIM,Zimbabwe,Africa,1988,Calgary,Canada,Winter,Cross-Country Skiing,Cross-Country Skiing Sprint,Silver
1120,Isabella Green,F,40,AZE,Azerbaijan,Europe,1936,Garmisch,Germany,Winter,Luge,Luge Downhill,Silver
1121,David Rodriguez,M,20,ROM,Romania,Europe,1956,Cortina,Italy,Winter,Snowboard,Snowboard Individual,Bronze
1122,Robert Green,M,28,RSA,South Africa,Africa,1996,Atlanta,USA,Summer,Canoe,Canoe Slalom,Silver
1123,Claire Miller,F,36,UKR,Ukraine,Europe,1932,Lake Placid,USA,Winter,Skeleton,Skeleton Team,Gold
1124,Elena Jackson,F,16,GBR,Great Britain,Europe,1920,Antwerp,Belgium,Summer,Archery,Team Recurve,Gold
1125,Aisha Jones,F,37,SWE,Sweden,Europe,1964,Innsbruck,Austria,Winter,Speed Skating,Speed Skating Pursuit,Silver
1126,Ingrid Anderson,F,29,CAN,Canada,North America,1906,Athens,Greece,Summer,Volleyball,Volleyball,Gold
1127,Peter Moore,M,28,IND,India,Asia,1924,Chamonix,France,Winter,Curling,Curling Downhill,Gold
1128,Kim Hill,F,34,CAN,Canada,North America,1956,Melbourne,Australia,Summer,Football,Football,Bronze
1129,Pierre Jones,M,20,HUN,Hungary,Europe,2002,Salt Lake City,USA,Winter,Skeleton,Skeleton Mass Start,Silver
1130,Mei King,F,34,MEX,Mexico,North America,1992,Albertville,France,Winter,Ski Jumping,Ski Jumping Pursuit,Silver
1131,Ingeborg Robinson,F,27,ETH,Ethiopia,Africa,1988,Calgary,Canada,Winter,Skiing,Skiing Team,Silver
1132,Kwame Young,M,21,BEL,Belgium,Europe,1994,Lillehammer,Norway,Winter,Cross-Country Skiing,Cross-Country Skiing Sprint,Silver
1133,Lars Williams,M,28,UZB,Uzbekistan,Asia,1964,Innsbruck,Austria,Winter,Freestyle Skiing,Freestyle Skiing Sprint,Gold
1134,Marco White,M,38,ETH,Ethiopia,Africa,1928,St. Moritz,Switzerland,Winter,Speed Skating,Speed Skating Giant Slalom,Silver
1135,Isabella Davis,F,18,ITA,Italy,Europe,1968,Grenoble,France,Winter,Ski Jumping,Ski Jumping Giant Slalom,Bronze
1136,Fatima White,F,21,BEL,Belgium,Europe,2014,Sochi,Russia,Winter,Ski Jumping,Ski Jumping Super-G,Bronze
1137,Nina Hall,F,28,GER,Germany,Europe,1904,St. Louis,USA,Summer,Tennis,Singles,Gold
1138,Sven King,M,26,GBR,Great Britain,Europe,1968,Mexico City,Mexico,Summer,Swimming,50m Freestyle,Silver
1139,Mei Garcia,F,20,CUB,Cuba,North America,1976,Montreal,Canada,Summer,Gymnastics,Pommel Horse,Gold
1140,Chris Wilson,M,21,TUR,Turkey,Asia,1928,St. Moritz,Switzerland,Winter,Cross-Country Skiing,Cross-Country Skiing Individual,Bronze
1141,Mark Taylor,M,37,GER,Germany,Europe,2010,Vancouver,Canada,Winter,Luge,Luge Sprint,Silver
1142,Alexei White,M,37,KAZ,Kazakhstan,Asia,1960,Squaw Valley,USA,Winter,Ice Hockey,Ice Hockey Pursuit,Silver
1143,Lars Robinson,M,28,KAZ,Kazakhstan,Asia,2004,Athens,Greece,Summer,Swimming,4x100m Medley Relay,Silver
1144,Kim Martin,F,40,RUS,Russia,Europe,1906,Athens,Greece,Summer,Canoe,Canoe Sprint,Silver
1145,Sarah Rodriguez,F,16,CHN,China,Asia,1948,London,Great Britain,Summer,Rowing,Double Sculls,Gold
1146,Sven Anderson,M,41,SWE,Sweden,Europe,2002,Salt Lake City,USA,Winter,Freestyle Skiing,Freestyle Skiing Team,Bronze
1147,Carlos Adams,M,26,ARG,Argentina,South America,1928,St. Moritz,Switzerland,Winter,Skiing,Skiing Downhill,Bronze
1148,Anna Harris,F,29,IRN,Iran,Asia,1932,Lake Placid,USA,Winter,Snowboard,Snowboard Pursuit,Gold
1149,Darius Clark,M,28,NED,Netherlands,Europe,1920,Antwerp,Belgium,Summer,Volleyball,Beach Volleyball,Gold
1150,Mark Mitchell,M,37,SWE,Sweden,Europe,1964,Innsbruck,Austria,Winter,Figure Skating,Figure Skating Slalom,Silver
1151,Ingeborg Green,F,19,TUR,Turkey,Asia,1904,St. Louis,USA,Summer,Gymnastics,Vault,Bronze
1152,Ingeborg Walker,F,36,TUR,Turkey,Asia,1928,St. Moritz,Switzerland,Winter,Speed Skating,Speed Skating Team,Bronze
1153,Diego Clark,M,36,UKR,Ukraine,Europe,2014,Sochi,Russia,Winter,Nordic Combined,Nordic Combined Sprint,Bronze
1154,Aisha Harris,F,28,CHN,China,Asia,1976,Innsbruck,Austria,Winter,Biathlon,Biathlon Super-G,Bronze
1155,Steven Young,M,25,JAM,Jamaica,North America,1992,Barcelona,Spain,Summer,Athletics,Marathon,Gold
1156,Claire Jackson,F,31,JPN,Japan,Asia,1994,Lillehammer,Norway,Winter,Biathlon,Biathlon Individual,Gold
1157,Nina Moore,F,39,CUB,Cuba,North America,1964,Innsbruck,Austria,Winter,Figure Skating,Figure Skating Individual,Silver
1158,Claire Smith,F,36,MEX,Mexico,North America,1956,Cortina,Italy,Winter,Freestyle Skiing,Freestyle Skiing Individual,Gold
1159,James Martin,M,33,CUB,Cuba,North America,2024,Paris,France,Summer,Fencing,Sabre Individual,Bronze
1160,Sofia Johnson,F,21,MEX,Mexico,North America,2004,Athens,Greece,Summer,Cycling,Mountain Bike,Gold
1161,Robert Thomas,M,20,GBR,Great Britain,Europe,1980,Moscow,Russia,Summer,Gymnastics,Vault,Bronze
1162,Marco King,M,29,ARG,Argentina,South America,1988,Seoul,South Korea,Summer,Rowing,Pair,Silver
1163,Lauren Martin,F,21,CUB,Cuba,North America,1928,St. Moritz,Switzerland,Winter,Nordic Combined,Nordic Combined Pursuit,Silver
1164,Hans Miller,M,24,AUT,Austria,Europe,1952,Oslo,Norway,Winter,Snowboard,Snowboard Slalom,Silver
1165,Aisha Mitchell,F,29,IND,India,Asia,1968,Mexico City,Mexico,Summer,Basketball,Basketball,Bronze
1166,Chris Carter,M,40,RUS,Russia,Europe,1972,Munich,Germany,Summer,Wrestling,Greco-Roman 77kg,Bronze
1167,Claire King,F,30,BRA,Brazil,South America,1928,Amsterdam,Netherlands,Summer,Archery,Team Recurve,Silver
1168,Ingeborg Wright,F,20,GER,Germany,Europe,1964,Innsbruck,Austria,Winter,Curling,Curling Slalom,Gold
1169,Ingrid Allen,F,31,USA,United States,North America,1928,Amsterdam,Netherlands,Summer,Rowing,Single Sculls,Silver
1170,Jessica Jones,F,36,NGR,Nigeria,Africa,2010,Vancouver,Canada,Winter,Bobsled,Bobsled Downhill,Silver
1171,Ahmed Thompson,M,40,CAN,Canada,North America,1904,St. Louis,USA,Summer,Weightlifting,105kg,Bronze
1172,Emma Walker,F,38,AUT,Austria,Europe,1960,Squaw Valley,USA,Winter,Curling,Curling Slalom,Silver
1173,Darius Smith,M,27,IND,India,Asia,2010,Vancouver,Canada,Winter,Figure Skating,Figure Skating Pursuit,Bronze
1174,Steven Carter,M,24,AZE,Azerbaijan,Europe,2000,Sydney,Australia,Summer,Wrestling,Freestyle 97kg,Bronze
1175,Ingeborg Nelson,F,28,CUB,Cuba,North America,2000,Sydney,Australia,Summer,Boxing,49kg,Gold
1176,Ingeborg Robinson,F,24,CAN,Canada,North America,1984,Los Angeles,USA,Summer,Rowing,Lightweight Double Sculls,Bronze
1177,Lucia Miller,F,39,SVK,Slovakia,Europe,1984,Sarajevo,Yugoslavia,Winter,Freestyle Skiing,Freestyle Skiing Downhill,Gold
1178,Yuki Robinson,M,39,KEN,Kenya,Africa,1996,Atlanta,USA,Summer,Taekwondo,57kg,Gold
1179,Diego Allen,M,18,USA,United States,North America,1928,St. Moritz,Switzerland,Winter,Cross-Country Skiing,Cross-Country Skiing Slalom,Bronze
1180,Wei Thomas,M,21,DEN,Denmark,Europe,1968,Grenoble,France,Winter,Freestyle Skiing,Freestyle Skiing Mass Start,Bronze
1181,Mohammed White,M,30,NED,Netherlands,Europe,1924,Chamonix,France,Winter,Figure Skating,Figure Skating Slalom,Gold
1182,Sofia Mitchell,F,29,HUN,Hungary,Europe,1932,Lake Placid,USA,Winter,Skiing,Skiing Sprint,Gold
1183,Nina Smith,F,18,USA,United States,North America,1996,Atlanta,USA,Summer,Boxing,52kg,Bronze
1184,James Garcia,M,16,AZE,Azerbaijan,Europe,1948,London,Great Britain,Summer,Badminton,Doubles,Gold
1185,Kwame Scott,M,28,CHN,China,Asia,2000,Sydney,Australia,Summer,Taekwondo,49kg,Silver
1186,Olga Rodriguez,F,26,TUR,Turkey,Asia,1980,Moscow,Russia,Summer,Badminton,Doubles,Silver
1187,Lauren Brown,F,28,COL,Colombia,South America,2020,Tokyo,Japan,Summer,Cycling,Omnium,Silver
1188,Maria Smith,F,39,UZB,Uzbekistan,Asia,1960,Rome,Italy,Summer,Weightlifting,56kg,Bronze
1189,Pierre Mitchell,M,27,UZB,Uzbekistan,Asia,1924,Paris,France,Summer,Table Tennis,Team,Bronze
1190,Darius Clark,M,16,BEL,Belgium,Europe,2000,Sydney,Australia,Summer,Badminton,Mixed Doubles,Gold
1191,Lauren Lopez,F,23,JAM,Jamaica,North America,1996,Atlanta,USA,Summer,Volleyball,Volleyball,Silver
1192,Katarina Davis,F,31,POL,Poland,Europe,2010,Vancouver,Canada,Winter,Snowboard,Snowboard Team,Bronze
1193,Mohammed Hill,M,32,KAZ,Kazakhstan,Asia,1964,Innsbruck,Austria,Winter,Speed Skating,Speed Skating Pursuit,Gold
1194,Sofia Wilson,F,21,ZIM,Zimbabwe,Africa,1924,Chamonix,France,Winter,Skeleton,Skeleton Team,Silver
1195,Diego Miller,M,21,CUB,Cuba,North America,2000,Sydney,Australia,Summer,Archery,Team Recurve,Gold
1196,Fatima Harris,F,40,JAM,Jamaica,North America,1972,Munich,Germany,Summer,Athletics,5000m,Bronze
1197,David Green,M,37,COL,Colombia,South America,1948,St. Moritz,Switzerland,Winter,Freestyle Skiing,Freestyle Skiing Slalom,Bronze
1198,Jessica Carter,F,23,UZB,Uzbekistan,Asia,2008,Beijing,China,Summer,Badminton,Singles,Gold
1199,Svetlana Adams,F,36,KAZ,Kazakhstan,Asia,1998,Nagano,Japan,Winter,Bobsled,Bobsled Downhill,Silver
1200,Robert Wilson,M,25,BRA,Brazil,South America,2018,PyeongChang,South Korea,Winter,Figure Skating,Figure Skating Pursuit,Gold
1201,Nina Walker,F,20,ITA,Italy,Europe,1960,Rome,Italy,Summer,Taekwondo,80kg,Bronze
1202,Ahmed Clark,M,28,RUS,Russia,Europe,2010,Vancouver,Canada,Winter,Skiing,Skiing Mass Start,Silver
1203,Yuki Johnson,M,19,MEX,Mexico,North America,2018,PyeongChang,South Korea,Winter,Freestyle Skiing,Freestyle Skiing Sprint,Bronze
1204,Mei King,F,23,KOR,South Korea,Asia,2024,Paris,France,Summer,Tennis,Doubles,Gold
1205,Carlos Robinson,M,35,COL,Colombia,South America,1992,Albertville,France,Winter,Speed Skating,Speed Skating Sprint,Bronze
1206,Kim Lopez,F,36,KAZ,Kazakhstan,Asia,2004,Athens,Greece,Summer,Weightlifting,85kg,Silver
1207,Peter Harris,M,38,UKR,Ukraine,Europe,2006,Turin,Italy,Winter,Luge,Luge Individual,Bronze
1208,Katarina Anderson,F,25,NGR,Nigeria,Africa,2010,Vancouver,Canada,Winter,Skiing,Skiing Sprint,Gold
1209,Isabella Hall,F,27,DEN,Denmark,Europe,1988,Seoul,South Korea,Summer,Basketball,3x3 Basketball,Silver
1210,Alexei Hall,M,38,ETH,Ethiopia,Africa,1908,London,Great Britain,Summer,Table Tennis,Team,Gold
1211,Svetlana Anderson,F,30,KAZ,Kazakhstan,Asia,1924,Chamonix,France,Winter,Bobsled,Bobsled Individual,Bronze
1212,Peter Jackson,M,22,ETH,Ethiopia,Africa,1924,Chamonix,France,Winter,Skeleton,Skeleton Slalom,Bronze
1213,David Walker,M,37,ROM,Romania,Europe,1998,Nagano,Japan,Winter,Skiing,Skiing Super-G,Silver
1214,Hans Thomas,M,27,RUS,Russia,Europe,2002,Salt Lake City,USA,Winter,Cross-Country Skiing,Cross-Country Skiing Sprint,Gold
1215,Svetlana Hall,F,20,SVK,Slovakia,Europe,1924,Paris,France,Summer,Table Tennis,Team,Gold
1216,Marco Walker,M,36,CHN,China,Asia,1904,St. Louis,USA,Summer,Weightlifting,77kg,Bronze
1217,Svetlana Hernandez,F,24,POR,Portugal,Europe,2016,Rio de Janeiro,Brazil,Summer,Gymnastics,Team,Silver
1218,Mohammed Baker,M,16,KOR,South Korea,Asia,1896,Athens,Greece,Summer,Weightlifting,62kg,Bronze
1219,Hans Young,M,28,SVK,Slovakia,Europe,1976,Innsbruck,Austria,Winter,Speed Skating,Speed Skating Team,Silver
1220,Alexei Thomas,M,38,JAM,Jamaica,North America,1988,Calgary,Canada,Winter,Ice Hockey,Ice Hockey Team,Silver
1221,Aisha Nelson,F,18,IRN,Iran,Asia,2020,Tokyo,Japan,Summer,Athletics,Pole Vault,Bronze
1222,Kwame Thomas,M,21,NOR,Norway,Europe,2006,Turin,Italy,Winter,Cross-Country Skiing,Cross-Country Skiing Team,Gold
1223,Mohammed White,M,20,ITA,Italy,Europe,1988,Seoul,South Korea,Summer,Tennis,Doubles,Bronze
1224,John Hill,M,18,BRA,Brazil,South America,1928,St. Moritz,Switzerland,Winter,Biathlon,Biathlon Giant Slalom,Silver
1225,Chris Williams,M,23,DEN,Denmark,Europe,1964,Tokyo,Japan,Summer,Archery,Team Recurve,Bronze
1226,Nina Scott,F,38,JPN,Japan,Asia,2016,Rio de Janeiro,Brazil,Summer,Judo,63kg,Silver
1227,James Martin,M,37,NOR,Norway,Europe,1992,Albertville,France,Winter,Curling,Curling Giant Slalom,Gold
1228,Alexei White,M,35,NOR,Norway,Europe,1932,Lake Placid,USA,Winter,Ice Hockey,Ice Hockey Mass Start,Bronze
1229,Rebecca Thompson,F,18,GRE,Greece,Europe,1960,Squaw Valley,USA,Winter,Speed Skating,Speed Skating Sprint,Silver
1230,Fatima Young,F,18,NZL,New Zealand,Oceania,1964,Innsbruck,Austria,Winter,Freestyle Skiing,Freestyle Skiing Sprint,Bronze
1231,Ingeborg Jackson,F,36,GER,Germany,Europe,1928,Amsterdam,Netherlands,Summer,Archery,Team Recurve,Bronze
1232,Ahmed Walker,M,26,BEL,Belgium,Europe,1964,Tokyo,Japan,Summer,Taekwondo,+73kg,Gold
1233,John Adams,M,33,KEN,Kenya,Africa,1992,Albertville,France,Winter,Figure Skating,Figure Skating Team,Silver
1234,Isabella Garcia,F,26,AUS,Australia,Oceania,1908,London,Great Britain,Summer,Fencing,Sabre Team,Gold
1235,Steven Walker,M,28,USA,United States,North America,2018,PyeongChang,South Korea,Winter,Figure Skating,Figure Skating Mass Start,Gold
1236,Aisha Lewis,F,19,ZIM,Zimbabwe,Africa,2016,Rio de Janeiro,Brazil,Summer,Weightlifting,69kg,Bronze
1237,Anna Brown,F,35,CZE,Czech Republic,Europe,1988,Calgary,Canada,Winter,Cross-Country Skiing,Cross-Country Skiing Mass Start,Gold
1238,Chiara Green,F,41,NED,Netherlands,Europe,1956,Cortina,Italy,Winter,Ski Jumping,Ski Jumping Downhill,Bronze
1239,Michael Hill,M,24,IND,India,Asia,1992,Albertville,France,Winter,Cross-Country Skiing,Cross-Country Skiing Downhill,Bronze
1240,Darius Lee,M,39,JPN,Japan,Asia,1928,Amsterdam,Netherlands,Summer,Wrestling,Freestyle 74kg,Bronze
1241,Sofia Lewis,F,21,KAZ,Kazakhstan,Asia,2014,Sochi,Russia,Winter,Figure Skating,Figure Skating Downhill,Silver
1242,Darius Miller,M,25,DEN,Denmark,Europe,1980,Lake Placid,USA,Winter,Speed Skating,Speed Skating Mass Start,Silver
1243,Marco Martin,M,18,AUS,Australia,Oceania,1968,Grenoble,France,Winter,Ski Jumping,Ski Jumping Super-G,Gold
1244,Mei Johnson,F,33,AUS,Australia,Oceania,1928,St. Moritz,Switzerland,Winter,Snowboard,Snowboard Individual,Silver
1245,Katarina Green,F,32,IND,India,Asia,2002,Salt Lake City,USA,Winter,Curling,Curling Sprint,Bronze
1246,Michael Young,M,39,GRE,Greece,Europe,1924,Paris,France,Summer,Basketball,Basketball,Bronze
1247,Pierre Anderson,M,35,CUB,Cuba,North America,1984,Sarajevo,Yugoslavia,Winter,Nordic Combined,Nordic Combined Super-G,Bronze
1248,David Hill,M,27,NED,Netherlands,Europe,2012,London,Great Britain,Summer,Table Tennis,Singles,Silver
1249,John Rodriguez,M,27,RSA,South Africa,Africa,1906,Athens,Greece,Summer,Football,Football,Bronze
1250,Claire Thompson,F,31,ETH,Ethiopia,Africa,1948,London,Great Britain,Summer,Archery,Individual Recurve,Gold
1251,Kwame Lopez,M,30,KOR,South Korea,Asia,1896,Athens,Greece,Summer,Taekwondo,67kg,Gold
1252,Anna Johnson,F,27,UKR,Ukraine,Europe,1960,Squaw Valley,USA,Winter,Skiing,Skiing Slalom,Silver
1253,Lisa Scott,F,22,CUB,Cuba,North America,2008,Beijing,China,Summer,Boxing,75kg,Bronze
1254,Diego Thompson,M,20,NGR,Nigeria,Africa,1928,Amsterdam,Netherlands,Summer,Football,Football,Gold
1255,Elena Green,F,29,ZIM,Zimbabwe,Africa,1976,Innsbruck,Austria,Winter,Luge,Luge Super-G,Silver
1256,Wei Young,M,20,FIN,Finland,Europe,1920,Antwerp,Belgium,Summer,Tennis,Mixed Doubles,Gold
1257,James Moore,M,25,ITA,Italy,Europe,1960,Squaw Valley,USA,Winter,Cross-Country Skiing,Cross-Country Skiing Pursuit,Silver
1258,Peter Wright,M,37,GBR,Great Britain,Europe,1968,Grenoble,France,Winter,Nordic Combined,Nordic Combined Super-G,Bronze
1259,Diego Hall,M,26,NGR,Nigeria,Africa,1952,Helsinki,Finland,Summer,Weightlifting,105kg,Bronze
1260,Michael Moore,M,41,ITA,Italy,Europe,2008,Beijing,China,Summer,Basketball,Basketball,Gold
1261,Sven Rodriguez,M,17,AZE,Azerbaijan,Europe,1960,Squaw Valley,USA,Winter,Curling,Curling Individual,Silver
1262,Claire Lopez,F,25,DEN,Denmark,Europe,1992,Albertville,France,Winter,Nordic Combined,Nordic Combined Individual,Gold
1263,Ivan Thomas,M,39,GRE,Greece,Europe,2012,London,Great Britain,Summer,Football,Football,Gold
1264,Mei Davis,F,22,CUB,Cuba,North America,1952,Helsinki,Finland,Summer,Weightlifting,85kg,Bronze
1265,John Moore,M,23,HUN,Hungary,Europe,2008,Beijing,China,Summer,Table Tennis,Singles,Silver
1266,Lauren Jackson,F,16,KOR,South Korea,Asia,1904,St. Louis,USA,Summer,Shooting,50m Rifle 3 Positions,Gold
1267,Svetlana Harris,F,38,MEX,Mexico,North America,1906,Athens,Greece,Summer,Basketball,3x3 Basketball,Gold
1268,Emma Robinson,F,36,RUS,Russia,Europe,1960,Rome,Italy,Summer,Football,Football,Gold
1269,Nina Brown,F,23,POL,Poland,Europe,1952,Helsinki,Finland,Summer,Volleyball,Beach Volleyball,Gold
1270,Hans Garcia,M,25,JAM,Jamaica,North America,1904,St. Louis,USA,Summer,Athletics,200m,Bronze
1271,Nina Robinson,F,27,BRA,Brazil,South America,1920,Antwerp,Belgium,Summer,Football,Football,Gold
1272,Chiara Lee,F,27,JPN,Japan,Asia,1920,Antwerp,Belgium,Summer,Athletics,4x100m Relay,Bronze
1273,Svetlana Garcia,F,23,TUR,Turkey,Asia,2014,Sochi,Russia,Winter,Snowboard,Snowboard Giant Slalom,Gold
1274,Marco Carter,M,36,FRA,France,Europe,1992,Barcelona,Spain,Summer,Basketball,Basketball,Gold
1275,Alexei Mitchell,M,18,CHN,China,Asia,1904,St. Louis,USA,Summer,Taekwondo,80kg,Silver
1276,David Jackson,M,17,IRN,Iran,Asia,1956,Melbourne,Australia,Summer,Badminton,Singles,Silver
1277,Svetlana Wilson,F,30,POL,Poland,Europe,1988,Seoul,South Korea,Summer,Shooting,Skeet,Silver
1278,Kwame Garcia,M,21,MEX,Mexico,North America,1908,London,Great Britain,Summer,Badminton,Doubles,Bronze
1279,Lars Jackson,M,41,ROM,Romania,Europe,1924,Chamonix,France,Winter,Speed Skating,Speed Skating Individual,Bronze
1280,Pierre Hill,M,21,AZE,Azerbaijan,Europe,2020,Tokyo,Japan,Summer,Basketball,3x3 Basketball,Silver
1281,Elena Johnson,F,22,TUR,Turkey,Asia,1988,Seoul,South Korea,Summer,Basketball,3x3 Basketball,Gold
1282,Ingeborg Scott,F,32,ARG,Argentina,South America,1988,Calgary,Canada,Winter,Figure Skating,Figure Skating Individual,Silver
1283,Anna Anderson,F,33,KAZ,Kazakhstan,Asia,1956,Melbourne,Australia,Summer,Cycling,Team Sprint,Gold
1284,David Garcia,M,36,ETH,Ethiopia,Africa,1904,St. Louis,USA,Summer,Archery,Team Recurve,Gold
1285,Darius Lewis,M,16,NOR,Norway,Europe,1952,Helsinki,Finland,Summer,Swimming,200m Backstroke,Bronze
1286,Maria Allen,F,39,AUS,Australia,Oceania,1992,Albertville,France,Winter,Bobsled,Bobsled Super-G,Bronze
1287,Steven Garcia,M,27,AUT,Austria,Europe,1952,Oslo,Norway,Winter,Bobsled,Bobsled Individual,Gold
1288,Marco Walker,M,39,COL,Colombia,South America,1948,St. Moritz,Switzerland,Winter,Skiing,Skiing Giant Slalom,Bronze
1289,Nina Garcia,F,23,NOR,Norway,Europe,1948,St. Moritz,Switzerland,Winter,Cross-Country Skiing,Cross-Country Skiing Giant Slalom,Gold
1290,Marco Young,M,39,FIN,Finland,Europe,1992,Barcelona,Spain,Summer,Basketball,Basketball,Silver
1291,Thomas Thomas,M,30,NGR,Nigeria,Africa,1928,Amsterdam,Netherlands,Summer,Badminton,Singles,Gold
1292,Claire Anderson,F,16,POR,Portugal,Europe,1988,Calgary,Canada,Winter,Skeleton,Skeleton Sprint,Gold
1293,Ahmed Martin,M,18,GER,Germany,Europe,2020,Tokyo,Japan,Summer,Basketball,Basketball,Silver
1294,Diego Johnson,M,39,MEX,Mexico,North America,1998,Nagano,Japan,Winter,Luge,Luge Team,Bronze
1295,Diego Williams,M,16,CHN,China,Asia,1920,Antwerp,Belgium,Summer,Basketball,3x3 Basketball,Gold
1296,Michael Davis,M,41,RUS,Russia,Europe,1948,London,Great Britain,Summer,Gymnastics,Parallel Bars,Bronze
1297,David Wright,M,22,KAZ,Kazakhstan,Asia,2010,Vancouver,Canada,Winter,Cross-Country Skiing,Cross-Country Skiing Super-G,Bronze
1298,Maria Martin,F,31,ZIM,Zimbabwe,Africa,1972,Sapporo,Japan,Winter,Cross-Country Skiing,Cross-Country Skiing Sprint,Gold
1299,James Davis,M,16,AUT,Austria,Europe,1984,Sarajevo,Yugoslavia,Winter,Nordic Combined,Nordic Combined Mass Start,Bronze
1300,Steven Smith,M,16,BEL,Belgium,Europe,1952,Oslo,Norway,Winter,Biathlon,Biathlon Giant Slalom,Gold
1301,Katarina Walker,F,23,POL,Poland,Europe,1972,Munich,Germany,Summer,Basketball,Basketball,Bronze
1302,Steven Davis,M,19,NGR,Nigeria,Africa,2006,Turin,Italy,Winter,Cross-Country Skiing,Cross-Country Skiing Team,Silver
1303,Emma Carter,F,18,ITA,Italy,Europe,1960,Squaw Valley,USA,Winter,Biathlon,Biathlon Super-G,Gold
1304,Ahmed Taylor,M,37,TUR,Turkey,Asia,1932,Los Angeles,USA,Summer,Football,Football,Bronze
1305,Hans Lee,M,24,POL,Poland,Europe,2002,Salt Lake City,USA,Winter,Speed Skating,Speed Skating Mass Start,Silver
1306,Darius Taylor,M,40,USA,United States,North America,2018,PyeongChang,South Korea,Winter,Nordic Combined,Nordic Combined Team,Silver
1307,Mohammed Young,M,19,IND,India,Asia,1928,Amsterdam,Netherlands,Summer,Basketball,3x3 Basketball,Bronze
1308,Nina Lopez,F,27,USA,United States,North America,1952,Helsinki,Finland,Summer,Wrestling,Freestyle 65kg,Silver
1309,Svetlana Martin,F,20,TUR,Turkey,Asia,1976,Innsbruck,Austria,Winter,Nordic Combined,Nordic Combined Downhill,Silver
1310,Rebecca Harris,F,33,IRN,Iran,Asia,1968,Grenoble,France,Winter,Curling,Curling Slalom,Silver
1311,Robert Martin,M,38,UZB,Uzbekistan,Asia,1912,Stockholm,Sweden,Summer,Taekwondo,67kg,Silver
1312,Anna Brown,F,20,ESP,Spain,Europe,1896,Athens,Greece,Summer,Rowing,Single Sculls,Silver
1313,Kim Harris,F,23,CZE,Czech Republic,Europe,1964,Tokyo,Japan,Summer,Wrestling,Freestyle 97kg,Gold
1314,Marco Smith,M,28,UZB,Uzbekistan,Asia,2010,Vancouver,Canada,Winter,Ice Hockey,Ice Hockey Team,Bronze
1315,Mohammed Jones,M,37,UZB,Uzbekistan,Asia,1972,Munich,Germany,Summer,Volleyball,Volleyball,Silver
1316,David Miller,M,27,CHN,China,Asia,2022,Beijing,China,Winter,Snowboard,Snowboard Sprint,Gold
1317,Thomas Wright,M,40,BEL,Belgium,Europe,1908,London,Great Britain,Summer,Athletics,Javelin Throw,Bronze
1318,Lucia Rodriguez,F,31,UZB,Uzbekistan,Asia,1924,Chamonix,France,Winter,Nordic Combined,Nordic Combined Giant Slalom,Silver
1319,Diego Thomas,M,35,USA,United States,North America,2016,Rio de Janeiro,Brazil,Summer,Athletics,400m Hurdles,Bronze
1320,Ingeborg Thompson,F,33,DEN,Denmark,Europe,1928,St. Moritz,Switzerland,Winter,Skiing,Skiing Downhill,Bronze
1321,Robert Scott,M,24,DEN,Denmark,Europe,1980,Lake Placid,USA,Winter,Speed Skating,Speed Skating Pursuit,Silver
1322,Yuki Thomas,M,23,NZL,New Zealand,Oceania,1924,Chamonix,France,Winter,Nordic Combined,Nordic Combined Pursuit,Bronze
1323,Nina Hall,F,31,UZB,Uzbekistan,Asia,1988,Seoul,South Korea,Summer,Canoe,Canoe Sprint,Silver
1324,Fatima Davis,F,22,POR,Portugal,Europe,1928,St. Moritz,Switzerland,Winter,Skiing,Skiing Super-G,Gold
1325,Thomas Green,M,25,CHN,China,Asia,1908,London,Great Britain,Summer,Volleyball,Beach Volleyball,Gold
1326,Peter Williams,M,33,ZIM,Zimbabwe,Africa,1908,London,Great Britain,Summer,Rowing,Single Sculls,Gold
1327,Emma Clark,F,17,ROM,Romania,Europe,1952,Helsinki,Finland,Summer,Gymnastics,Uneven Bars,Gold
1328,Diego Hall,M,26,NZL,New Zealand,Oceania,1956,Melbourne,Australia,Summer,Athletics,High Jump,Bronze
1329,Aisha Davis,F,39,UKR,Ukraine,Europe,1960,Squaw Valley,USA,Winter,Ice Hockey,Ice Hockey Team,Bronze
1330,Jessica Williams,F,31,CHN,China,Asia,2018,PyeongChang,South Korea,Winter,Ski Jumping,Ski Jumping Sprint,Silver
1331,Steven White,M,38,AUS,Australia,Oceania,1928,St. Moritz,Switzerland,Winter,Ice Hockey,Ice Hockey Slalom,Bronze
1332,Maria Rodriguez,F,30,ARG,Argentina,South America,1998,Nagano,Japan,Winter,Ice Hockey,Ice Hockey Sprint,Silver
1333,Kim Mitchell,F,23,GBR,Great Britain,Europe,1964,Tokyo,Japan,Summer,Canoe,Canoe Slalom,Bronze
1334,Michael Taylor,M,41,NGR,Nigeria,Africa,1908,London,Great Britain,Summer,Wrestling,Greco-Roman 97kg,Silver
1335,Lisa Garcia,F,21,CHN,China,Asia,1988,Seoul,South Korea,Summer,Gymnastics,Team,Bronze
1336,Diego King,M,38,GER,Germany,Europe,1964,Tokyo,Japan,Summer,Volleyball,Volleyball,Silver
1337,Mohammed Lopez,M,19,POR,Portugal,Europe,1976,Innsbruck,Austria,Winter,Speed Skating,Speed Skating Slalom,Gold
1338,Wei Hill,M,30,GRE,Greece,Europe,1964,Tokyo,Japan,Summer,Judo,+100kg,Bronze
1339,Sofia Thompson,F,32,AZE,Azerbaijan,Europe,1956,Cortina,Italy,Winter,Bobsled,Bobsled Team,Bronze
1340,John Martinez,M,20,CUB,Cuba,North America,1904,St. Louis,USA,Summer,Canoe,Canoe Sprint,Silver
1341,Pierre Miller,M,28,GER,Germany,Europe,1928,St. Moritz,Switzerland,Winter,Snowboard,Snowboard Downhill,Silver
1342,Lisa Thomas,F,19,IRN,Iran,Asia,1976,Montreal,Canada,Summer,Tennis,Mixed Doubles,Bronze
1343,Lisa Clark,F,26,HUN,Hungary,Europe,1920,Antwerp,Belgium,Summer,Basketball,3x3 Basketball,Silver
1344,Fatima King,F,19,UZB,Uzbekistan,Asia,1992,Albertville,France,Winter,Skeleton,Skeleton Pursuit,Gold
1345,Mohammed Williams,M,26,KOR,South Korea,Asia,1984,Sarajevo,Yugoslavia,Winter,Ice Hockey,Ice Hockey Slalom,Bronze
1346,Kim Brown,F,31,ESP,Spain,Europe,2014,Sochi,Russia,Winter,Luge,Luge Individual,Gold
1347,David Jones,M,18,BRA,Brazil,South America,1900,Paris,France,Summer,Football,Football,Silver
1348,Kim Thompson,F,32,FIN,Finland,Europe,1968,Mexico City,Mexico,Summer,Gymnastics,Parallel Bars,Gold
1349,Claire Anderson,F,40,DEN,Denmark,Europe,2022,Beijing,China,Winter,Skiing,Skiing Team,Gold
1350,Ahmed Lewis,M,38,IND,India,Asia,1960,Squaw Valley,USA,Winter,Luge,Luge Slalom,Bronze
1351,Marco Nelson,M,18,CZE,Czech Republic,Europe,1988,Calgary,Canada,Winter,Luge,Luge Individual,Bronze
1352,Pierre Taylor,M,20,JAM,Jamaica,North America,1928,Amsterdam,Netherlands,Summer,Fencing,Sabre Team,Silver
1353,David Hernandez,M,30,BRA,Brazil,South America,1956,Cortina,Italy,Winter,Biathlon,Biathlon Downhill,Bronze
1354,Rebecca Anderson,F,38,POL,Poland,Europe,1992,Barcelona,Spain,Summer,Weightlifting,56kg,Bronze
1355,Mohammed Johnson,M,37,NOR,Norway,Europe,1964,Innsbruck,Austria,Winter,Figure Skating,Figure Skating Super-G,Silver
1356,Anna Lopez,F,32,ZIM,Zimbabwe,Africa,2020,Tokyo,Japan,Summer,Volleyball,Volleyball,Bronze
1357,Lucia Scott,F,33,POL,Poland,Europe,1976,Montreal,Canada,Summer,Football,Football,Silver
1358,Ahmed Walker,M,33,NED,Netherlands,Europe,1924,Paris,France,Summer,Boxing,81kg,Silver
1359,John Miller,M,18,UZB,Uzbekistan,Asia,2024,Paris,France,Summer,Football,Football,Bronze
1360,Isabella Mitchell,F,39,FRA,France,Europe,1900,Paris,France,Summer,Canoe,Canoe Slalom,Bronze
1361,Chris Allen,M,37,SVK,Slovakia,Europe,1920,Antwerp,Belgium,Summer,Tennis,Mixed Doubles,Gold
1362,Kim Wright,F,19,CZE,Czech Republic,Europe,1936,Garmisch,Germany,Winter,Ski Jumping,Ski Jumping Slalom,Gold
1363,Olga Harris,F,16,BEL,Belgium,Europe,1960,Squaw Valley,USA,Winter,Ski Jumping,Ski Jumping Slalom,Bronze
1364,Yuna Johnson,F,37,ZIM,Zimbabwe,Africa,1952,Oslo,Norway,Winter,Speed Skating,Speed Skating Mass Start,Silver
1365,Elena Baker,F,26,KEN,Kenya,Africa,1904,St. Louis,USA,Summer,Athletics,100m,Silver
1366,Jessica Young,F,17,HUN,Hungary,Europe,1948,London,Great Britain,Summer,Archery,Team Compound,Gold
1367,Elena Young,F,32,NZL,New Zealand,Oceania,1996,Atlanta,USA,Summer,Basketball,Basketball,Gold
1368,Svetlana Thompson,F,40,IRN,Iran,Asia,1920,Antwerp,Belgium,Summer,Wrestling,Greco-Roman 87kg,Bronze
1369,Ahmed Johnson,M,16,AUS,Australia,Oceania,1928,St. Moritz,Switzerland,Winter,Bobsled,Bobsled Pursuit,Bronze
1370,Yuki Smith,M,34,CHN,China,Asia,2014,Sochi,Russia,Winter,Snowboard,Snowboard Sprint,Bronze
1371,Darius Harris,M,23,POL,Poland,Europe,2008,Beijing,China,Summer,Wrestling,Greco-Roman 77kg,Silver
1372,Emma Garcia,F,37,RSA,South Africa,Africa,1932,Lake Placid,USA,Winter,Curling,Curling Pursuit,Gold
1373,Kwame Wilson,M,30,FRA,France,Europe,1928,Amsterdam,Netherlands,Summer,Athletics,Heptathlon,Gold
1374,Wei White,M,31,AUS,Australia,Oceania,1928,Amsterdam,Netherlands,Summer,Judo,90kg,Silver
1375,Darius Jones,M,31,BEL,Belgium,Europe,1920,Antwerp,Belgium,Summer,Badminton,Singles,Gold
1376,Elena Thomas,F,41,JAM,Jamaica,North America,2002,Salt Lake City,USA,Winter,Luge,Luge Downhill,Silver
1377,Wei Wright,M,26,GBR,Great Britain,Europe,1896,Athens,Greece,Summer,Boxing,+91kg,Bronze
1378,Kim Carter,F,19,CAN,Canada,North America,1992,Albertville,France,Winter,Curling,Curling Individual,Gold
1379,Wei Wilson,M,22,ARG,Argentina,South America,1984,Sarajevo,Yugoslavia,Winter,Skiing,Skiing Giant Slalom,Gold
1380,Lars Moore,M,39,SWE,Sweden,Europe,1900,Paris,France,Summer,Fencing,Epee Individual,Silver
1381,Rebecca Martinez,F,38,AUS,Australia,Oceania,1952,Helsinki,Finland,Summer,Badminton,Singles,Silver
1382,Fatima Thomas,F,22,DEN,Denmark,Europe,2010,Vancouver,Canada,Winter,Ski Jumping,Ski Jumping Slalom,Gold
1383,Diego Nelson,M,34,NZL,New Zealand,Oceania,2002,Salt Lake City,USA,Winter,Cross-Country Skiing,Cross-Country Skiing Mass Start,Silver
1384,Lucia Carter,F,30,NGR,Nigeria,Africa,1928,St. Moritz,Switzerland,Winter,Ski Jumping,Ski Jumping Pursuit,Bronze
1385,Kim Baker,F,29,FRA,France,Europe,1952,Helsinki,Finland,Summer,Fencing,Epee Team,Silver
1386,Lucia Martinez,F,34,USA,United States,North America,1964,Tokyo,Japan,Summer,Gymnastics,Team,Bronze
1387,Thomas Clark,M,19,NZL,New Zealand,Oceania,2020,Tokyo,Japan,Summer,Table Tennis,Team,Silver
1388,Maria Clark,F,27,CUB,Cuba,North America,2016,Rio de Janeiro,Brazil,Summer,Boxing,69kg,Gold
1389,Sofia Baker,F,22,USA,United States,North America,1896,Athens,Greece,Summer,Fencing,Sabre Team,Silver
1390,Kim Scott,F,35,RSA,South Africa,Africa,1936,Garmisch,Germany,Winter,Curling,Curling Team,Gold
1391,Darius Allen,M,34,KAZ,Kazakhstan,Asia,1920,Antwerp,Belgium,Summer,Archery,Individual Compound,Bronze
1392,James Lopez,M,22,JAM,Jamaica,North America,2012,London,Great Britain,Summer,Football,Football,Silver
1393,Thomas Carter,M,30,ITA,Italy,Europe,1904,St. Louis,USA,Summer,Shooting,Trap,Silver
1394,Michael Baker,M,25,ROM,Romania,Europe,1992,Barcelona,Spain,Summer,Basketball,Basketball,Gold
1395,Ivan Williams,M,33,NZL,New Zealand,Oceania,1976,Montreal,Canada,Summer,Judo,73kg,Silver
1396,Ahmed Robinson,M,41,IND,India,Asia,1998,Nagano,Japan,Winter,Skiing,Skiing Team,Silver
1397,Diego Clark,M,33,NZL,New Zealand,Oceania,1956,Cortina,Italy,Winter,Ski Jumping,Ski Jumping Super-G,Silver
1398,Svetlana Wilson,F,31,ZIM,Zimbabwe,Africa,1994,Lillehammer,Norway,Winter,Skiing,Skiing Downhill,Silver
1399,David Davis,M,16,SWE,Sweden,Europe,1994,Lillehammer,Norway,Winter,Biathlon,Biathlon Individual,Silver
1400,Marco Lee,M,22,CAN,Canada,North America,2004,Athens,Greece,Summer,Football,Football,Bronze
1401,Chris Jones,M,17,GBR,Great Britain,Europe,1896,Athens,Greece,Summer,Swimming,100m Breaststroke,Silver
1402,Mohammed King,M,20,KEN,Kenya,Africa,1960,Rome,Italy,Summer,Canoe,Canoe Slalom,Gold
1403,Sofia Wilson,F,36,SVK,Slovakia,Europe,1924,Chamonix,France,Winter,Bobsled,Bobsled Sprint,Bronze
1404,Nina Wright,F,24,COL,Colombia,South America,1984,Los Angeles,USA,Summer,Cycling,BMX Racing,Gold
1405,Alexei Martin,M,27,KAZ,Kazakhstan,Asia,1912,Stockholm,Sweden,Summer,Shooting,50m Rifle Prone,Bronze
1406,Hans Brown,M,18,UZB,Uzbekistan,Asia,1998,Nagano,Japan,Winter,Nordic Combined,Nordic Combined Pursuit,Gold
1407,John Rodriguez,M,31,RSA,South Africa,Africa,1896,Athens,Greece,Summer,Rowing,Lightweight Four,Gold
1408,Sofia Taylor,F,38,JAM,Jamaica,North America,2020,Tokyo,Japan,Summer,Taekwondo,+73kg,Bronze
1409,Aisha Jackson,F,35,RSA,South Africa,Africa,1920,Antwerp,Belgium,Summer,Wrestling,Freestyle 86kg,Silver
1410,Chris Baker,M,37,DEN,Denmark,Europe,1932,Lake Placid,USA,Winter,Biathlon,Biathlon Mass Start,Bronze
1411,Pierre Thomas,M,16,ITA,Italy,Europe,1920,Antwerp,Belgium,Summer,Wrestling,Greco-Roman 77kg,Silver
1412,Fatima Wilson,F,27,MEX,Mexico,North America,1900,Paris,France,Summer,Badminton,Mixed Doubles,Bronze
1413,Ivan Young,M,28,NOR,Norway,Europe,1912,Stockholm,Sweden,Summer,Volleyball,Beach Volleyball,Bronze
1414,Lucia Jackson,F,39,USA,United States,North America,1960,Rome,Italy,Summer,Swimming,4x100m Freestyle Relay,Silver
1415,Lauren Lopez,F,32,TUR,Turkey,Asia,1932,Lake Placid,USA,Winter,Luge,Luge Sprint,Bronze
1416,John Brown,M,23,CHN,China,Asia,1972,Munich,Germany,Summer,Weightlifting,58kg,Gold
1417,Steven Mitchell,M,24,GER,Germany,Europe,1988,Calgary,Canada,Winter,Speed Skating,Speed Skating Pursuit,Bronze
1418,Marco Garcia,M,23,NZL,New Zealand,Oceania,2006,Turin,Italy,Winter,Luge,Luge Downhill,Silver
1419,Sarah Davis,F,39,CUB,Cuba,North America,1936,Berlin,Germany,Summer,Boxing,60kg,Gold
1420,Carlos Jones,M,21,ZIM,Zimbabwe,Africa,1980,Lake Placid,USA,Winter,Nordic Combined,Nordic Combined Slalom,Gold
1421,Hans Young,M,37,KOR,South Korea,Asia,1932,Los Angeles,USA,Summer,Fencing,Foil Team,Silver
1422,Wei Wright,M,35,CAN,Canada,North America,1900,Paris,France,Summer,Boxing,64kg,Bronze
1423,Michael Baker,M,17,IND,India,Asia,1896,Athens,Greece,Summer,Badminton,Singles,Bronze
1424,David Davis,M,40,MEX,Mexico,North America,1952,Oslo,Norway,Winter,Cross-Country Skiing,Cross-Country Skiing Pursuit,Gold
1425,Fatima Lopez,F,33,NGR,Nigeria,Africa,1956,Melbourne,Australia,Summer,Fencing,Foil Team,Silver
1426,Nina Scott,F,38,POL,Poland,Europe,1964,Tokyo,Japan,Summer,Tennis,Singles,Bronze
1427,Aisha Smith,F,37,ITA,Italy,Europe,2024,Paris,France,Summer,Canoe,Canoe Slalom,Gold
1428,Hans Smith,M,27,COL,Colombia,South America,1968,Grenoble,France,Winter,Cross-Country Skiing,Cross-Country Skiing Pursuit,Gold
1429,Robert Jackson,M,39,ESP,Spain,Europe,1988,Calgary,Canada,Winter,Nordic Combined,Nordic Combined Downhill,Silver
1430,Elena Thompson,F,32,AZE,Azerbaijan,Europe,1996,Atlanta,USA,Summer,Weightlifting,85kg,Bronze
1431,Claire Jackson,F,24,SVK,Slovakia,Europe,1960,Squaw Valley,USA,Winter,Bobsled,Bobsled Downhill,Gold
1432,Pierre Baker,M,29,GRE,Greece,Europe,1992,Barcelona,Spain,Summer,Table Tennis,Team,Silver
1433,Sven Taylor,M,30,NGR,Nigeria,Africa,1952,Oslo,Norway,Winter,Biathlon,Biathlon Individual,Bronze
1434,Hans Martinez,M,25,COL,Colombia,South America,1952,Oslo,Norway,Winter,Snowboard,Snowboard Giant Slalom,Gold
1435,Chris Nelson,M,22,SUI,Switzerland,Europe,2018,PyeongChang,South Korea,Winter,Speed Skating,Speed Skating Individual,Gold
1436,Katarina Johnson,F,27,USA,United States,North America,1906,Athens,Greece,Summer,Badminton,Doubles,Gold
1437,Lars Garcia,M,18,ETH,Ethiopia,Africa,1948,St. Moritz,Switzerland,Winter,Ice Hockey,Ice Hockey Super-G,Gold
1438,Steven Williams,M,25,SVK,Slovakia,Europe,2008,Beijing,China,Summer,Rowing,Lightweight Double Sculls,Silver
1439,Fatima Robinson,F,19,DEN,Denmark,Europe,1960,Squaw Valley,USA,Winter,Figure Skating,Figure Skating Downhill,Bronze
1440,Diego Jackson,M,37,JAM,Jamaica,North America,1956,Melbourne,Australia,Summer,Boxing,+91kg,Silver
1441,Lisa Robinson,F,25,HUN,Hungary,Europe,1924,Chamonix,France,Winter,Luge,Luge Giant Slalom,Bronze
1442,Lucia Davis,F,41,NED,Netherlands,Europe,1996,Atlanta,USA,Summer,Tennis,Mixed Doubles,Gold
1443,Olga Young,F,30,JAM,Jamaica,North America,1984,Los Angeles,USA,Summer,Tennis,Mixed Doubles,Silver
1444,Ahmed Miller,M,40,CHN,China,Asia,1968,Grenoble,France,Winter,Luge,Luge Slalom,Gold
1445,Lauren Green,F,20,SVK,Slovakia,Europe,1994,Lillehammer,Norway,Winter,Speed Skating,Speed Skating Pursuit,Bronze
1446,Sarah King,F,37,JPN,Japan,Asia,1952,Oslo,Norway,Winter,Skiing,Skiing Downhill,Bronze
1447,Kwame Davis,M,26,CHN,China,Asia,1976,Montreal,Canada,Summer,Swimming,200m Freestyle,Silver
1448,Mohammed Hill,M,39,RUS,Russia,Europe,1988,Calgary,Canada,Winter,Skeleton,Skeleton Super-G,Bronze
1449,Marco Lopez,M,33,MEX,Mexico,North America,2006,Turin,Italy,Winter,Skiing,Skiing Pursuit,Gold
1450,Sarah Lopez,F,39,ZIM,Zimbabwe,Africa,1936,Garmisch,Germany,Winter,Freestyle Skiing,Freestyle Skiing Sprint,Bronze
1451,Kwame Wilson,M,20,GER,Germany,Europe,2004,Athens,Greece,Summer,Rowing,Double Sculls,Bronze
1452,Aisha Hernandez,F,16,FRA,France,Europe,1920,Antwerp,Belgium,Summer,Cycling,Keirin,Silver
1453,Mark Mitchell,M,33,NED,Netherlands,Europe,1906,Athens,Greece,Summer,Weightlifting,85kg,Bronze
1454,Michael Thomas,M,36,DEN,Denmark,Europe,1972,Sapporo,Japan,Winter,Cross-Country Skiing,Cross-Country Skiing Team,Gold
1455,Hans Martinez,M,31,ARG,Argentina,South America,2020,Tokyo,Japan,Summer,Cycling,Sprint,Silver
1456,Ingrid Davis,F,28,COL,Colombia,South America,2000,Sydney,Australia,Summer,Weightlifting,53kg,Silver
1457,Pierre Wilson,M,25,KOR,South Korea,Asia,1968,Grenoble,France,Winter,Cross-Country Skiing,Cross-Country Skiing Downhill,Bronze
1458,Olga Moore,F,17,GBR,Great Britain,Europe,1964,Innsbruck,Austria,Winter,Skiing,Skiing Mass Start,Silver
1459,Ivan Hill,M,27,USA,United States,North America,2008,Beijing,China,Summer,Tennis,Doubles,Gold
1460,Darius Taylor,M,21,RSA,South Africa,Africa,1960,Squaw Valley,USA,Winter,Nordic Combined,Nordic Combined Giant Slalom,Silver
1461,Diego Robinson,M,24,SUI,Switzerland,Europe,1998,Nagano,Japan,Winter,Nordic Combined,Nordic Combined Super-G,Silver
1462,Lars Hill,M,34,IND,India,Asia,1908,London,Great Britain,Summer,Badminton,Doubles,Bronze
1463,Jessica Lewis,F,34,UZB,Uzbekistan,Asia,1984,Los Angeles,USA,Summer,Shooting,25m Pistol,Bronze
1464,Marco Anderson,M,16,GER,Germany,Europe,1994,Lillehammer,Norway,Winter,Cross-Country Skiing,Cross-Country Skiing Downhill,Gold
1465,Yuna Martin,F,40,IND,India,Asia,1920,Antwerp,Belgium,Summer,Weightlifting,+105kg,Gold
1466,Mark Wilson,M,35,GER,Germany,Europe,1932,Los Angeles,USA,Summer,Basketball,3x3 Basketball,Gold
1467,Carlos Davis,M,21,TUR,Turkey,Asia,2024,Paris,France,Summer,Gymnastics,Team,Bronze
1468,Mark Lopez,M,22,AUT,Austria,Europe,1972,Sapporo,Japan,Winter,Luge,Luge Sprint,Silver
1469,Ivan Jackson,M,29,HUN,Hungary,Europe,2002,Salt Lake City,USA,Winter,Speed Skating,Speed Skating Pursuit,Gold
1470,David Johnson,M,17,FRA,France,Europe,1992,Barcelona,Spain,Summer,Athletics,Heptathlon,Silver
1471,Katarina Scott,F,21,GER,Germany,Europe,2014,Sochi,Russia,Winter,Luge,Luge Giant Slalom,Silver
1472,Olga Lewis,F,32,ROM,Romania,Europe,1932,Lake Placid,USA,Winter,Cross-Country Skiing,Cross-Country Skiing Pursuit,Bronze
1473,Jessica Miller,F,18,AUT,Austria,Europe,1988,Seoul,South Korea,Summer,Wrestling,Freestyle 65kg,Gold
1474,Steven Brown,M,31,FRA,France,Europe,2016,Rio de Janeiro,Brazil,Summer,Table Tennis,Team,Bronze
1475,Ingrid Lewis,F,24,SWE,Sweden,Europe,1984,Sarajevo,Yugoslavia,Winter,Bobsled,Bobsled Individual,Gold
1476,Kwame Hill,M,32,IRN,Iran,Asia,1928,St. Moritz,Switzerland,Winter,Speed Skating,Speed Skating Team,Silver
1477,Hans Thompson,M,34,IRN,Iran,Asia,1968,Mexico City,Mexico,Summer,Canoe,Canoe Sprint,Bronze
1478,Emma Moore,F,40,HUN,Hungary,Europe,1900,Paris,France,Summer,Swimming,100m Butterfly,Gold
1479,Robert Baker,M,31,RUS,Russia,Europe,1988,Seoul,South Korea,Summer,Fencing,Sabre Team,Bronze
1480,Hans Moore,M,33,BEL,Belgium,Europe,2004,Athens,Greece,Summer,Swimming,200m Butterfly,Silver
1481,Mei Robinson,F,29,AUS,Australia,Oceania,2008,Beijing,China,Summer,Swimming,400m Freestyle,Gold
1482,Katarina Smith,F,37,HUN,Hungary,Europe,1900,Paris,France,Summer,Swimming,50m Freestyle,Bronze
1483,Lars Young,M,29,RSA,South Africa,Africa,1976,Innsbruck,Austria,Winter,Skiing,Skiing Downhill,Bronze
1484,Kim Rodriguez,F,27,ITA,Italy,Europe,1924,Chamonix,France,Winter,Biathlon,Biathlon Slalom,Silver
1485,Ahmed Green,M,23,AUS,Australia,Oceania,1906,Athens,Greece,Summer,Cycling,Keirin,Bronze
1486,Pierre Thomas,M,20,USA,United States,North America,1904,St. Louis,USA,Summer,Athletics,20km Walk,Silver
1487,David Carter,M,25,TUR,Turkey,Asia,1904,St. Louis,USA,Summer,Fencing,Sabre Individual,Silver
1488,Mark Green,M,18,COL,Colombia,South America,1976,Innsbruck,Austria,Winter,Freestyle Skiing,Freestyle Skiing Team,Gold
1489,Isabella Adams,F,27,FIN,Finland,Europe,1980,Moscow,Russia,Summer,Volleyball,Volleyball,Silver
1490,Rebecca Hill,F,38,KEN,Kenya,Africa,1998,Nagano,Japan,Winter,Figure Skating,Figure Skating Giant Slalom,Gold
1491,Lisa White,F,24,KAZ,Kazakhstan,Asia,1906,Athens,Greece,Summer,Volleyball,Beach Volleyball,Gold
1492,Wei Taylor,M,19,ZIM,Zimbabwe,Africa,2022,Beijing,China,Winter,Curling,Curling Pursuit,Gold
1493,Hans Williams,M,16,SUI,Switzerland,Europe,1948,London,Great Britain,Summer,Tennis,Mixed Doubles,Silver
1494,Ingrid Lopez,F,35,RUS,Russia,Europe,1952,Helsinki,Finland,Summer,Taekwondo,67kg,Gold
1495,Yuki Thomas,M,22,GBR,Great Britain,Europe,1964,Innsbruck,Austria,Winter,Luge,Luge Slalom,Bronze
1496,Rebecca Lewis,F,17,COL,Colombia,South America,1972,Munich,Germany,Summer,Archery,Individual Recurve,Gold
1497,Michael Rodriguez,M,40,BRA,Brazil,South America,1992,Albertville,France,Winter,Ski Jumping,Ski Jumping Super-G,Bronze
1498,John Adams,M,41,DEN,Denmark,Europe,2022,Beijing,China,Winter,Snowboard,Snowboard Downhill,Silver
1499,Jessica Baker,F,29,IRN,Iran,Asia,2008,Beijing,China,Summer,Judo,+78kg,Bronze
1500,Michael Garcia,M,20,SUI,Switzerland,Europe,1948,St. Moritz,Switzerland,Winter,Ice Hockey,Ice Hockey Downhill,Bronze
1501,Ingrid Williams,F,34,ETH,Ethiopia,Africa,1952,Helsinki,Finland,Summer,Gymnastics,Vault,Bronze
1502,Svetlana Carter,F,41,COL,Colombia,South America,1952,Helsinki,Finland,Summer,Volleyball,Beach Volleyball,Gold
1503,Pierre Smith,M,30,BRA,Brazil,South America,1924,Paris,France,Summer,Judo,57kg,Silver
1504,Rebecca White,F,36,POL,Poland,Europe,1896,Athens,Greece,Summer,Tennis,Singles,Silver
1505,Sofia Thomas,F,18,USA,United States,North America,1906,Athens,Greece,Summer,Taekwondo,58kg,Silver
1506,Yuna Thomas,F,20,BRA,Brazil,South America,2014,Sochi,Russia,Winter,Ski Jumping,Ski Jumping Mass Start,Gold
1507,James Thomas,M,36,SWE,Sweden,Europe,1994,Lillehammer,Norway,Winter,Freestyle Skiing,Freestyle Skiing Individual,Bronze
1508,Rebecca Harris,F,17,SVK,Slovakia,Europe,1980,Lake Placid,USA,Winter,Cross-Country Skiing,Cross-Country Skiing Slalom,Gold
1509,Ingeborg Williams,F,33,CHN,China,Asia,2006,Turin,Italy,Winter,Speed Skating,Speed Skating Mass Start,Bronze
1510,Aisha Jones,F,19,GER,Germany,Europe,1948,London,Great Britain,Summer,Volleyball,Volleyball,Gold
1511,Svetlana Young,F,18,ESP,Spain,Europe,1936,Berlin,Germany,Summer,Fencing,Epee Team,Silver
1512,Svetlana Lee,F,29,ESP,Spain,Europe,1928,Amsterdam,Netherlands,Summer,Athletics,3000m Steeplechase,Silver
1513,Claire Taylor,F,17,CAN,Canada,North America,1952,Oslo,Norway,Winter,Snowboard,Snowboard Individual,Bronze
1514,Ingrid Nelson,F,22,CHN,China,Asia,1900,Paris,France,Summer,Weightlifting,53kg,Gold
1515,Steven Baker,M,18,POR,Portugal,Europe,2000,Sydney,Australia,Summer,Wrestling,Greco-Roman 60kg,Bronze
1516,James Carter,M,32,BEL,Belgium,Europe,1988,Calgary,Canada,Winter,Freestyle Skiing,Freestyle Skiing Giant Slalom,Silver
1517,Jessica Martinez,F,22,JAM,Jamaica,North America,2000,Sydney,Australia,Summer,Table Tennis,Team,Gold
1518,Chiara Wilson,F,26,SWE,Sweden,Europe,1960,Rome,Italy,Summer,Cycling,Omnium,Bronze
1519,Olga Adams,F,18,BEL,Belgium,Europe,1948,London,Great Britain,Summer,Tennis,Mixed Doubles,Bronze
1520,Ahmed Harris,M,30,TUR,Turkey,Asia,1908,London,Great Britain,Summer,Volleyball,Beach Volleyball,Bronze
1521,Mark Martinez,M,35,KAZ,Kazakhstan,Asia,2020,Tokyo,Japan,Summer,Wrestling,Greco-Roman 87kg,Silver
1522,Maria Baker,F,32,BEL,Belgium,Europe,1956,Cortina,Italy,Winter,Biathlon,Biathlon Team,Silver
1523,John Allen,M,21,SUI,Switzerland,Europe,1996,Atlanta,USA,Summer,Rowing,Quadruple Sculls,Silver
1524,Ahmed Smith,M,17,FRA,France,Europe,2012,London,Great Britain,Summer,Archery,Team Compound,Bronze
1525,Olga Moore,F,29,ARG,Argentina,South America,1928,St. Moritz,Switzerland,Winter,Biathlon,Biathlon Sprint,Silver
1526,Nina Rodriguez,F,19,KAZ,Kazakhstan,Asia,2004,Athens,Greece,Summer,Archery,Team Recurve,Bronze
1527,Wei Hernandez,M,39,GBR,Great Britain,Europe,1992,Albertville,France,Winter,Snowboard,Snowboard Team,Silver
1528,Mei Moore,F,40,DEN,Denmark,Europe,1996,Atlanta,USA,Summer,Tennis,Mixed Doubles,Bronze
1529,Svetlana King,F,37,SVK,Slovakia,Europe,1932,Los Angeles,USA,Summer,Taekwondo,+73kg,Silver
1530,Anna Harris,F,40,ARG,Argentina,South America,1956,Cortina,Italy,Winter,Skeleton,Skeleton Sprint,Silver
1531,Nina Walker,F,25,ROM,Romania,Europe,1980,Moscow,Russia,Summer,Fencing,Foil Individual,Silver
1532,Ivan Garcia,M,29,KAZ,Kazakhstan,Asia,2012,London,Great Britain,Summer,Boxing,56kg,Bronze
1533,Anna Martinez,F,21,POL,Poland,Europe,1994,Lillehammer,Norway,Winter,Bobsled,Bobsled Team,Silver
1534,Lauren Davis,F,24,CAN,Canada,North America,1980,Moscow,Russia,Summer,Tennis,Singles,Gold
1535,Ivan Anderson,M,33,FRA,France,Europe,2000,Sydney,Australia,Summer,Shooting,25m Pistol,Gold
1536,Hans Smith,M,16,IRN,Iran,Asia,1992,Albertville,France,Winter,Skiing,Skiing Giant Slalom,Silver
1537,Chris Wilson,M,30,FIN,Finland,Europe,1936,Berlin,Germany,Summer,Judo,57kg,Bronze
1538,Fatima Miller,F,31,FIN,Finland,Europe,2006,Turin,Italy,Winter,Cross-Country Skiing,Cross-Country Skiing Team,Gold
1539,Thomas Hill,M,26,SWE,Sweden,Europe,1952,Helsinki,Finland,Summer,Weightlifting,94kg,Silver
1540,Lars Clark,M,38,ARG,Argentina,South America,1952,Helsinki,Finland,Summer,Tennis,Mixed Doubles,Gold
1541,Sven Williams,M,33,JAM,Jamaica,North America,1972,Munich,Germany,Summer,Weightlifting,63kg,Bronze
1542,Peter Thompson,M,37,KEN,Kenya,Africa,1996,Atlanta,USA,Summer,Athletics,Marathon,Silver
1543,Kim Miller,F,20,NGR,Nigeria,Africa,1928,Amsterdam,Netherlands,Summer,Badminton,Singles,Bronze
1544,Alexei Mitchell,M,31,DEN,Denmark,Europe,2024,Paris,France,Summer,Rowing,Single Sculls,Gold
1545,Ingrid Nelson,F,35,BEL,Belgium,Europe,2006,Turin,Italy,Winter,Ice Hockey,Ice Hockey Individual,Gold
1546,Steven Martinez,M,25,MEX,Mexico,North America,1996,Atlanta,USA,Summer,Volleyball,Beach Volleyball,Bronze
1547,Mei Martinez,F,33,NZL,New Zealand,Oceania,1980,Moscow,Russia,Summer,Badminton,Mixed Doubles,Gold
1548,Yuna Young,F,26,BEL,Belgium,Europe,1936,Garmisch,Germany,Winter,Biathlon,Biathlon Mass Start,Gold
1549,Lars Hall,M,27,COL,Colombia,South America,1932,Los Angeles,USA,Summer,Tennis,Doubles,Bronze
1550,Yuna Smith,F,37,NGR,Nigeria,Africa,1924,Chamonix,France,Winter,Ski Jumping,Ski Jumping Slalom,Silver
1551,Diego Clark,M,33,BEL,Belgium,Europe,1952,Helsinki,Finland,Summer,Table Tennis,Singles,Silver
1552,Ingrid Thompson,F,29,NZL,New Zealand,Oceania,2002,Salt Lake City,USA,Winter,Bobsled,Bobsled Downhill,Gold
1553,Emma Robinson,F,36,SWE,Sweden,Europe,1952,Helsinki,Finland,Summer,Badminton,Mixed Doubles,Silver
1554,Darius Wilson,M,40,IRN,Iran,Asia,1968,Grenoble,France,Winter,Figure Skating,Figure Skating Sprint,Bronze
1555,Michael Walker,M,39,TUR,Turkey,Asia,1994,Lillehammer,Norway,Winter,Bobsled,Bobsled Sprint,Gold
1556,James Scott,M,36,POL,Poland,Europe,2014,Sochi,Russia,Winter,Nordic Combined,Nordic Combined Super-G,Gold
1557,Yuna Martinez,F,38,CAN,Canada,North America,1964,Tokyo,Japan,Summer,Archery,Team Recurve,Gold
1558,James Smith,M,16,NOR,Norway,Europe,1964,Tokyo,Japan,Summer,Fencing,Foil Team,Bronze
1559,Chris Robinson,M,21,NGR,Nigeria,Africa,1920,Antwerp,Belgium,Summer,Table Tennis,Team,Gold
1560,Anna Walker,F,39,GBR,Great Britain,Europe,1936,Garmisch,Germany,Winter,Freestyle Skiing,Freestyle Skiing Pursuit,Bronze
1561,Marco Allen,M,32,GER,Germany,Europe,1968,Mexico City,Mexico,Summer,Wrestling,Freestyle 97kg,Gold
1562,Lauren Robinson,F,22,FRA,France,Europe,1896,Athens,Greece,Summer,Archery,Team Recurve,Silver
1563,Kim Davis,F,30,ZIM,Zimbabwe,Africa,1972,Munich,Germany,Summer,Table Tennis,Singles,Silver
1564,Lisa Harris,F,29,RSA,South Africa,Africa,1998,Nagano,Japan,Winter,Snowboard,Snowboard Slalom,Silver
1565,Michael Lopez,M,28,ETH,Ethiopia,Africa,1988,Seoul,South Korea,Summer,Shooting,Double Trap,Bronze
1566,Michael Hall,M,34,FIN,Finland,Europe,1968,Mexico City,Mexico,Summer,Volleyball,Volleyball,Gold
1567,Chris Rodriguez,M,36,ROM,Romania,Europe,1972,Sapporo,Japan,Winter,Bobsled,Bobsled Slalom,Gold
1568,Hans Nelson,M,22,FRA,France,Europe,2018,PyeongChang,South Korea,Winter,Freestyle Skiing,Freestyle Skiing Team,Gold
1569,Diego Lopez,M,17,IND,India,Asia,1912,Stockholm,Sweden,Summer,Wrestling,Greco-Roman 60kg,Silver
1570,Lars Baker,M,26,KOR,South Korea,Asia,1968,Grenoble,France,Winter,Speed Skating,Speed Skating Super-G,Bronze
1571,Alexei Lopez,M,40,KEN,Kenya,Africa,1968,Grenoble,France,Winter,Cross-Country Skiing,Cross-Country Skiing Individual,Bronze
1572,Ingeborg Wright,F,30,CUB,Cuba,North America,1980,Moscow,Russia,Summer,Fencing,Sabre Team,Bronze
1573,Isabella Johnson,F,20,GER,Germany,Europe,1988,Seoul,South Korea,Summer,Gymnastics,Pommel Horse,Gold
1574,Ahmed Lopez,M,17,IRN,Iran,Asia,1984,Los Angeles,USA,Summer,Weightlifting,69kg,Gold
1575,Sarah Martinez,F,28,JPN,Japan,Asia,1996,Atlanta,USA,Summer,Table Tennis,Team,Gold
1576,Nina Mitchell,F,32,AZE,Azerbaijan,Europe,1972,Munich,Germany,Summer,Judo,70kg,Silver
1577,Katarina White,F,32,KOR,South Korea,Asia,1988,Calgary,Canada,Winter,Freestyle Skiing,Freestyle Skiing Sprint,Bronze
1578,Sofia White,F,31,TUR,Turkey,Asia,2006,Turin,Italy,Winter,Bobsled,Bobsled Giant Slalom,Silver
1579,Nina Allen,F,16,CAN,Canada,North America,2010,Vancouver,Canada,Winter,Nordic Combined,Nordic Combined Sprint,Gold
1580,Kim Jackson,F,38,USA,United States,North America,1928,Amsterdam,Netherlands,Summer,Badminton,Singles,Bronze
1581,Kwame King,M,17,UKR,Ukraine,Europe,1920,Antwerp,Belgium,Summer,Archery,Team Compound,Bronze
1582,Darius Johnson,M,27,AUT,Austria,Europe,1928,St. Moritz,Switzerland,Winter,Biathlon,Biathlon Super-G,Gold
1583,Lauren Hall,F,27,DEN,Denmark,Europe,1952,Helsinki,Finland,Summer,Judo,+78kg,Silver
1584,Marco White,M,19,GER,Germany,Europe,1988,Seoul,South Korea,Summer,Archery,Team Recurve,Silver
1585,Jessica Nelson,F,26,JPN,Japan,Asia,1932,Los Angeles,USA,Summer,Shooting,10m Air Pistol,Bronze
1586,Steven White,M,16,NOR,Norway,Europe,1952,Helsinki,Finland,Summer,Canoe,Canoe Slalom,Gold
1587,Michael Clark,M,31,KOR,South Korea,Asia,2018,PyeongChang,South Korea,Winter,Snowboard,Snowboard Sprint,Gold
1588,Claire Hill,F,26,DEN,Denmark,Europe,1906,Athens,Greece,Summer,Wrestling,Greco-Roman 87kg,Gold
1589,Mei Lewis,F,38,RSA,South Africa,Africa,1948,London,Great Britain,Summer,Archery,Team Compound,Silver
1590,Peter Anderson,M,35,MEX,Mexico,North America,2022,Beijing,China,Winter,Curling,Curling Super-G,Bronze
1591,Ingeborg Thompson,F,31,DEN,Denmark,Europe,2022,Beijing,China,Winter,Speed Skating,Speed Skating Sprint,Bronze
1592,Sarah Lee,F,21,POR,Portugal,Europe,1924,Paris,France,Summer,Archery,Team Compound,Silver
1593,Alexei Jackson,M,35,DEN,Denmark,Europe,2014,Sochi,Russia,Winter,Freestyle Skiing,Freestyle Skiing Super-G,Silver
1594,Mohammed Robinson,M,16,USA,United States,North America,1964,Tokyo,Japan,Summer,Boxing,49kg,Silver
1595,Mark Williams,M,35,ARG,Argentina,South America,1920,Antwerp,Belgium,Summer,Volleyball,Beach Volleyball,Bronze
1596,Svetlana Brown,F,24,GBR,Great Britain,Europe,1952,Helsinki,Finland,Summer,Badminton,Doubles,Bronze
1597,Elena Wright,F,31,TUR,Turkey,Asia,2020,Tokyo,Japan,Summer,Athletics,4x400m Relay,Bronze
1598,Michael Mitchell,M,27,FRA,France,Europe,1998,Nagano,Japan,Winter,Ski Jumping,Ski Jumping Giant Slalom,Bronze
1599,Pierre Brown,M,17,UKR,Ukraine,Europe,1928,Amsterdam,Netherlands,Summer,Boxing,56kg,Silver
1600,Sven Clark,M,26,HUN,Hungary,Europe,1920,Antwerp,Belgium,Summer,Archery,Individual Compound,Bronze
1601,Yuki Allen,M,37,MEX,Mexico,North America,1928,St. Moritz,Switzerland,Winter,Snowboard,Snowboard Super-G,Bronze
1602,Mark Miller,M,39,GBR,Great Britain,Europe,2000,Sydney,Australia,Summer,Swimming,200m Freestyle,Gold
1603,Ivan Allen,M,38,TUR,Turkey,Asia,1972,Sapporo,Japan,Winter,Skiing,Skiing Mass Start,Gold
1604,Jessica Miller,F,30,KEN,Kenya,Africa,1996,Atlanta,USA,Summer,Athletics,400m Hurdles,Bronze
1605,Carlos Nelson,M,21,NED,Netherlands,Europe,1976,Montreal,Canada,Summer,Gymnastics,Pommel Horse,Bronze
1606,Steven Robinson,M,39,USA,United States,North America,1900,Paris,France,Summer,Boxing,49kg,Bronze
1607,Ingrid Martinez,F,17,JPN,Japan,Asia,1998,Nagano,Japan,Winter,Cross-Country Skiing,Cross-Country Skiing Pursuit,Gold
1608,Peter Thomas,M,24,USA,United States,North America,1952,Helsinki,Finland,Summer,Wrestling,Greco-Roman 97kg,Silver
1609,Wei Nelson,M,31,BRA,Brazil,South America,1948,St. Moritz,Switzerland,Winter,Nordic Combined,Nordic Combined Slalom,Silver
1610,Mohammed Walker,M,17,FIN,Finland,Europe,1960,Squaw Valley,USA,Winter,Ski Jumping,Ski Jumping Giant Slalom,Gold
1611,Svetlana Martinez,F,27,UZB,Uzbekistan,Asia,1984,Sarajevo,Yugoslavia,Winter,Snowboard,Snowboard Pursuit,Gold
1612,Peter King,M,24,AUS,Australia,Oceania,1960,Rome,Italy,Summer,Table Tennis,Team,Silver
1613,Sofia Nelson,F,20,NED,Netherlands,Europe,1904,St. Louis,USA,Summer,Weightlifting,48kg,Silver
1614,Anna Lewis,F,38,GBR,Great Britain,Europe,1964,Tokyo,Japan,Summer,Taekwondo,67kg,Gold
1615,Anna Thomas,F,36,UKR,Ukraine,Europe,1928,St. Moritz,Switzerland,Winter,Luge,Luge Slalom,Silver
1616,Lauren King,F,41,CHN,China,Asia,1956,Melbourne,Australia,Summer,Boxing,81kg,Bronze
1617,Fatima Lee,F,23,NZL,New Zealand,Oceania,1988,Calgary,Canada,Winter,Nordic Combined,Nordic Combined Downhill,Bronze
1618,Yuna Hill,F,17,NZL,New Zealand,Oceania,1960,Rome,Italy,Summer,Badminton,Mixed Doubles,Gold
1619,Sarah Anderson,F,34,ROM,Romania,Europe,1968,Grenoble,France,Winter,Luge,Luge Mass Start,Bronze
1620,Sven Rodriguez,M,20,HUN,Hungary,Europe,1928,St. Moritz,Switzerland,Winter,Speed Skating,Speed Skating Giant Slalom,Gold
1621,Elena King,F,28,POL,Poland,Europe,1912,Stockholm,Sweden,Summer,Judo,78kg,Gold
1622,Elena Martin,F,18,ZIM,Zimbabwe,Africa,2000,Sydney,Australia,Summer,Wrestling,Freestyle 86kg,Gold
1623,Mei Anderson,F,16,RUS,Russia,Europe,1972,Munich,Germany,Summer,Gymnastics,Trampoline,Silver
1624,Kim Wright,F,38,AZE,Azerbaijan,Europe,1920,Antwerp,Belgium,Summer,Badminton,Mixed Doubles,Bronze
1625,John Walker,M,40,KAZ,Kazakhstan,Asia,1964,Innsbruck,Austria,Winter,Cross-Country Skiing,Cross-Country Skiing Slalom,Gold
1626,Katarina Young,F,25,NZL,New Zealand,Oceania,1956,Cortina,Italy,Winter,Ski Jumping,Ski Jumping Sprint,Bronze
1627,Chiara Nelson,F,37,POL,Poland,Europe,1968,Mexico City,Mexico,Summer,Archery,Individual Recurve,Gold
1628,Nina Hill,F,27,CUB,Cuba,North America,1936,Garmisch,Germany,Winter,Snowboard,Snowboard Sprint,Gold
1629,Hans Jackson,M,20,GER,Germany,Europe,1994,Lillehammer,Norway,Winter,Snowboard,Snowboard Downhill,Gold
1630,David Martinez,M,29,JPN,Japan,Asia,1936,Berlin,Germany,Summer,Judo,+100kg,Silver
1631,Elena Anderson,F,29,GBR,Great Britain,Europe,1964,Innsbruck,Austria,Winter,Freestyle Skiing,Freestyle Skiing Slalom,Silver
1632,Sven Davis,M,27,SUI,Switzerland,Europe,2002,Salt Lake City,USA,Winter,Curling,Curling Team,Bronze
1633,Sofia Johnson,F,37,ETH,Ethiopia,Africa,1968,Mexico City,Mexico,Summer,Athletics,5000m,Silver
1634,Ahmed Thompson,M,25,DEN,Denmark,Europe,1998,Nagano,Japan,Winter,Freestyle Skiing,Freestyle Skiing Downhill,Bronze
1635,Mei Rodriguez,F,40,FIN,Finland,Europe,1996,Atlanta,USA,Summer,Weightlifting,53kg,Bronze
1636,Lisa Taylor,F,37,KOR,South Korea,Asia,1964,Tokyo,Japan,Summer,Weightlifting,75kg,Gold
1637,Emma King,F,29,ESP,Spain,Europe,1960,Rome,Italy,Summer,Taekwondo,+80kg,Silver
1638,Lucia Rodriguez,F,24,RUS,Russia,Europe,1904,St. Louis,USA,Summer,Weightlifting,+105kg,Bronze
1639,Claire Lewis,F,21,IRN,Iran,Asia,1952,Oslo,Norway,Winter,Ski Jumping,Ski Jumping Individual,Silver
1640,John Lewis,M,35,ZIM,Zimbabwe,Africa,1900,Paris,France,Summer,Tennis,Doubles,Bronze
1641,Alexei Davis,M,18,CUB,Cuba,North America,1904,St. Louis,USA,Summer,Archery,Team Compound,Gold
1642,Ingeborg Mitchell,F,30,KEN,Kenya,Africa,2008,Beijing,China,Summer,Wrestling,Greco-Roman 130kg,Gold
1643,Wei Williams,M,26,GBR,Great Britain,Europe,2020,Tokyo,Japan,Summer,Table Tennis,Team,Gold
1644,Darius Robinson,M,26,RSA,South Africa,Africa,1992,Albertville,France,Winter,Nordic Combined,Nordic Combined Team,Silver
1645,John Jackson,M,29,BRA,Brazil,South America,1968,Mexico City,Mexico,Summer,Athletics,5000m,Bronze
1646,James Lee,M,38,IRN,Iran,Asia,1948,St. Moritz,Switzerland,Winter,Speed Skating,Speed Skating Giant Slalom,Bronze
1647,Ivan Williams,M,24,KEN,Kenya,Africa,1976,Innsbruck,Austria,Winter,Figure Skating,Figure Skating Downhill,Bronze
1648,Ahmed Moore,M,41,USA,United States,North America,1968,Mexico City,Mexico,Summer,Boxing,64kg,Silver
1649,Yuna Harris,F,19,AUT,Austria,Europe,1952,Helsinki,Finland,Summer,Tennis,Mixed Doubles,Gold
1650,Ingeborg Carter,F,39,GER,Germany,Europe,2006,Turin,Italy,Winter,Bobsled,Bobsled Pursuit,Silver
1651,Rebecca Johnson,F,31,IRN,Iran,Asia,1992,Barcelona,Spain,Summer,Football,Football,Silver
1652,Marco Lopez,M,30,FIN,Finland,Europe,1960,Rome,Italy,Summer,Fencing,Sabre Individual,Gold
1653,Ingrid Williams,F,24,AZE,Azerbaijan,Europe,1984,Sarajevo,Yugoslavia,Winter,Nordic Combined,Nordic Combined Sprint,Bronze
1654,Kim Scott,F,18,CZE,Czech Republic,Europe,2024,Paris,France,Summer,Taekwondo,58kg,Silver
1655,Kwame Nelson,M,20,KOR,South Korea,Asia,1956,Melbourne,Australia,Summer,Judo,78kg,Gold
1656,Chris Adams,M,40,BEL,Belgium,Europe,1994,Lillehammer,Norway,Winter,Bobsled,Bobsled Downhill,Bronze
1657,Kwame Wilson,M,28,IRN,Iran,Asia,1980,Moscow,Russia,Summer,Cycling,Mountain Bike,Gold
1658,Elena Hall,F,21,ITA,Italy,Europe,1968,Mexico City,Mexico,Summer,Rowing,Pair,Bronze
1659,Isabella Lee,F,26,BEL,Belgium,Europe,1968,Grenoble,France,Winter,Bobsled,Bobsled Pursuit,Bronze
1660,Ingrid Lopez,F,23,IRN,Iran,Asia,1920,Antwerp,Belgium,Summer,Fencing,Epee Team,Silver
1661,Chris Johnson,M,28,CAN,Canada,North America,1952,Oslo,Norway,Winter,Cross-Country Skiing,Cross-Country Skiing Slalom,Bronze
1662,John Walker,M,37,POR,Portugal,Europe,2022,Beijing,China,Winter,Bobsled,Bobsled Slalom,Bronze
1663,Michael Mitchell,M,36,BEL,Belgium,Europe,1998,Nagano,Japan,Winter,Luge,Luge Downhill,Gold
1664,Nina Mitchell,F,16,AUS,Australia,Oceania,1924,Chamonix,France,Winter,Snowboard,Snowboard Giant Slalom,Gold
1665,Michael Carter,M,27,AZE,Azerbaijan,Europe,1928,St. Moritz,Switzerland,Winter,Snowboard,Snowboard Slalom,Bronze
1666,Wei Martin,M,30,HUN,Hungary,Europe,1964,Innsbruck,Austria,Winter,Curling,Curling Giant Slalom,Gold
1667,Robert Smith,M,25,JAM,Jamaica,North America,1976,Innsbruck,Austria,Winter,Nordic Combined,Nordic Combined Pursuit,Gold
1668,Elena King,F,23,CUB,Cuba,North America,1988,Calgary,Canada,Winter,Skeleton,Skeleton Slalom,Bronze
1669,Marco Jones,M,30,CAN,Canada,North America,1998,Nagano,Japan,Winter,Biathlon,Biathlon Super-G,Gold
1670,Lisa Allen,F,28,MEX,Mexico,North America,2010,Vancouver,Canada,Winter,Skiing,Skiing Downhill,Silver
1671,Hans Brown,M,30,KAZ,Kazakhstan,Asia,2006,Turin,Italy,Winter,Curling,Curling Team,Silver
1672,Aisha Hernandez,F,38,ESP,Spain,Europe,2018,PyeongChang,South Korea,Winter,Luge,Luge Individual,Silver
1673,Thomas Lee,M,39,CHN,China,Asia,2016,Rio de Janeiro,Brazil,Summer,Weightlifting,62kg,Silver
1674,Fatima Davis,F,22,CUB,Cuba,North America,2000,Sydney,Australia,Summer,Fencing,Epee Individual,Silver
1675,Yuna Thompson,F,40,SUI,Switzerland,Europe,1998,Nagano,Japan,Winter,Nordic Combined,Nordic Combined Team,Silver
1676,Fatima Baker,F,38,UKR,Ukraine,Europe,1952,Oslo,Norway,Winter,Nordic Combined,Nordic Combined Slalom,Silver
1677,Yuna Lee,F,16,KOR,South Korea,Asia,1992,Albertville,France,Winter,Skiing,Skiing Sprint,Bronze
1678,Ingeborg Hernandez,F,31,CAN,Canada,North America,1964,Tokyo,Japan,Summer,Judo,90kg,Bronze
1679,Fatima Harris,F,28,KOR,South Korea,Asia,1952,Oslo,Norway,Winter,Ice Hockey,Ice Hockey Sprint,Gold
1680,Wei Hill,M,24,KOR,South Korea,Asia,2024,Paris,France,Summer,Rowing,Four,Bronze
1681,Darius Taylor,M,27,GRE,Greece,Europe,1984,Los Angeles,USA,Summer,Basketball,3x3 Basketball,Bronze
1682,Mei Anderson,F,28,MEX,Mexico,North America,2024,Paris,France,Summer,Table Tennis,Team,Bronze
1683,Robert Rodriguez,M,37,RSA,South Africa,Africa,1976,Innsbruck,Austria,Winter,Ice Hockey,Ice Hockey Slalom,Gold
1684,Isabella Wilson,F,35,KOR,South Korea,Asia,1956,Melbourne,Australia,Summer,Rowing,Pair,Bronze
1685,Ivan Harris,M,39,SUI,Switzerland,Europe,1932,Lake Placid,USA,Winter,Bobsled,Bobsled Slalom,Bronze
1686,Ivan Jones,M,26,NZL,New Zealand,Oceania,1932,Lake Placid,USA,Winter,Bobsled,Bobsled Individual,Silver
1687,Aisha Martin,F,34,RUS,Russia,Europe,1988,Seoul,South Korea,Summer,Archery,Individual Recurve,Gold
1688,Lars King,M,23,UZB,Uzbekistan,Asia,1948,St. Moritz,Switzerland,Winter,Ski Jumping,Ski Jumping Sprint,Gold
1689,Chiara Jackson,F,18,CZE,Czech Republic,Europe,1904,St. Louis,USA,Summer,Canoe,Canoe Slalom,Bronze
1690,Kim Harris,F,17,MEX,Mexico,North America,2022,Beijing,China,Winter,Biathlon,Biathlon Sprint,Gold
1691,Darius Jones,M,26,IRN,Iran,Asia,1992,Barcelona,Spain,Summer,Taekwondo,73kg,Gold
1692,Anna Green,F,22,AUS,Australia,Oceania,1976,Innsbruck,Austria,Winter,Biathlon,Biathlon Slalom,Bronze
1693,Ahmed Wilson,M,34,ZIM,Zimbabwe,Africa,1936,Berlin,Germany,Summer,Canoe,Canoe Slalom,Bronze
1694,Fatima Allen,F,16,SVK,Slovakia,Europe,1972,Sapporo,Japan,Winter,Ski Jumping,Ski Jumping Pursuit,Bronze
1695,Mei Hill,F,32,NED,Netherlands,Europe,1952,Helsinki,Finland,Summer,Badminton,Mixed Doubles,Silver
1696,Mark Adams,M,26,IRN,Iran,Asia,1998,Nagano,Japan,Winter,Speed Skating,Speed Skating Mass Start,Bronze
1697,Nina Hill,F,16,NED,Netherlands,Europe,1956,Melbourne,Australia,Summer,Tennis,Singles,Silver
1698,Sofia Rodriguez,F,19,USA,United States,North America,1980,Moscow,Russia,Summer,Boxing,56kg,Bronze
1699,Steven White,M,40,HUN,Hungary,Europe,2002,Salt Lake City,USA,Winter,Curling,Curling Sprint,Silver
1700,Katarina Robinson,F,19,MEX,Mexico,North America,1980,Lake Placid,USA,Winter,Speed Skating,Speed Skating Super-G,Bronze
1701,Elena Anderson,F,41,KOR,South Korea,Asia,1936,Berlin,Germany,Summer,Taekwondo,68kg,Bronze
1702,Chiara Garcia,F,40,IND,India,Asia,2000,Sydney,Australia,Summer,Boxing,69kg,Gold
1703,Carlos Lewis,M,25,ESP,Spain,Europe,1948,St. Moritz,Switzerland,Winter,Skeleton,Skeleton Mass Start,Bronze
1704,Lucia Johnson,F,40,DEN,Denmark,Europe,1956,Cortina,Italy,Winter,Skeleton,Skeleton Mass Start,Silver
1705,Diego Garcia,M,30,POR,Portugal,Europe,1906,Athens,Greece,Summer,Football,Football,Gold
1706,Olga Smith,F,25,COL,Colombia,South America,2020,Tokyo,Japan,Summer,Rowing,Pair,Silver
1707,Peter Mitchell,M,41,CZE,Czech Republic,Europe,1972,Munich,Germany,Summer,Basketball,3x3 Basketball,Bronze
1708,Thomas Clark,M,23,FRA,France,Europe,1972,Sapporo,Japan,Winter,Cross-Country Skiing,Cross-Country Skiing Mass Start,Bronze
1709,Ingeborg Lopez,F,38,GBR,Great Britain,Europe,1976,Innsbruck,Austria,Winter,Nordic Combined,Nordic Combined Slalom,Gold
1710,Darius Rodriguez,M,17,RUS,Russia,Europe,1952,Helsinki,Finland,Summer,Canoe,Canoe Slalom,Silver
1711,David Jones,M,31,ETH,Ethiopia,Africa,1984,Sarajevo,Yugoslavia,Winter,Bobsled,Bobsled Slalom,Silver
1712,Chris Baker,M,34,KOR,South Korea,Asia,2014,Sochi,Russia,Winter,Nordic Combined,Nordic Combined Downhill,Gold
1713,Aisha Martinez,F,33,RUS,Russia,Europe,1988,Seoul,South Korea,Summer,Gymnastics,Team,Bronze
1714,Isabella Hernandez,F,27,UZB,Uzbekistan,Asia,1900,Paris,France,Summer,Wrestling,Freestyle 65kg,Bronze
1715,Kim Thompson,F,26,SUI,Switzerland,Europe,1936,Berlin,Germany,Summer,Boxing,69kg,Silver
1716,Ahmed Young,M,36,JPN,Japan,Asia,1992,Albertville,France,Winter,Nordic Combined,Nordic Combined Individual,Silver
1717,Wei Smith,M,32,MEX,Mexico,North America,2018,PyeongChang,South Korea,Winter,Skeleton,Skeleton Individual,Bronze
1718,Jessica Rodriguez,F,25,JAM,Jamaica,North America,1972,Munich,Germany,Summer,Swimming,4x100m Medley Relay,Bronze
1719,Thomas Hill,M,33,CHN,China,Asia,1908,London,Great Britain,Summer,Gymnastics,Uneven Bars,Gold
1720,Sofia Hernandez,F,24,GER,Germany,Europe,1988,Calgary,Canada,Winter,Skeleton,Skeleton Pursuit,Bronze
1721,Aisha Young,F,30,NED,Netherlands,Europe,1928,Amsterdam,Netherlands,Summer,Fencing,Foil Individual,Gold
1722,Steven Clark,M,16,ESP,Spain,Europe,1968,Mexico City,Mexico,Summer,Taekwondo,+80kg,Silver
1723,Sofia Jackson,F,33,SVK,Slovakia,Europe,1928,Amsterdam,Netherlands,Summer,Shooting,50m Rifle 3 Positions,Bronze
1724,Chris Thomas,M,22,HUN,Hungary,Europe,1960,Squaw Valley,USA,Winter,Nordic Combined,Nordic Combined Sprint,Gold
1725,Nina Clark,F,18,JPN,Japan,Asia,1900,Paris,France,Summer,Archery,Individual Recurve,Gold
1726,Mark Harris,M,29,ZIM,Zimbabwe,Africa,2000,Sydney,Australia,Summer,Rowing,Pair,Gold
1727,Ingrid Smith,F,19,JPN,Japan,Asia,2014,Sochi,Russia,Winter,Bobsled,Bobsled Individual,Silver
1728,Pierre Hall,M,30,RSA,South Africa,Africa,2010,Vancouver,Canada,Winter,Cross-Country Skiing,Cross-Country Skiing Pursuit,Gold
1729,Mohammed Scott,M,32,AUS,Australia,Oceania,1936,Berlin,Germany,Summer,Basketball,Basketball,Gold
1730,Lauren Lewis,F,39,ITA,Italy,Europe,1928,St. Moritz,Switzerland,Winter,Ski Jumping,Ski Jumping Pursuit,Bronze
1731,Ivan Lee,M,41,NOR,Norway,Europe,1956,Cortina,Italy,Winter,Luge,Luge Pursuit,Silver
1732,Yuki Allen,M,16,SUI,Switzerland,Europe,1948,St. Moritz,Switzerland,Winter,Curling,Curling Team,Silver
1733,Darius Robinson,M,29,CHN,China,Asia,2024,Paris,France,Summer,Weightlifting,94kg,Gold
1734,Fatima Clark,F,16,RSA,South Africa,Africa,2004,Athens,Greece,Summer,Gymnastics,Rhythmic Gymnastics,Gold
1735,Ivan Taylor,M,20,ROM,Romania,Europe,1928,Amsterdam,Netherlands,Summer,Cycling,Sprint,Gold
1736,Sven Martinez,M,39,RUS,Russia,Europe,2004,Athens,Greece,Summer,Badminton,Singles,Silver
1737,Ivan Taylor,M,21,BEL,Belgium,Europe,1994,Lillehammer,Norway,Winter,Luge,Luge Sprint,Bronze
1738,Thomas Smith,M,41,ESP,Spain,Europe,2018,PyeongChang,South Korea,Winter,Ski Jumping,Ski Jumping Sprint,Silver
1739,Sarah Rodriguez,F,16,BRA,Brazil,South America,1936,Berlin,Germany,Summer,Judo,+100kg,Gold
1740,Yuki Carter,M,33,BEL,Belgium,Europe,1976,Innsbruck,Austria,Winter,Skiing,Skiing Sprint,Bronze
1741,Ahmed Jones,M,18,USA,United States,North America,1984,Los Angeles,USA,Summer,Boxing,56kg,Gold
1742,Lauren Johnson,F,20,IRN,Iran,Asia,1976,Innsbruck,Austria,Winter,Skeleton,Skeleton Downhill,Silver
1743,Rebecca Lee,F,37,JPN,Japan,Asia,1976,Innsbruck,Austria,Winter,Skeleton,Skeleton Mass Start,Bronze
1744,Steven Hill,M,20,ROM,Romania,Europe,2000,Sydney,Australia,Summer,Weightlifting,+105kg,Gold
1745,John Hall,M,39,COL,Colombia,South America,2018,PyeongChang,South Korea,Winter,Ice Hockey,Ice Hockey Pursuit,Silver
1746,Chiara Robinson,F,21,SWE,Sweden,Europe,1994,Lillehammer,Norway,Winter,Biathlon,Biathlon Pursuit,Silver
1747,Maria Clark,F,40,MEX,Mexico,North America,2006,Turin,Italy,Winter,Skeleton,Skeleton Giant Slalom,Silver
1748,Emma Jackson,F,36,GBR,Great Britain,Europe,1964,Tokyo,Japan,Summer,Wrestling,Greco-Roman 97kg,Gold
1749,Carlos Johnson,M,28,JPN,Japan,Asia,1896,Athens,Greece,Summer,Wrestling,Greco-Roman 130kg,Bronze
1750,Kim King,F,30,HUN,Hungary,Europe,1976,Innsbruck,Austria,Winter,Skeleton,Skeleton Super-G,Bronze
1751,Isabella Hill,F,36,ITA,Italy,Europe,1948,St. Moritz,Switzerland,Winter,Curling,Curling Slalom,Silver
1752,Anna Rodriguez,F,37,KAZ,Kazakhstan,Asia,1960,Rome,Italy,Summer,Boxing,64kg,Bronze
1753,David Davis,M,33,DEN,Denmark,Europe,1948,St. Moritz,Switzerland,Winter,Biathlon,Biathlon Super-G,Gold
1754,Chris Hernandez,M,27,ETH,Ethiopia,Africa,1976,Montreal,Canada,Summer,Weightlifting,62kg,Silver
1755,Sven Harris,M,20,JPN,Japan,Asia,1988,Seoul,South Korea,Summer,Gymnastics,Balance Beam,Gold
1756,Ivan Scott,M,34,MEX,Mexico,North America,1932,Lake Placid,USA,Winter,Nordic Combined,Nordic Combined Super-G,Gold
1757,Ivan Anderson,M,38,IRN,Iran,Asia,2018,PyeongChang,South Korea,Winter,Curling,Curling Super-G,Silver
1758,Lars Taylor,M,40,AUT,Austria,Europe,1928,St. Moritz,Switzerland,Winter,Biathlon,Biathlon Sprint,Bronze
1759,Chris Walker,M,28,KEN,Kenya,Africa,1994,Lillehammer,Norway,Winter,Luge,Luge Pursuit,Bronze
1760,Chris Johnson,M,39,JAM,Jamaica,North America,1968,Grenoble,France,Winter,Skeleton,Skeleton Slalom,Gold
1761,Chiara Mitchell,F,22,COL,Colombia,South America,1948,St. Moritz,Switzerland,Winter,Nordic Combined,Nordic Combined Giant Slalom,Bronze
1762,Steven Hall,M,40,AUS,Australia,Oceania,1908,London,Great Britain,Summer,Swimming,400m Individual Medley,Gold
1763,Wei Jones,M,23,SVK,Slovakia,Europe,1998,Nagano,Japan,Winter,Luge,Luge Downhill,Gold
1764,Pierre Taylor,M,22,JPN,Japan,Asia,1952,Helsinki,Finland,Summer,Wrestling,Greco-Roman 60kg,Bronze
1765,Chris Scott,M,32,AUT,Austria,Europe,1952,Helsinki,Finland,Summer,Fencing,Foil Individual,Gold
1766,Anna Green,F,25,SWE,Sweden,Europe,2014,Sochi,Russia,Winter,Freestyle Skiing,Freestyle Skiing Slalom,Bronze
1767,Emma Walker,F,24,GER,Germany,Europe,1994,Lillehammer,Norway,Winter,Skeleton,Skeleton Sprint,Silver
1768,Lars Lopez,M,38,SVK,Slovakia,Europe,1924,Paris,France,Summer,Tennis,Doubles,Silver
1769,Katarina Lopez,F,23,AUS,Australia,Oceania,1936,Garmisch,Germany,Winter,Curling,Curling Team,Bronze
1770,Mark Garcia,M,40,AUT,Austria,Europe,1972,Munich,Germany,Summer,Football,Football,Silver
1771,Lisa Johnson,F,27,BEL,Belgium,Europe,1996,Atlanta,USA,Summer,Table Tennis,Team,Gold
1772,Jessica Young,F,23,CUB,Cuba,North America,2006,Turin,Italy,Winter,Ski Jumping,Ski Jumping Slalom,Bronze
1773,Aisha Walker,F,35,NGR,Nigeria,Africa,1952,Helsinki,Finland,Summer,Weightlifting,75kg,Gold
1774,Diego Martin,M,19,ROM,Romania,Europe,1992,Albertville,France,Winter,Biathlon,Biathlon Team,Silver
1775,Darius Hernandez,M,27,NZL,New Zealand,Oceania,1992,Barcelona,Spain,Summer,Canoe,Canoe Slalom,Silver
1776,Svetlana Young,F,41,GBR,Great Britain,Europe,1988,Calgary,Canada,Winter,Cross-Country Skiing,Cross-Country Skiing Giant Slalom,Bronze
1777,Claire Allen,F,19,CHN,China,Asia,1900,Paris,France,Summer,Rowing,Quadruple Sculls,Gold
1778,Yuna Garcia,F,27,POL,Poland,Europe,2008,Beijing,China,Summer,Tennis,Doubles,Silver
1779,Elena White,F,40,AUT,Austria,Europe,2016,Rio de Janeiro,Brazil,Summer,Swimming,100m Butterfly,Bronze
1780,Ingrid Lewis,F,39,POR,Portugal,Europe,2014,Sochi,Russia,Winter,Cross-Country Skiing,Cross-Country Skiing Giant Slalom,Gold
1781,Rebecca Harris,F,35,UKR,Ukraine,Europe,2024,Paris,France,Summer,Badminton,Singles,Silver
1782,Lauren Lopez,F,26,AUS,Australia,Oceania,2022,Beijing,China,Winter,Speed Skating,Speed Skating Team,Bronze
1783,Nina Hernandez,F,27,BRA,Brazil,South America,1932,Los Angeles,USA,Summer,Basketball,Basketball,Silver
1784,Ingeborg Adams,F,32,CUB,Cuba,North America,2012,London,Great Britain,Summer,Boxing,56kg,Silver
1785,Robert Miller,M,22,NZL,New Zealand,Oceania,2012,London,Great Britain,Summer,Archery,Team Recurve,Bronze
1786,Carlos Green,M,38,BRA,Brazil,South America,1992,Albertville,France,Winter,Freestyle Skiing,Freestyle Skiing Downhill,Silver
1787,Jessica Miller,F,35,KAZ,Kazakhstan,Asia,1968,Mexico City,Mexico,Summer,Wrestling,Greco-Roman 60kg,Silver
1788,Mark Smith,M,37,CUB,Cuba,North America,1936,Garmisch,Germany,Winter,Skeleton,Skeleton Individual,Silver
1789,Darius White,M,30,CUB,Cuba,North America,1936,Garmisch,Germany,Winter,Cross-Country Skiing,Cross-Country Skiing Pursuit,Gold
1790,Lucia Adams,F,30,GRE,Greece,Europe,1896,Athens,Greece,Summer,Judo,81kg,Bronze
1791,Jessica Walker,F,36,NED,Netherlands,Europe,1988,Calgary,Canada,Winter,Figure Skating,Figure Skating Downhill,Bronze
1792,Olga Martin,F,27,BRA,Brazil,South America,1948,St. Moritz,Switzerland,Winter,Nordic Combined,Nordic Combined Super-G,Silver
1793,Lars Martin,M,26,UZB,Uzbekistan,Asia,1984,Sarajevo,Yugoslavia,Winter,Bobsled,Bobsled Team,Bronze
1794,Nina Davis,F,33,ARG,Argentina,South America,1992,Barcelona,Spain,Summer,Wrestling,Freestyle 65kg,Bronze
1795,Mark Baker,M,30,KAZ,Kazakhstan,Asia,1936,Garmisch,Germany,Winter,Nordic Combined,Nordic Combined Super-G,Gold
1796,Elena Smith,F,18,NGR,Nigeria,Africa,1976,Montreal,Canada,Summer,Canoe,Canoe Slalom,Bronze
1797,Maria Jones,F,38,POL,Poland,Europe,1972,Sapporo,Japan,Winter,Curling,Curling Individual,Bronze
1798,Sarah Carter,F,39,ROM,Romania,Europe,1960,Squaw Valley,USA,Winter,Biathlon,Biathlon Mass Start,Silver
1799,Yuna Baker,F,26,RUS,Russia,Europe,1972,Munich,Germany,Summer,Wrestling,Greco-Roman 60kg,Bronze
1800,Lauren Brown,F,16,AZE,Azerbaijan,Europe,1968,Grenoble,France,Winter,Ice Hockey,Ice Hockey Giant Slalom,Bronze
1801,Ahmed Anderson,M,32,GER,Germany,Europe,2012,London,Great Britain,Summer,Volleyball,Volleyball,Bronze
1802,Hans Wilson,M,36,NED,Netherlands,Europe,1932,Lake Placid,USA,Winter,Figure Skating,Figure Skating Sprint,Silver
1803,Lucia Walker,F,41,AZE,Azerbaijan,Europe,1912,Stockholm,Sweden,Summer,Weightlifting,105kg,Bronze
1804,Wei Thomas,M,25,NED,Netherlands,Europe,1976,Innsbruck,Austria,Winter,Ice Hockey,Ice Hockey Super-G,Bronze
1805,Yuki Jackson,M,24,AUS,Australia,Oceania,1972,Munich,Germany,Summer,Shooting,Double Trap,Gold
1806,Anna Scott,F,40,UKR,Ukraine,Europe,1960,Squaw Valley,USA,Winter,Freestyle Skiing,Freestyle Skiing Team,Silver
1807,Wei Davis,M,37,CZE,Czech Republic,Europe,1900,Paris,France,Summer,Canoe,Canoe Sprint,Gold
1808,Claire Smith,F,28,USA,United States,North America,1896,Athens,Greece,Summer,Table Tennis,Singles,Bronze
1809,Kwame Lopez,M,36,NED,Netherlands,Europe,1988,Calgary,Canada,Winter,Bobsled,Bobsled Team,Gold
1810,Wei Baker,M,35,FRA,France,Europe,1984,Sarajevo,Yugoslavia,Winter,Figure Skating,Figure Skating Super-G,Gold
1811,Michael Mitchell,M,30,ARG,Argentina,South America,1972,Sapporo,Japan,Winter,Nordic Combined,Nordic Combined Sprint,Gold
1812,Olga Thomas,F,19,ZIM,Zimbabwe,Africa,1984,Sarajevo,Yugoslavia,Winter,Ski Jumping,Ski Jumping Team,Bronze
1813,Carlos King,M,35,TUR,Turkey,Asia,1984,Los Angeles,USA,Summer,Boxing,52kg,Bronze
1814,Steven Lee,M,26,ITA,Italy,Europe,1988,Seoul,South Korea,Summer,Basketball,3x3 Basketball,Gold
1815,James Wright,M,27,NZL,New Zealand,Oceania,1948,London,Great Britain,Summer,Badminton,Singles,Bronze
1816,Darius Clark,M,37,MEX,Mexico,North America,2006,Turin,Italy,Winter,Ski Jumping,Ski Jumping Team,Bronze
1817,Rebecca Jackson,F,40,MEX,Mexico,North America,1988,Calgary,Canada,Winter,Snowboard,Snowboard Giant Slalom,Silver
1818,Lucia Hall,F,36,HUN,Hungary,Europe,1956,Cortina,Italy,Winter,Ice Hockey,Ice Hockey Slalom,Silver
1819,Nina Adams,F,19,CHN,China,Asia,1964,Innsbruck,Austria,Winter,Biathlon,Biathlon Slalom,Silver
1820,Katarina Brown,F,40,NGR,Nigeria,Africa,1994,Lillehammer,Norway,Winter,Luge,Luge Mass Start,Bronze
1821,Chiara Baker,F,34,AUS,Australia,Oceania,2022,Beijing,China,Winter,Skiing,Skiing Pursuit,Bronze
1822,Chris Walker,M,17,RUS,Russia,Europe,1932,Los Angeles,USA,Summer,Fencing,Sabre Team,Gold
1823,Aisha Scott,F,39,AZE,Azerbaijan,Europe,1960,Squaw Valley,USA,Winter,Curling,Curling Individual,Gold
1824,Thomas Harris,M,30,NOR,Norway,Europe,1980,Lake Placid,USA,Winter,Bobsled,Bobsled Individual,Bronze
1825,Darius Mitchell,M,34,NGR,Nigeria,Africa,1956,Cortina,Italy,Winter,Biathlon,Biathlon Pursuit,Gold
1826,Michael Martin,M,25,UZB,Uzbekistan,Asia,1904,St. Louis,USA,Summer,Basketball,Basketball,Bronze
1827,Yuki Williams,M,27,RSA,South Africa,Africa,2020,Tokyo,Japan,Summer,Fencing,Epee Individual,Gold
1828,Katarina Baker,F,29,GRE,Greece,Europe,1928,Amsterdam,Netherlands,Summer,Canoe,Canoe Sprint,Bronze
1829,Ingeborg Johnson,F,29,POR,Portugal,Europe,1996,Atlanta,USA,Summer,Judo,81kg,Silver
1830,Hans Thompson,M,40,KEN,Kenya,Africa,2020,Tokyo,Japan,Summer,Football,Football,Bronze
1831,Katarina Harris,F,20,UZB,Uzbekistan,Asia,1896,Athens,Greece,Summer,Basketball,Basketball,Gold
1832,Alexei Clark,M,21,IRN,Iran,Asia,1996,Atlanta,USA,Summer,Weightlifting,62kg,Gold
1833,Jessica Thompson,F,25,ETH,Ethiopia,Africa,2010,Vancouver,Canada,Winter,Speed Skating,Speed Skating Downhill,Gold
1834,Hans Jackson,M,33,HUN,Hungary,Europe,2012,London,Great Britain,Summer,Weightlifting,105kg,Gold
1835,Yuki Thomas,M,17,ITA,Italy,Europe,1984,Los Angeles,USA,Summer,Swimming,4x200m Freestyle Relay,Gold
1836,Maria Hernandez,F,39,ESP,Spain,Europe,2012,London,Great Britain,Summer,Gymnastics,Vault,Bronze
1837,Carlos Williams,M,39,HUN,Hungary,Europe,2014,Sochi,Russia,Winter,Skiing,Skiing Giant Slalom,Bronze
1838,Pierre Jackson,M,27,BRA,Brazil,South America,1896,Athens,Greece,Summer,Wrestling,Freestyle 125kg,Bronze
1839,Lisa Harris,F,32,KOR,South Korea,Asia,1906,Athens,Greece,Summer,Basketball,3x3 Basketball,Gold
1840,Sofia Jones,F,16,COL,Colombia,South America,1996,Atlanta,USA,Summer,Rowing,Eight,Gold
1841,Alexei Clark,M,20,CZE,Czech Republic,Europe,1992,Albertville,France,Winter,Curling,Curling Mass Start,Gold
1842,Carlos Lee,M,39,CHN,China,Asia,1924,Paris,France,Summer,Gymnastics,All-Around,Gold
1843,Diego Baker,M,28,KOR,South Korea,Asia,1928,Amsterdam,Netherlands,Summer,Weightlifting,58kg,Gold
1844,Darius Wright,M,16,ROM,Romania,Europe,2024,Paris,France,Summer,Cycling,Road Race,Bronze
1845,Chiara Martin,F,30,AZE,Azerbaijan,Europe,1998,Nagano,Japan,Winter,Luge,Luge Mass Start,Bronze
1846,Maria King,F,31,POL,Poland,Europe,1980,Moscow,Russia,Summer,Canoe,Canoe Slalom,Bronze
1847,Mark Anderson,M,28,ETH,Ethiopia,Africa,1964,Tokyo,Japan,Summer,Cycling,Sprint,Silver
1848,Pierre Allen,M,17,ZIM,Zimbabwe,Africa,2010,Vancouver,Canada,Winter,Skiing,Skiing Downhill,Bronze
1849,Wei White,M,36,NZL,New Zealand,Oceania,1984,Sarajevo,Yugoslavia,Winter,Cross-Country Skiing,Cross-Country Skiing Pursuit,Silver
1850,Sofia Lee,F,28,FIN,Finland,Europe,1968,Grenoble,France,Winter,Luge,Luge Slalom,Silver
1851,Peter Jackson,M,23,JPN,Japan,Asia,1956,Cortina,Italy,Winter,Freestyle Skiing,Freestyle Skiing Downhill,Bronze
1852,Svetlana Robinson,F,27,SUI,Switzerland,Europe,1932,Lake Placid,USA,Winter,Cross-Country Skiing,Cross-Country Skiing Super-G,Gold
1853,Lauren Allen,F,40,IRN,Iran,Asia,1968,Mexico City,Mexico,Summer,Wrestling,Greco-Roman 77kg,Gold
1854,Yuki Scott,M,37,CZE,Czech Republic,Europe,1932,Lake Placid,USA,Winter,Figure Skating,Figure Skating Super-G,Silver
1855,Mohammed Thomas,M,28,UZB,Uzbekistan,Asia,1932,Los Angeles,USA,Summer,Tennis,Singles,Silver
1856,Kim Taylor,F,34,POR,Portugal,Europe,2010,Vancouver,Canada,Winter,Freestyle Skiing,Freestyle Skiing Sprint,Silver
1857,Lauren Mitchell,F,26,JPN,Japan,Asia,1956,Cortina,Italy,Winter,Skeleton,Skeleton Pursuit,Bronze
1858,Robert Miller,M,41,AZE,Azerbaijan,Europe,2010,Vancouver,Canada,Winter,Freestyle Skiing,Freestyle Skiing Individual,Gold
1859,Chiara Taylor,F,22,JAM,Jamaica,North America,1896,Athens,Greece,Summer,Swimming,100m Butterfly,Gold
1860,Nina Thomas,F,31,JAM,Jamaica,North America,1956,Melbourne,Australia,Summer,Gymnastics,Horizontal Bar,Silver
1861,John Green,M,29,KOR,South Korea,Asia,1956,Melbourne,Australia,Summer,Weightlifting,75kg,Bronze
1862,Fatima Martin,F,38,CZE,Czech Republic,Europe,1968,Grenoble,France,Winter,Ice Hockey,Ice Hockey Giant Slalom,Gold
1863,Ingrid Wright,F,31,USA,United States,North America,2000,Sydney,Australia,Summer,Wrestling,Greco-Roman 77kg,Gold
1864,Michael Lopez,M,30,FIN,Finland,Europe,2014,Sochi,Russia,Winter,Skiing,Skiing Super-G,Bronze
1865,Elena Moore,F,18,AUS,Australia,Oceania,1988,Calgary,Canada,Winter,Bobsled,Bobsled Super-G,Bronze
1866,Carlos Martinez,M,36,ITA,Italy,Europe,1956,Melbourne,Australia,Summer,Basketball,Basketball,Bronze
1867,Mohammed Allen,M,35,NGR,Nigeria,Africa,2016,Rio de Janeiro,Brazil,Summer,Gymnastics,Horizontal Bar,Gold
1868,Sarah Lopez,F,32,ARG,Argentina,South America,1964,Tokyo,Japan,Summer,Shooting,50m Rifle 3 Positions,Silver
1869,Sofia Young,F,24,UZB,Uzbekistan,Asia,1928,St. Moritz,Switzerland,Winter,Skiing,Skiing Pursuit,Silver
1870,Alexei Williams,M,26,COL,Colombia,South America,1904,St. Louis,USA,Summer,Shooting,Double Trap,Gold
1871,Mei Walker,F,22,ZIM,Zimbabwe,Africa,1994,Lillehammer,Norway,Winter,Skiing,Skiing Individual,Silver
1872,Aisha Young,F,41,UKR,Ukraine,Europe,1904,St. Louis,USA,Summer,Shooting,Trap,Silver
1873,Kim Lopez,F,33,POL,Poland,Europe,2006,Turin,Italy,Winter,Bobsled,Bobsled Sprint,Silver
1874,Anna Smith,F,32,AUS,Australia,Oceania,1952,Helsinki,Finland,Summer,Gymnastics,Team,Gold
1875,Wei Jones,M,21,CUB,Cuba,North America,2018,PyeongChang,South Korea,Winter,Ski Jumping,Ski Jumping Team,Gold
1876,Marco Johnson,M,16,AUS,Australia,Oceania,1988,Calgary,Canada,Winter,Ski Jumping,Ski Jumping Pursuit,Bronze
1877,Nina Davis,F,36,KOR,South Korea,Asia,2018,PyeongChang,South Korea,Winter,Bobsled,Bobsled Team,Bronze
1878,Robert Miller,M,21,GBR,Great Britain,Europe,1924,Paris,France,Summer,Swimming,800m Freestyle,Gold
1879,Carlos Scott,M,28,RUS,Russia,Europe,1972,Munich,Germany,Summer,Cycling,Keirin,Gold
1880,Ingeborg Thomas,F,35,KAZ,Kazakhstan,Asia,1976,Innsbruck,Austria,Winter,Cross-Country Skiing,Cross-Country Skiing Pursuit,Silver
1881,Michael Miller,M,32,FIN,Finland,Europe,1952,Oslo,Norway,Winter,Nordic Combined,Nordic Combined Individual,Gold
1882,John Jones,M,38,IRN,Iran,Asia,1932,Lake Placid,USA,Winter,Speed Skating,Speed Skating Sprint,Gold
1883,Jessica Martinez,F,36,CAN,Canada,North America,1932,Los Angeles,USA,Summer,Fencing,Epee Individual,Bronze
1884,Olga Martin,F,24,NOR,Norway,Europe,1968,Grenoble,France,Winter,Curling,Curling Mass Start,Bronze
1885,Robert Lopez,M,17,CAN,Canada,North America,1896,Athens,Greece,Summer,Shooting,50m Rifle Prone,Silver
1886,Chiara Miller,F,16,CHN,China,Asia,2008,Beijing,China,Summer,Swimming,400m Individual Medley,Silver
1887,Nina Hernandez,F,39,ROM,Romania,Europe,1992,Barcelona,Spain,Summer,Volleyball,Volleyball,Silver
1888,Isabella Lopez,F,25,ESP,Spain,Europe,2010,Vancouver,Canada,Winter,Ski Jumping,Ski Jumping Slalom,Silver
1889,Lars Lewis,M,17,SWE,Sweden,Europe,1984,Sarajevo,Yugoslavia,Winter,Nordic Combined,Nordic Combined Pursuit,Silver
1890,Sofia Taylor,F,30,NZL,New Zealand,Oceania,1976,Montreal,Canada,Summer,Tennis,Doubles,Gold
1891,Carlos Walker,M,20,BEL,Belgium,Europe,2010,Vancouver,Canada,Winter,Ski Jumping,Ski Jumping Downhill,Bronze
1892,Katarina Thomas,F,41,USA,United States,North America,1928,Amsterdam,Netherlands,Summer,Basketball,3x3 Basketball,Gold
1893,Carlos Jackson,M,24,USA,United States,North America,1992,Barcelona,Spain,Summer,Boxing,60kg,Gold
1894,Kim Lopez,F,23,ZIM,Zimbabwe,Africa,1980,Moscow,Russia,Summer,Basketball,Basketball,Bronze
1895,Sven Brown,M,31,DEN,Denmark,Europe,2008,Beijing,China,Summer,Badminton,Doubles,Silver
1896,Yuna Scott,F,20,TUR,Turkey,Asia,1920,Antwerp,Belgium,Summer,Gymnastics,Horizontal Bar,Silver
1897,Darius Anderson,M,25,NGR,Nigeria,Africa,2018,PyeongChang,South Korea,Winter,Figure Skating,Figure Skating Downhill,Silver
1898,David Scott,M,35,GRE,Greece,Europe,1996,Atlanta,USA,Summer,Judo,63kg,Silver
1899,Sarah Hernandez,F,18,ESP,Spain,Europe,1960,Rome,Italy,Summer,Volleyball,Volleyball,Silver
1900,Darius Wright,M,26,JAM,Jamaica,North America,1968,Grenoble,France,Winter,Figure Skating,Figure Skating Pursuit,Silver
1901,Carlos Baker,M,20,UKR,Ukraine,Europe,1988,Seoul,South Korea,Summer,Fencing,Epee Team,Gold
1902,Mei Smith,F,34,CUB,Cuba,North America,2006,Turin,Italy,Winter,Snowboard,Snowboard Pursuit,Silver
1903,Aisha Lopez,F,18,KOR,South Korea,Asia,1980,Lake Placid,USA,Winter,Biathlon,Biathlon Downhill,Silver
1904,Isabella Jackson,F,28,GER,Germany,Europe,1992,Albertville,France,Winter,Nordic Combined,Nordic Combined Mass Start,Silver
1905,Yuna Johnson,F,23,RUS,Russia,Europe,2006,Turin,Italy,Winter,Ice Hockey,Ice Hockey Super-G,Silver
1906,Mark Clark,M,41,CZE,Czech Republic,Europe,1960,Squaw Valley,USA,Winter,Cross-Country Skiing,Cross-Country Skiing Slalom,Silver
1907,Kwame Wilson,M,35,HUN,Hungary,Europe,1956,Cortina,Italy,Winter,Snowboard,Snowboard Giant Slalom,Silver
1908,Ingrid Young,F,23,ARG,Argentina,South America,2008,Beijing,China,Summer,Swimming,100m Backstroke,Bronze
1909,Darius Allen,M,16,USA,United States,North America,2020,Tokyo,Japan,Summer,Athletics,400m Hurdles,Gold
1910,Elena Carter,F,33,FIN,Finland,Europe,1964,Tokyo,Japan,Summer,Tennis,Singles,Silver
1911,Kim Carter,F,24,KEN,Kenya,Africa,2012,London,Great Britain,Summer,Fencing,Foil Individual,Silver
1912,James Clark,M,19,JAM,Jamaica,North America,1952,Oslo,Norway,Winter,Ice Hockey,Ice Hockey Sprint,Bronze
1913,Sarah Young,F,33,JAM,Jamaica,North America,1976,Innsbruck,Austria,Winter,Bobsled,Bobsled Sprint,Bronze
1914,Chris Clark,M,36,JAM,Jamaica,North America,1956,Cortina,Italy,Winter,Luge,Luge Sprint,Bronze
1915,Robert Jones,M,31,RUS,Russia,Europe,2012,London,Great Britain,Summer,Taekwondo,49kg,Gold
1916,Wei Lewis,M,40,RUS,Russia,Europe,1928,Amsterdam,Netherlands,Summer,Weightlifting,48kg,Silver
1917,Rebecca Brown,F,28,GER,Germany,Europe,1912,Stockholm,Sweden,Summer,Football,Football,Bronze
1918,Robert White,M,33,UZB,Uzbekistan,Asia,1968,Grenoble,France,Winter,Freestyle Skiing,Freestyle Skiing Downhill,Silver
1919,Darius Adams,M,17,SWE,Sweden,Europe,1928,St. Moritz,Switzerland,Winter,Biathlon,Biathlon Mass Start,Gold
1920,Diego Harris,M,23,GBR,Great Britain,Europe,1906,Athens,Greece,Summer,Cycling,BMX Racing,Gold
1921,Svetlana Hall,F,40,JAM,Jamaica,North America,1924,Chamonix,France,Winter,Curling,Curling Super-G,Gold
1922,Lars Allen,M,37,NGR,Nigeria,Africa,1980,Lake Placid,USA,Winter,Ski Jumping,Ski Jumping Mass Start,Bronze
1923,Hans Johnson,M,34,NOR,Norway,Europe,1908,London,Great Britain,Summer,Swimming,100m Backstroke,Silver
1924,Peter Taylor,M,28,ARG,Argentina,South America,2004,Athens,Greece,Summer,Gymnastics,Uneven Bars,Bronze
1925,Ingrid Anderson,F,32,KEN,Kenya,Africa,1896,Athens,Greece,Summer,Canoe,Canoe Slalom,Gold
1926,Mark Hall,M,26,UKR,Ukraine,Europe,2012,London,Great Britain,Summer,Canoe,Canoe Slalom,Gold
1927,Svetlana Hill,F,35,CHN,China,Asia,1998,Nagano,Japan,Winter,Speed Skating,Speed Skating Slalom,Silver
1928,Diego Baker,M,22,UKR,Ukraine,Europe,1936,Berlin,Germany,Summer,Boxing,52kg,Bronze
1929,Sofia Brown,F,27,SVK,Slovakia,Europe,2010,Vancouver,Canada,Winter,Speed Skating,Speed Skating Pursuit,Bronze
1930,Michael White,M,25,NOR,Norway,Europe,1996,Atlanta,USA,Summer,Cycling,Team Sprint,Gold
1931,Ingrid Carter,F,30,RSA,South Africa,Africa,1960,Rome,Italy,Summer,Rowing,Lightweight Four,Gold
1932,Katarina Martin,F,41,TUR,Turkey,Asia,1980,Moscow,Russia,Summer,Badminton,Mixed Doubles,Gold
1933,Mark Johnson,M,16,CHN,China,Asia,1994,Lillehammer,Norway,Winter,Biathlon,Biathlon Individual,Silver
1934,Peter Jackson,M,27,FRA,France,Europe,1972,Sapporo,Japan,Winter,Luge,Luge Sprint,Silver
1935,Sarah Robinson,F,36,KEN,Kenya,Africa,2010,Vancouver,Canada,Winter,Bobsled,Bobsled Team,Gold
1936,Darius Smith,M,19,BRA,Brazil,South America,1924,Paris,France,Summer,Judo,73kg,Silver
1937,Sarah Baker,F,24,USA,United States,North America,1932,Los Angeles,USA,Summer,Athletics,800m,Silver
1938,Hans Young,M,17,IRN,Iran,Asia,1908,London,Great Britain,Summer,Wrestling,Freestyle 86kg,Silver
1939,Robert Garcia,M,37,ROM,Romania,Europe,1968,Grenoble,France,Winter,Ice Hockey,Ice Hockey Individual,Bronze
1940,Katarina Garcia,F,16,HUN,Hungary,Europe,1952,Oslo,Norway,Winter,Nordic Combined,Nordic Combined Slalom,Gold
1941,Ahmed Adams,M,34,POR,Portugal,Europe,1948,London,Great Britain,Summer,Tennis,Singles,Bronze
1942,Lauren Lee,F,18,ETH,Ethiopia,Africa,1980,Moscow,Russia,Summer,Cycling,Road Race,Silver
1943,Olga Adams,F,37,CAN,Canada,North America,2020,Tokyo,Japan,Summer,Badminton,Mixed Doubles,Bronze
1944,Elena Nelson,F,29,AUT,Austria,Europe,1928,Amsterdam,Netherlands,Summer,Fencing,Sabre Team,Silver
1945,Diego Lopez,M,37,ETH,Ethiopia,Africa,1964,Tokyo,Japan,Summer,Tennis,Doubles,Bronze
1946,Mark Moore,M,35,DEN,Denmark,Europe,1984,Sarajevo,Yugoslavia,Winter,Luge,Luge Super-G,Silver
1947,Carlos Hill,M,17,FIN,Finland,Europe,1960,Squaw Valley,USA,Winter,Freestyle Skiing,Freestyle Skiing Slalom,Bronze
1948,Mohammed Moore,M,41,IRN,Iran,Asia,1928,Amsterdam,Netherlands,Summer,Canoe,Canoe Slalom,Gold
1949,Alexei Williams,M,32,BEL,Belgium,Europe,2020,Tokyo,Japan,Summer,Basketball,Basketball,Bronze
1950,Steven Rodriguez,M,39,CHN,China,Asia,1920,Antwerp,Belgium,Summer,Taekwondo,49kg,Silver
1951,Katarina Hall,F,32,ESP,Spain,Europe,1924,Paris,France,Summer,Fencing,Sabre Team,Gold
1952,Darius King,M,23,UZB,Uzbekistan,Asia,1988,Calgary,Canada,Winter,Bobsled,Bobsled Downhill,Gold
1953,Ivan Davis,M,41,KAZ,Kazakhstan,Asia,2022,Beijing,China,Winter,Nordic Combined,Nordic Combined Pursuit,Silver
1954,Kim Green,F,25,CUB,Cuba,North America,1928,Amsterdam,Netherlands,Summer,Gymnastics,Trampoline,Bronze
1955,John White,M,25,CHN,China,Asia,1920,Antwerp,Belgium,Summer,Rowing,Single Sculls,Gold
1956,Katarina Hall,F,27,GBR,Great Britain,Europe,2020,Tokyo,Japan,Summer,Gymnastics,Pommel Horse,Gold
1957,Kim Robinson,F,27,UKR,Ukraine,Europe,2004,Athens,Greece,Summer,Canoe,Canoe Slalom,Silver
1958,Hans Williams,M,37,AUT,Austria,Europe,1994,Lillehammer,Norway,Winter,Snowboard,Snowboard Slalom,Silver
1959,Ingrid Green,F,41,BRA,Brazil,South America,1956,Cortina,Italy,Winter,Bobsled,Bobsled Individual,Gold
1960,Ingrid Williams,F,16,AZE,Azerbaijan,Europe,1972,Munich,Germany,Summer,Taekwondo,57kg,Silver
1961,Lars Davis,M,39,USA,United States,North America,2012,London,Great Britain,Summer,Gymnastics,Team,Silver
1962,Nina Robinson,F,17,CUB,Cuba,North America,1964,Innsbruck,Austria,Winter,Nordic Combined,Nordic Combined Super-G,Bronze
1963,Sarah Moore,F,19,NOR,Norway,Europe,2014,Sochi,Russia,Winter,Nordic Combined,Nordic Combined Slalom,Bronze
1964,Aisha Thomas,F,18,ARG,Argentina,South America,2002,Salt Lake City,USA,Winter,Ski Jumping,Ski Jumping Individual,Silver
1965,Mohammed Wilson,M,24,IRN,Iran,Asia,1952,Helsinki,Finland,Summer,Taekwondo,67kg,Bronze
1966,Emma Martinez,F,21,FIN,Finland,Europe,1984,Los Angeles,USA,Summer,Badminton,Singles,Bronze
1967,Peter Wright,M,18,AZE,Azerbaijan,Europe,1960,Rome,Italy,Summer,Football,Football,Silver
1968,Yuki Williams,M,40,POR,Portugal,Europe,1948,London,Great Britain,Summer,Athletics,Pole Vault,Silver
1969,Ingeborg Hernandez,F,23,AZE,Azerbaijan,Europe,1932,Los Angeles,USA,Summer,Cycling,Omnium,Bronze
1970,Hans Lee,M,30,RUS,Russia,Europe,1924,Paris,France,Summer,Weightlifting,69kg,Bronze
1971,Rebecca Davis,F,36,UZB,Uzbekistan,Asia,1972,Munich,Germany,Summer,Athletics,4x400m Relay,Silver
1972,Lisa Miller,F,18,DEN,Denmark,Europe,1976,Innsbruck,Austria,Winter,Skiing,Skiing Mass Start,Silver
1973,John Smith,M,20,NZL,New Zealand,Oceania,2000,Sydney,Australia,Summer,Volleyball,Beach Volleyball,Gold
1974,Fatima Wright,F,33,FIN,Finland,Europe,1912,Stockholm,Sweden,Summer,Taekwondo,68kg,Gold
1975,Peter Taylor,M,23,CZE,Czech Republic,Europe,2016,Rio de Janeiro,Brazil,Summer,Boxing,+91kg,Silver
1976,Aisha Johnson,F,17,USA,United States,North America,1924,Chamonix,France,Winter,Nordic Combined,Nordic Combined Downhill,Gold
1977,Maria Clark,F,41,USA,United States,North America,1984,Los Angeles,USA,Summer,Shooting,Skeet,Gold
1978,Mei White,F,31,HUN,Hungary,Europe,1976,Innsbruck,Austria,Winter,Ski Jumping,Ski Jumping Pursuit,Gold
1979,David Jones,M,32,KOR,South Korea,Asia,1932,Los Angeles,USA,Summer,Basketball,Basketball,Silver
1980,Olga Harris,F,36,CUB,Cuba,North America,1980,Lake Placid,USA,Winter,Biathlon,Biathlon Sprint,Silver
1981,Ingrid Smith,F,40,GBR,Great Britain,Europe,1968,Grenoble,France,Winter,Skiing,Skiing Downhill,Gold
1982,David Wright,M,39,FIN,Finland,Europe,2000,Sydney,Australia,Summer,Volleyball,Beach Volleyball,Bronze
1983,Kwame Scott,M,23,POR,Portugal,Europe,2016,Rio de Janeiro,Brazil,Summer,Table Tennis,Team,Silver
1984,Robert Taylor,M,33,BEL,Belgium,Europe,1980,Moscow,Russia,Summer,Gymnastics,All-Around,Bronze
1985,Svetlana Rodriguez,F,30,NZL,New Zealand,Oceania,1904,St. Louis,USA,Summer,Volleyball,Beach Volleyball,Silver
1986,Mei Walker,F,32,ZIM,Zimbabwe,Africa,2022,Beijing,China,Winter,Curling,Curling Super-G,Bronze
1987,Ingeborg Lopez,F,18,IND,India,Asia,1992,Barcelona,Spain,Summer,Archery,Team Recurve,Silver
1988,Claire Carter,F,24,BRA,Brazil,South America,1984,Sarajevo,Yugoslavia,Winter,Curling,Curling Team,Bronze
1989,Chris Jackson,M,27,CUB,Cuba,North America,1936,Garmisch,Germany,Winter,Bobsled,Bobsled Super-G,Silver
1990,Katarina Jackson,F,37,BRA,Brazil,South America,1984,Los Angeles,USA,Summer,Football,Football,Bronze
1991,Sofia Nelson,F,22,IRN,Iran,Asia,2016,Rio de Janeiro,Brazil,Summer,Wrestling,Freestyle 97kg,Bronze
1992,Kwame Rodriguez,M,22,ETH,Ethiopia,Africa,1932,Los Angeles,USA,Summer,Weightlifting,63kg,Gold
1993,Hans Garcia,M,28,ESP,Spain,Europe,1998,Nagano,Japan,Winter,Ski Jumping,Ski Jumping Slalom,Bronze
1994,Lisa Thompson,F,35,KOR,South Korea,Asia,1976,Montreal,Canada,Summer,Archery,Individual Compound,Gold
1995,Peter Thompson,M,18,NZL,New Zealand,Oceania,1964,Innsbruck,Austria,Winter,Cross-Country Skiing,Cross-Country Skiing Giant Slalom,Silver
1996,Fatima Brown,F,22,ARG,Argentina,South America,1976,Montreal,Canada,Summer,Archery,Individual Compound,Silver
1997,Ingrid Clark,F,29,FRA,France,Europe,1996,Atlanta,USA,Summer,Badminton,Mixed Doubles,Gold
1998,Robert Garcia,M,17,ESP,Spain,Europe,1924,Chamonix,France,Winter,Ice Hockey,Ice Hockey Team,Gold
1999,Sven Young,M,39,JPN,Japan,Asia,1988,Seoul,South Korea,Summer,Archery,Individual Compound,Gold
2000,Lucia Martin,F,25,KOR,South Korea,Asia,1904,St. Louis,USA,Summer,Taekwondo,49kg,Gold
2001,Maria Smith,F,23,CZE,Czech Republic,Europe,1936,Garmisch,Germany,Winter,Snowboard,Snowboard Mass Start,Bronze
2002,Rebecca Mitchell,F,22,CAN,Canada,North America,1992,Barcelona,Spain,Summer,Fencing,Epee Individual,Gold
2003,Steven Allen,M,19,NGR,Nigeria,Africa,1928,St. Moritz,Switzerland,Winter,Biathlon,Biathlon Mass Start,Gold
2004,Mark Davis,M,23,CAN,Canada,North America,1948,London,Great Britain,Summer,Tennis,Mixed Doubles,Gold
2005,Kim Harris,F,30,TUR,Turkey,Asia,1948,London,Great Britain,Summer,Judo,+100kg,Gold
2006,Yuki Mitchell,M,39,FIN,Finland,Europe,2024,Paris,France,Summer,Gymnastics,All-Around,Silver
2007,Aisha Rodriguez,F,29,NOR,Norway,Europe,1900,Paris,France,Summer,Archery,Individual Compound,Silver
2008,Lauren White,F,30,GRE,Greece,Europe,1900,Paris,France,Summer,Badminton,Mixed Doubles,Silver
2009,Ingrid White,F,21,AZE,Azerbaijan,Europe,1928,Amsterdam,Netherlands,Summer,Gymnastics,Uneven Bars,Gold
2010,Chris Harris,M,38,KEN,Kenya,Africa,1956,Cortina,Italy,Winter,Bobsled,Bobsled Downhill,Silver
2011,Lars Jones,M,36,AZE,Azerbaijan,Europe,1992,Albertville,France,Winter,Skeleton,Skeleton Individual,Silver
2012,Ingrid Smith,F,27,RSA,South Africa,Africa,2006,Turin,Italy,Winter,Ski Jumping,Ski Jumping Individual,Silver
2013,Olga Harris,F,24,AUS,Australia,Oceania,1972,Munich,Germany,Summer,Tennis,Doubles,Silver
2014,Mohammed Scott,M,23,CAN,Canada,North America,1964,Tokyo,Japan,Summer,Shooting,Double Trap,Bronze
2015,Isabella Harris,F,17,RSA,South Africa,Africa,1984,Los Angeles,USA,Summer,Rowing,Single Sculls,Gold
2016,Robert Scott,M,24,GRE,Greece,Europe,2006,Turin,Italy,Winter,Ice Hockey,Ice Hockey Team,Silver
2017,Elena Harris,F,24,KOR,South Korea,Asia,1972,Sapporo,Japan,Winter,Ice Hockey,Ice Hockey Mass Start,Silver
2018,Darius Thomas,M,34,KAZ,Kazakhstan,Asia,1956,Melbourne,Australia,Summer,Boxing,91kg,Silver
2019,Peter Carter,M,16,CAN,Canada,North America,1988,Seoul,South Korea,Summer,Badminton,Doubles,Bronze
2020,Pierre Adams,M,40,JPN,Japan,Asia,1908,London,Great Britain,Summer,Gymnastics,Pommel Horse,Silver
2021,Michael Clark,M,41,NED,Netherlands,Europe,2008,Beijing,China,Summer,Boxing,56kg,Gold
2022,David Anderson,M,28,CHN,China,Asia,2014,Sochi,Russia,Winter,Speed Skating,Speed Skating Giant Slalom,Gold
2023,Fatima King,F,34,CUB,Cuba,North America,1976,Innsbruck,Austria,Winter,Ice Hockey,Ice Hockey Sprint,Gold
2024,Yuki Moore,M,18,CAN,Canada,North America,1976,Montreal,Canada,Summer,Boxing,52kg,Gold
2025,Rebecca Hall,F,33,NGR,Nigeria,Africa,1952,Oslo,Norway,Winter,Skeleton,Skeleton Giant Slalom,Bronze
2026,Fatima Scott,F,40,TUR,Turkey,Asia,1976,Montreal,Canada,Summer,Table Tennis,Team,Silver
2027,Robert Carter,M,22,JPN,Japan,Asia,1928,St. Moritz,Switzerland,Winter,Curling,Curling Slalom,Silver
2028,Ingrid Robinson,F,28,TUR,Turkey,Asia,2022,Beijing,China,Winter,Speed Skating,Speed Skating Team,Silver
2029,Ahmed Taylor,M,22,HUN,Hungary,Europe,1900,Paris,France,Summer,Fencing,Foil Team,Silver
2030,Michael Harris,M,20,NZL,New Zealand,Oceania,1992,Barcelona,Spain,Summer,Wrestling,Greco-Roman 130kg,Silver
2031,Kim King,F,27,SUI,Switzerland,Europe,1948,St. Moritz,Switzerland,Winter,Skeleton,Skeleton Downhill,Gold
2032,Wei Brown,M,25,KOR,South Korea,Asia,1968,Grenoble,France,Winter,Skiing,Skiing Pursuit,Silver
2033,Aisha Adams,F,27,GER,Germany,Europe,1976,Montreal,Canada,Summer,Basketball,3x3 Basketball,Silver
2034,Claire Hill,F,22,POL,Poland,Europe,1904,St. Louis,USA,Summer,Badminton,Singles,Gold
2035,Sarah Hill,F,17,CZE,Czech Republic,Europe,1896,Athens,Greece,Summer,Weightlifting,69kg,Gold
2036,Nina Mitchell,F,28,CHN,China,Asia,1996,Atlanta,USA,Summer,Table Tennis,Team,Silver
2037,Aisha Nelson,F,17,ETH,Ethiopia,Africa,1960,Squaw Valley,USA,Winter,Snowboard,Snowboard Super-G,Gold
2038,Diego Adams,M,37,DEN,Denmark,Europe,1972,Sapporo,Japan,Winter,Ski Jumping,Ski Jumping Slalom,Bronze
2039,Carlos Hernandez,M,28,GER,Germany,Europe,2010,Vancouver,Canada,Winter,Snowboard,Snowboard Giant Slalom,Bronze
2040,Kwame Walker,M,18,KOR,South Korea,Asia,2008,Beijing,China,Summer,Shooting,25m Pistol,Silver
2041,Maria Jackson,F,16,GBR,Great Britain,Europe,1968,Mexico City,Mexico,Summer,Cycling,Road Race,Silver
2042,Jessica Thompson,F,33,KOR,South Korea,Asia,1988,Calgary,Canada,Winter,Figure Skating,Figure Skating Downhill,Gold
2043,Lisa Harris,F,41,BRA,Brazil,South America,1896,Athens,Greece,Summer,Gymnastics,Rings,Silver
2044,Pierre Rodriguez,M,37,ITA,Italy,Europe,1928,St. Moritz,Switzerland,Winter,Freestyle Skiing,Freestyle Skiing Slalom,Bronze
2045,Katarina Clark,F,36,BRA,Brazil,South America,2008,Beijing,China,Summer,Volleyball,Beach Volleyball,Bronze
2046,Michael Young,M,23,TUR,Turkey,Asia,1928,Amsterdam,Netherlands,Summer,Taekwondo,+73kg,Silver
2047,Ingrid Brown,F,39,ZIM,Zimbabwe,Africa,1952,Helsinki,Finland,Summer,Fencing,Epee Team,Bronze
2048,Steven Martin,M,41,KOR,South Korea,Asia,1956,Melbourne,Australia,Summer,Shooting,10m Air Pistol,Silver
2049,Ingrid Allen,F,39,ESP,Spain,Europe,1928,Amsterdam,Netherlands,Summer,Weightlifting,63kg,Bronze
2050,Carlos Brown,M,40,KOR,South Korea,Asia,1960,Rome,Italy,Summer,Judo,66kg,Silver
2051,Nina Lee,F,16,BEL,Belgium,Europe,1968,Mexico City,Mexico,Summer,Football,Football,Gold
2052,Kim Hall,F,34,NGR,Nigeria,Africa,1956,Melbourne,Australia,Summer,Cycling,BMX Racing,Silver
2053,Thomas Carter,M,26,CUB,Cuba,North America,2024,Paris,France,Summer,Cycling,Team Sprint,Silver
2054,Marco Johnson,M,18,FRA,France,Europe,1992,Barcelona,Spain,Summer,Basketball,Basketball,Gold
2055,Michael Wright,M,17,AUS,Australia,Oceania,1984,Sarajevo,Yugoslavia,Winter,Luge,Luge Slalom,Gold
2056,Jessica Miller,F,37,ESP,Spain,Europe,1904,St. Louis,USA,Summer,Wrestling,Freestyle 97kg,Gold
2057,Robert Williams,M,34,FRA,France,Europe,1928,St. Moritz,Switzerland,Winter,Speed Skating,Speed Skating Super-G,Bronze
2058,Fatima Nelson,F,19,NZL,New Zealand,Oceania,1896,Athens,Greece,Summer,Rowing,Quadruple Sculls,Silver
2059,Lisa King,F,20,GER,Germany,Europe,1994,Lillehammer,Norway,Winter,Cross-Country Skiing,Cross-Country Skiing Giant Slalom,Bronze
2060,Kwame Harris,M,31,POR,Portugal,Europe,2024,Paris,France,Summer,Shooting,25m Pistol,Bronze
2061,Hans Hernandez,M,38,UKR,Ukraine,Europe,1952,Oslo,Norway,Winter,Skiing,Skiing Downhill,Silver
2062,Yuna Robinson,F,29,POR,Portugal,Europe,1980,Lake Placid,USA,Winter,Speed Skating,Speed Skating Mass Start,Bronze
2063,David Williams,M,38,SUI,Switzerland,Europe,1956,Cortina,Italy,Winter,Figure Skating,Figure Skating Pursuit,Gold
2064,Robert Martinez,M,39,JPN,Japan,Asia,1906,Athens,Greece,Summer,Taekwondo,58kg,Silver
2065,Lucia Wilson,F,29,CUB,Cuba,North America,2004,Athens,Greece,Summer,Fencing,Epee Team,Bronze
2066,Darius Williams,M,31,KAZ,Kazakhstan,Asia,2000,Sydney,Australia,Summer,Archery,Individual Compound,Silver
2067,James Thompson,M,17,POL,Poland,Europe,1928,St. Moritz,Switzerland,Winter,Luge,Luge Pursuit,Silver
2068,Ingeborg Clark,F,41,COL,Colombia,South America,1932,Los Angeles,USA,Summer,Badminton,Doubles,Silver
2069,Nina Baker,F,37,KAZ,Kazakhstan,Asia,1924,Chamonix,France,Winter,Cross-Country Skiing,Cross-Country Skiing Super-G,Bronze
2070,Carlos Taylor,M,31,BEL,Belgium,Europe,1932,Los Angeles,USA,Summer,Athletics,5000m,Gold
2071,Kim Thomas,F,24,TUR,Turkey,Asia,1924,Chamonix,France,Winter,Figure Skating,Figure Skating Giant Slalom,Silver
2072,Sarah Davis,F,26,KEN,Kenya,Africa,1904,St. Louis,USA,Summer,Athletics,Heptathlon,Silver
2073,Carlos Hill,M,20,HUN,Hungary,Europe,2014,Sochi,Russia,Winter,Cross-Country Skiing,Cross-Country Skiing Giant Slalom,Silver
2074,Marco Nelson,M,30,DEN,Denmark,Europe,1984,Los Angeles,USA,Summer,Basketball,Basketball,Bronze
2075,Sarah Allen,F,26,GBR,Great Britain,Europe,1952,Oslo,Norway,Winter,Curling,Curling Slalom,Bronze
2076,Jessica Harris,F,35,BEL,Belgium,Europe,1996,Atlanta,USA,Summer,Gymnastics,Team,Silver
2077,Svetlana Williams,F,25,FIN,Finland,Europe,2022,Beijing,China,Winter,Snowboard,Snowboard Pursuit,Gold
2078,Steven Hernandez,M,17,KOR,South Korea,Asia,2000,Sydney,Australia,Summer,Taekwondo,+80kg,Gold
2079,Rebecca Allen,F,33,USA,United States,North America,1968,Mexico City,Mexico,Summer,Athletics,Long Jump,Gold
2080,Mohammed White,M,31,TUR,Turkey,Asia,1980,Lake Placid,USA,Winter,Cross-Country Skiing,Cross-Country Skiing Mass Start,Bronze
2081,Alexei Rodriguez,M,28,ITA,Italy,Europe,2000,Sydney,Australia,Summer,Archery,Individual Compound,Gold
2082,Nina Martin,F,18,USA,United States,North America,1984,Sarajevo,Yugoslavia,Winter,Freestyle Skiing,Freestyle Skiing Pursuit,Silver
2083,Chris Thompson,M,37,BRA,Brazil,South America,1900,Paris,France,Summer,Weightlifting,69kg,Silver
2084,Isabella Martinez,F,19,CAN,Canada,North America,1928,St. Moritz,Switzerland,Winter,Luge,Luge Pursuit,Silver
2085,David Wilson,M,18,AUT,Austria,Europe,1984,Sarajevo,Yugoslavia,Winter,Nordic Combined,Nordic Combined Giant Slalom,Gold
2086,Anna Hill,F,26,ITA,Italy,Europe,1948,London,Great Britain,Summer,Gymnastics,Parallel Bars,Bronze
2087,Lisa Lewis,F,41,IND,India,Asia,1976,Montreal,Canada,Summer,Table Tennis,Singles,Gold
2088,Sarah Mitchell,F,39,HUN,Hungary,Europe,1960,Squaw Valley,USA,Winter,Ice Hockey,Ice Hockey Downhill,Gold
2089,Diego Lewis,M,31,RUS,Russia,Europe,1908,London,Great Britain,Summer,Boxing,56kg,Gold
2090,Elena Jackson,F,22,FRA,France,Europe,1960,Rome,Italy,Summer,Basketball,3x3 Basketball,Bronze
2091,Steven Lopez,M,39,UZB,Uzbekistan,Asia,1996,Atlanta,USA,Summer,Badminton,Mixed Doubles,Bronze
2092,Emma Williams,F,22,JAM,Jamaica,North America,2014,Sochi,Russia,Winter,Skeleton,Skeleton Downhill,Silver
2093,Nina Allen,F,36,CHN,China,Asia,1932,Lake Placid,USA,Winter,Skiing,Skiing Super-G,Bronze
2094,John Carter,M,20,SUI,Switzerland,Europe,2022,Beijing,China,Winter,Skiing,Skiing Super-G,Bronze
2095,Lauren Williams,F,19,KOR,South Korea,Asia,1988,Seoul,South Korea,Summer,Weightlifting,53kg,Bronze
2096,Emma Davis,F,25,IRN,Iran,Asia,1956,Cortina,Italy,Winter,Figure Skating,Figure Skating Mass Start,Gold
2097,Lucia Jones,F,26,KOR,South Korea,Asia,1956,Melbourne,Australia,Summer,Wrestling,Freestyle 97kg,Bronze
2098,Chris Clark,M,16,USA,United States,North America,1964,Tokyo,Japan,Summer,Gymnastics,Team,Gold
2099,John Davis,M,27,MEX,Mexico,North America,2006,Turin,Italy,Winter,Biathlon,Biathlon Sprint,Silver
2100,Peter Nelson,M,34,ITA,Italy,Europe,2014,Sochi,Russia,Winter,Bobsled,Bobsled Super-G,Gold
2101,Lars Adams,M,41,ZIM,Zimbabwe,Africa,1936,Garmisch,Germany,Winter,Skiing,Skiing Mass Start,Bronze
2102,Ingrid Williams,F,19,CZE,Czech Republic,Europe,2004,Athens,Greece,Summer,Archery,Individual Compound,Silver
2103,Robert Davis,M,20,KEN,Kenya,Africa,1968,Grenoble,France,Winter,Biathlon,Biathlon Super-G,Bronze
2104,Anna Thompson,F,33,IRN,Iran,Asia,1896,Athens,Greece,Summer,Weightlifting,+105kg,Gold
2105,Elena Baker,F,21,AUS,Australia,Oceania,1992,Barcelona,Spain,Summer,Archery,Team Recurve,Bronze
2106,Sven Hill,M,39,JAM,Jamaica,North America,1920,Antwerp,Belgium,Summer,Athletics,Shot Put,Gold
2107,Alexei Martin,M,31,KEN,Kenya,Africa,1968,Grenoble,France,Winter,Skiing,Skiing Giant Slalom,Gold
2108,Maria Hall,F,27,HUN,Hungary,Europe,1972,Munich,Germany,Summer,Rowing,Lightweight Double Sculls,Bronze
2109,John Allen,M,35,KEN,Kenya,Africa,1968,Grenoble,France,Winter,Snowboard,Snowboard Mass Start,Silver
2110,Mohammed Jackson,M,28,USA,United States,North America,1998,Nagano,Japan,Winter,Snowboard,Snowboard Slalom,Bronze
2111,Mohammed Wilson,M,36,ROM,Romania,Europe,1948,St. Moritz,Switzerland,Winter,Nordic Combined,Nordic Combined Sprint,Bronze
2112,Robert Hall,M,39,RUS,Russia,Europe,1948,London,Great Britain,Summer,Wrestling,Freestyle 57kg,Gold
2113,Peter Wilson,M,36,ROM,Romania,Europe,1936,Berlin,Germany,Summer,Shooting,10m Air Pistol,Bronze
2114,David Taylor,M,30,UKR,Ukraine,Europe,1896,Athens,Greece,Summer,Football,Football,Bronze
2115,Ingrid Scott,F,29,ESP,Spain,Europe,1998,Nagano,Japan,Winter,Ski Jumping,Ski Jumping Team,Bronze
2116,Yuki Lewis,M,22,HUN,Hungary,Europe,1952,Helsinki,Finland,Summer,Tennis,Mixed Doubles,Gold
2117,Emma Thompson,F,29,NGR,Nigeria,Africa,2000,Sydney,Australia,Summer,Cycling,BMX Racing,Gold
2118,Pierre Scott,M,39,RUS,Russia,Europe,1972,Munich,Germany,Summer,Tennis,Singles,Silver
2119,Mark Thomas,M,25,ETH,Ethiopia,Africa,1936,Berlin,Germany,Summer,Football,Football,Silver
2120,Pierre Lewis,M,34,MEX,Mexico,North America,2014,Sochi,Russia,Winter,Skiing,Skiing Slalom,Silver
2121,Ingrid Garcia,F,31,HUN,Hungary,Europe,1998,Nagano,Japan,Winter,Figure Skating,Figure Skating Slalom,Gold
2122,Steven Lopez,M,40,JPN,Japan,Asia,1976,Innsbruck,Austria,Winter,Figure Skating,Figure Skating Slalom,Silver
2123,Mark Lee,M,19,POR,Portugal,Europe,1936,Garmisch,Germany,Winter,Curling,Curling Giant Slalom,Bronze
2124,Ingrid Smith,F,39,KEN,Kenya,Africa,1948,St. Moritz,Switzerland,Winter,Nordic Combined,Nordic Combined Team,Gold
2125,Yuna Adams,F,41,ETH,Ethiopia,Africa,1988,Calgary,Canada,Winter,Biathlon,Biathlon Pursuit,Bronze
2126,Sarah Taylor,F,32,NED,Netherlands,Europe,1988,Calgary,Canada,Winter,Ski Jumping,Ski Jumping Giant Slalom,Gold
2127,Mei Jackson,F,16,BEL,Belgium,Europe,1956,Cortina,Italy,Winter,Ski Jumping,Ski Jumping Giant Slalom,Gold
2128,Kim Hall,F,34,BRA,Brazil,South America,1920,Antwerp,Belgium,Summer,Judo,70kg,Bronze
2129,Lauren Jackson,F,31,FRA,France,Europe,2022,Beijing,China,Winter,Snowboard,Snowboard Super-G,Gold
2130,Yuna Green,F,40,POL,Poland,Europe,1956,Cortina,Italy,Winter,Skiing,Skiing Super-G,Silver
2131,Robert Davis,M,38,CZE,Czech Republic,Europe,1980,Moscow,Russia,Summer,Cycling,Mountain Bike,Bronze
2132,Ahmed Green,M,30,GBR,Great Britain,Europe,1924,Chamonix,France,Winter,Figure Skating,Figure Skating Downhill,Bronze
2133,Maria Harris,F,38,CZE,Czech Republic,Europe,1908,London,Great Britain,Summer,Weightlifting,58kg,Bronze
2134,Michael Nelson,M,24,FRA,France,Europe,1936,Berlin,Germany,Summer,Rowing,Eight,Silver
2135,Steven Mitchell,M,26,NOR,Norway,Europe,1924,Paris,France,Summer,Shooting,Double Trap,Gold
2136,Hans Garcia,M,17,AUT,Austria,Europe,1912,Stockholm,Sweden,Summer,Shooting,Skeet,Bronze
2137,Ahmed Rodriguez,M,41,NGR,Nigeria,Africa,1928,St. Moritz,Switzerland,Winter,Freestyle Skiing,Freestyle Skiing Individual,Gold
2138,Lucia Lewis,F,16,ROM,Romania,Europe,1912,Stockholm,Sweden,Summer,Table Tennis,Singles,Silver
2139,Marco Davis,M,16,UZB,Uzbekistan,Asia,2012,London,Great Britain,Summer,Tennis,Mixed Doubles,Bronze
2140,Steven Williams,M,21,HUN,Hungary,Europe,1988,Calgary,Canada,Winter,Skiing,Skiing Mass Start,Bronze
2141,Pierre Brown,M,25,HUN,Hungary,Europe,1932,Los Angeles,USA,Summer,Rowing,Pair,Bronze
2142,Marco White,M,39,GBR,Great Britain,Europe,1972,Sapporo,Japan,Winter,Figure Skating,Figure Skating Sprint,Silver
2143,Hans Walker,M,21,KOR,South Korea,Asia,1996,Atlanta,USA,Summer,Judo,+78kg,Gold
2144,Ahmed Davis,M,37,IRN,Iran,Asia,1928,St. Moritz,Switzerland,Winter,Bobsled,Bobsled Individual,Gold
2145,Ingeborg Anderson,F,23,USA,United States,North America,2012,London,Great Britain,Summer,Boxing,60kg,Silver
2146,Elena Carter,F,30,AZE,Azerbaijan,Europe,2006,Turin,Italy,Winter,Curling,Curling Giant Slalom,Bronze
2147,Pierre Garcia,M,35,DEN,Denmark,Europe,2000,Sydney,Australia,Summer,Taekwondo,80kg,Silver
2148,Chris Walker,M,28,CHN,China,Asia,1948,St. Moritz,Switzerland,Winter,Snowboard,Snowboard Pursuit,Bronze
2149,Marco Green,M,23,RUS,Russia,Europe,1976,Montreal,Canada,Summer,Gymnastics,Uneven Bars,Gold
2150,Ivan Thomas,M,17,POR,Portugal,Europe,1988,Seoul,South Korea,Summer,Badminton,Doubles,Bronze
2151,Kwame Green,M,32,CUB,Cuba,North America,1936,Garmisch,Germany,Winter,Ski Jumping,Ski Jumping Sprint,Gold
2152,Mark Rodriguez,M,24,UKR,Ukraine,Europe,1948,London,Great Britain,Summer,Archery,Individual Recurve,Bronze
2153,Kim Moore,F,31,GBR,Great Britain,Europe,1924,Chamonix,France,Winter,Cross-Country Skiing,Cross-Country Skiing Sprint,Gold
2154,Svetlana Green,F,39,CHN,China,Asia,2004,Athens,Greece,Summer,Gymnastics,Balance Beam,Gold
2155,Mark Rodriguez,M,37,SUI,Switzerland,Europe,2010,Vancouver,Canada,Winter,Ski Jumping,Ski Jumping Super-G,Gold
2156,Marco Smith,M,41,ETH,Ethiopia,Africa,1904,St. Louis,USA,Summer,Athletics,50km Walk,Gold
2157,John Hernandez,M,31,AUS,Australia,Oceania,1956,Cortina,Italy,Winter,Ice Hockey,Ice Hockey Team,Bronze
2158,David Lewis,M,39,AUT,Austria,Europe,1998,Nagano,Japan,Winter,Bobsled,Bobsled Individual,Silver
2159,Claire Thompson,F,40,ARG,Argentina,South America,1964,Innsbruck,Austria,Winter,Freestyle Skiing,Freestyle Skiing Team,Gold
2160,Mei Scott,F,25,TUR,Turkey,Asia,1912,Stockholm,Sweden,Summer,Archery,Team Recurve,Gold
2161,Mei Williams,F,28,GBR,Great Britain,Europe,1928,Amsterdam,Netherlands,Summer,Boxing,64kg,Bronze
2162,Sven Thompson,M,16,GBR,Great Britain,Europe,1972,Munich,Germany,Summer,Tennis,Singles,Gold
2163,Aisha Garcia,F,39,AUS,Australia,Oceania,1964,Innsbruck,Austria,Winter,Bobsled,Bobsled Super-G,Bronze
2164,Ahmed Taylor,M,23,ROM,Romania,Europe,1928,Amsterdam,Netherlands,Summer,Basketball,3x3 Basketball,Silver
2165,Chris Anderson,M,27,ESP,Spain,Europe,1980,Lake Placid,USA,Winter,Figure Skating,Figure Skating Super-G,Bronze
2166,Hans Brown,M,36,CZE,Czech Republic,Europe,1964,Innsbruck,Austria,Winter,Nordic Combined,Nordic Combined Individual,Silver
2167,Olga Smith,F,35,TUR,Turkey,Asia,1936,Berlin,Germany,Summer,Cycling,Mountain Bike,Bronze
2168,James Garcia,M,18,NED,Netherlands,Europe,2014,Sochi,Russia,Winter,Freestyle Skiing,Freestyle Skiing Giant Slalom,Gold
2169,Ivan Johnson,M,33,MEX,Mexico,North America,1924,Paris,France,Summer,Basketball,3x3 Basketball,Silver
2170,Yuna Scott,F,31,CZE,Czech Republic,Europe,1996,Atlanta,USA,Summer,Shooting,25m Pistol,Gold
2171,Mark Martin,M,28,MEX,Mexico,North America,1964,Innsbruck,Austria,Winter,Nordic Combined,Nordic Combined Pursuit,Gold
2172,Katarina Martinez,F,35,UZB,Uzbekistan,Asia,2002,Salt Lake City,USA,Winter,Biathlon,Biathlon Sprint,Bronze
2173,Sarah Martin,F,21,BEL,Belgium,Europe,1928,St. Moritz,Switzerland,Winter,Curling,Curling Mass Start,Silver
2174,Anna Robinson,F,22,MEX,Mexico,North America,2012,London,Great Britain,Summer,Wrestling,Freestyle 125kg,Silver
2175,Ingrid Anderson,F,36,RSA,South Africa,Africa,1912,Stockholm,Sweden,Summer,Tennis,Singles,Silver
2176,Steven Lee,M,28,GBR,Great Britain,Europe,2012,London,Great Britain,Summer,Volleyball,Beach Volleyball,Silver
2177,Michael Miller,M,39,ETH,Ethiopia,Africa,1984,Sarajevo,Yugoslavia,Winter,Freestyle Skiing,Freestyle Skiing Sprint,Silver
2178,Jessica Scott,F,32,KEN,Kenya,Africa,1964,Innsbruck,Austria,Winter,Speed Skating,Speed Skating Downhill,Bronze
2179,Lars Hill,M,33,ESP,Spain,Europe,1900,Paris,France,Summer,Cycling,Time Trial,Bronze
2180,Ingeborg Brown,F,35,JPN,Japan,Asia,1932,Los Angeles,USA,Summer,Shooting,25m Rapid Fire Pistol,Bronze
2181,Steven White,M,25,ETH,Ethiopia,Africa,2004,Athens,Greece,Summer,Fencing,Foil Individual,Gold
2182,Nina Wilson,F,34,MEX,Mexico,North America,1936,Berlin,Germany,Summer,Volleyball,Volleyball,Silver
2183,Lars Carter,M,19,FRA,France,Europe,2008,Beijing,China,Summer,Cycling,Sprint,Silver
2184,Peter Martin,M,35,ITA,Italy,Europe,1984,Los Angeles,USA,Summer,Tennis,Mixed Doubles,Bronze
2185,Darius Clark,M,28,NOR,Norway,Europe,1912,Stockholm,Sweden,Summer,Rowing,Lightweight Four,Gold
2186,Kwame Hill,M,40,GER,Germany,Europe,1904,St. Louis,USA,Summer,Football,Football,Silver
2187,Lucia Adams,F,32,FRA,France,Europe,2012,London,Great Britain,Summer,Fencing,Foil Team,Bronze
2188,Michael Nelson,M,41,NOR,Norway,Europe,1984,Los Angeles,USA,Summer,Athletics,100m,Gold
2189,Ivan Johnson,M,35,CZE,Czech Republic,Europe,1960,Rome,Italy,Summer,Football,Football,Gold
2190,Chiara Martinez,F,24,IND,India,Asia,2004,Athens,Greece,Summer,Basketball,3x3 Basketball,Bronze
2191,Wei Mitchell,M,28,GRE,Greece,Europe,1924,Paris,France,Summer,Football,Football,Silver
2192,John Scott,M,41,ZIM,Zimbabwe,Africa,1924,Chamonix,France,Winter,Skiing,Skiing Team,Bronze
2193,Yuna Hall,F,23,FRA,France,Europe,2014,Sochi,Russia,Winter,Snowboard,Snowboard Mass Start,Bronze
2194,Ahmed Jackson,M,40,SVK,Slovakia,Europe,1976,Innsbruck,Austria,Winter,Bobsled,Bobsled Individual,Gold
2195,Steven Hernandez,M,18,ARG,Argentina,South America,2020,Tokyo,Japan,Summer,Boxing,60kg,Silver
2196,James Martinez,M,24,GER,Germany,Europe,1960,Rome,Italy,Summer,Fencing,Foil Team,Gold
2197,Sarah Rodriguez,F,36,GBR,Great Britain,Europe,1984,Los Angeles,USA,Summer,Archery,Team Compound,Gold
2198,Lars Davis,M,32,DEN,Denmark,Europe,1980,Moscow,Russia,Summer,Basketball,3x3 Basketball,Gold
2199,James Scott,M,22,CHN,China,Asia,2010,Vancouver,Canada,Winter,Ice Hockey,Ice Hockey Downhill,Gold
2200,Michael Walker,M,40,TUR,Turkey,Asia,1964,Tokyo,Japan,Summer,Basketball,3x3 Basketball,Gold
2201,Thomas White,M,19,JAM,Jamaica,North America,2002,Salt Lake City,USA,Winter,Skeleton,Skeleton Team,Silver
2202,Mohammed Davis,M,29,DEN,Denmark,Europe,1960,Rome,Italy,Summer,Volleyball,Volleyball,Silver
2203,Peter Scott,M,35,CZE,Czech Republic,Europe,1996,Atlanta,USA,Summer,Badminton,Doubles,Silver
2204,Alexei Johnson,M,25,ITA,Italy,Europe,1952,Oslo,Norway,Winter,Nordic Combined,Nordic Combined Individual,Bronze
2205,Mei Adams,F,23,UKR,Ukraine,Europe,1972,Sapporo,Japan,Winter,Ski Jumping,Ski Jumping Pursuit,Bronze
2206,Chiara Wilson,F,35,RUS,Russia,Europe,1984,Los Angeles,USA,Summer,Wrestling,Greco-Roman 60kg,Gold
2207,James Hill,M,35,UZB,Uzbekistan,Asia,1920,Antwerp,Belgium,Summer,Volleyball,Beach Volleyball,Silver
2208,Elena Smith,F,34,ETH,Ethiopia,Africa,1988,Calgary,Canada,Winter,Snowboard,Snowboard Team,Bronze
2209,Lauren Baker,F,40,NZL,New Zealand,Oceania,1972,Sapporo,Japan,Winter,Speed Skating,Speed Skating Sprint,Silver
2210,Aisha Martinez,F,18,CZE,Czech Republic,Europe,2014,Sochi,Russia,Winter,Freestyle Skiing,Freestyle Skiing Mass Start,Gold
2211,Jessica Martin,F,36,SVK,Slovakia,Europe,1984,Sarajevo,Yugoslavia,Winter,Ski Jumping,Ski Jumping Super-G,Gold
2212,Lauren Jackson,F,34,ESP,Spain,Europe,1960,Rome,Italy,Summer,Taekwondo,58kg,Gold
2213,Maria Young,F,40,SWE,Sweden,Europe,1932,Lake Placid,USA,Winter,Biathlon,Biathlon Sprint,Silver
2214,Hans Taylor,M,33,BEL,Belgium,Europe,1988,Calgary,Canada,Winter,Curling,Curling Individual,Silver
2215,Chiara White,F,21,CHN,China,Asia,1996,Atlanta,USA,Summer,Weightlifting,+105kg,Silver
2216,Sven Carter,M,26,TUR,Turkey,Asia,1988,Seoul,South Korea,Summer,Cycling,BMX Freestyle,Silver
2217,Michael Lewis,M,25,JPN,Japan,Asia,1998,Nagano,Japan,Winter,Figure Skating,Figure Skating Giant Slalom,Silver
2218,Sarah Adams,F,26,ROM,Romania,Europe,2000,Sydney,Australia,Summer,Weightlifting,69kg,Gold
2219,Fatima Miller,F,37,KOR,South Korea,Asia,1968,Mexico City,Mexico,Summer,Taekwondo,57kg,Bronze
2220,Lisa White,F,36,POL,Poland,Europe,1964,Innsbruck,Austria,Winter,Snowboard,Snowboard Downhill,Gold
2221,Peter Scott,M,40,FRA,France,Europe,1988,Seoul,South Korea,Summer,Badminton,Doubles,Silver
2222,Mark Hall,M,40,BRA,Brazil,South America,1988,Calgary,Canada,Winter,Bobsled,Bobsled Team,Bronze
2223,Emma Smith,F,36,ARG,Argentina,South America,1928,Amsterdam,Netherlands,Summer,Cycling,Team Sprint,Gold
2224,Ivan Young,M,37,USA,United States,North America,1976,Innsbruck,Austria,Winter,Ski Jumping,Ski Jumping Pursuit,Bronze
2225,Yuki Hill,M,40,RUS,Russia,Europe,1968,Mexico City,Mexico,Summer,Basketball,Basketball,Gold
2226,Robert Walker,M,17,RUS,Russia,Europe,1908,London,Great Britain,Summer,Gymnastics,Rhythmic Gymnastics,Bronze
2227,Lauren Jones,F,36,AUS,Australia,Oceania,1906,Athens,Greece,Summer,Canoe,Canoe Slalom,Bronze
2228,Ivan Jackson,M,36,BEL,Belgium,Europe,1956,Cortina,Italy,Winter,Skiing,Skiing Slalom,Bronze
2229,Marco Lee,M,17,AUT,Austria,Europe,1972,Sapporo,Japan,Winter,Freestyle Skiing,Freestyle Skiing Downhill,Gold
2230,Sofia Carter,F,30,CHN,China,Asia,1996,Atlanta,USA,Summer,Shooting,50m Rifle Prone,Silver
2231,Yuki Allen,M,39,FIN,Finland,Europe,1968,Mexico City,Mexico,Summer,Boxing,49kg,Bronze
2232,Robert Lopez,M,33,POL,Poland,Europe,1924,Chamonix,France,Winter,Snowboard,Snowboard Sprint,Bronze
2233,Lars Carter,M,34,RUS,Russia,Europe,1996,Atlanta,USA,Summer,Badminton,Doubles,Gold
2234,Katarina Green,F,32,CHN,China,Asia,2014,Sochi,Russia,Winter,Ski Jumping,Ski Jumping Mass Start,Silver
2235,Lisa Moore,F,23,HUN,Hungary,Europe,1908,London,Great Britain,Summer,Rowing,Pair,Silver
2236,Anna King,F,28,HUN,Hungary,Europe,1960,Squaw Valley,USA,Winter,Nordic Combined,Nordic Combined Sprint,Bronze
2237,John Miller,M,37,NOR,Norway,Europe,1912,Stockholm,Sweden,Summer,Tennis,Singles,Bronze
2238,Ahmed Martin,M,40,ITA,Italy,Europe,1928,St. Moritz,Switzerland,Winter,Skiing,Skiing Downhill,Bronze
2239,Jessica Lewis,F,33,SUI,Switzerland,Europe,2000,Sydney,Australia,Summer,Fencing,Epee Individual,Silver
2240,Alexei Martinez,M,37,FIN,Finland,Europe,1924,Paris,France,Summer,Rowing,Pair,Silver
2241,Maria Hall,F,17,CAN,Canada,North America,1948,St. Moritz,Switzerland,Winter,Snowboard,Snowboard Individual,Silver
2242,Emma Martin,F,25,DEN,Denmark,Europe,1980,Lake Placid,USA,Winter,Skiing,Skiing Team,Silver
2243,Anna Taylor,F,33,NZL,New Zealand,Oceania,1936,Berlin,Germany,Summer,Shooting,10m Air Pistol,Silver
2244,Robert Johnson,M,21,COL,Colombia,South America,2010,Vancouver,Canada,Winter,Ski Jumping,Ski Jumping Slalom,Gold
2245,Darius Jackson,M,19,SVK,Slovakia,Europe,1996,Atlanta,USA,Summer,Gymnastics,Team,Silver
2246,Mei Carter,F,39,ROM,Romania,Europe,1984,Los Angeles,USA,Summer,Football,Football,Silver
2247,Ivan Thomas,M,19,SWE,Sweden,Europe,1936,Garmisch,Germany,Winter,Ski Jumping,Ski Jumping Downhill,Bronze
2248,Jessica Hernandez,F,23,CHN,China,Asia,2002,Salt Lake City,USA,Winter,Bobsled,Bobsled Downhill,Bronze
2249,Katarina Wilson,F,28,SVK,Slovakia,Europe,1900,Paris,France,Summer,Badminton,Mixed Doubles,Silver
2250,Ingrid Scott,F,23,NZL,New Zealand,Oceania,1976,Innsbruck,Austria,Winter,Nordic Combined,Nordic Combined Individual,Gold
2251,Sven Anderson,M,18,RSA,South Africa,Africa,2016,Rio de Janeiro,Brazil,Summer,Athletics,High Jump,Gold
2252,Yuki Lee,M,18,JAM,Jamaica,North America,1936,Garmisch,Germany,Winter,Freestyle Skiing,Freestyle Skiing Super-G,Gold
2253,Mark Hall,M,37,FIN,Finland,Europe,2014,Sochi,Russia,Winter,Bobsled,Bobsled Giant Slalom,Bronze
2254,David Clark,M,34,NED,Netherlands,Europe,1928,Amsterdam,Netherlands,Summer,Gymnastics,Balance Beam,Bronze
2255,Lucia Mitchell,F,23,GBR,Great Britain,Europe,1968,Mexico City,Mexico,Summer,Tennis,Mixed Doubles,Bronze
2256,James Rodriguez,M,20,CHN,China,Asia,1984,Sarajevo,Yugoslavia,Winter,Speed Skating,Speed Skating Giant Slalom,Gold
2257,Lauren Thompson,F,39,COL,Colombia,South America,1992,Albertville,France,Winter,Nordic Combined,Nordic Combined Pursuit,Bronze
2258,Lauren Hill,F,39,ZIM,Zimbabwe,Africa,1952,Oslo,Norway,Winter,Freestyle Skiing,Freestyle Skiing Sprint,Bronze
2259,Isabella Williams,F,41,CHN,China,Asia,1996,Atlanta,USA,Summer,Gymnastics,Rhythmic Gymnastics,Bronze
2260,Alexei Hall,M,23,POL,Poland,Europe,1998,Nagano,Japan,Winter,Skeleton,Skeleton Team,Silver
2261,Kwame Hernandez,M,16,IRN,Iran,Asia,1964,Innsbruck,Austria,Winter,Skeleton,Skeleton Pursuit,Silver
2262,Darius King,M,39,GRE,Greece,Europe,1964,Innsbruck,Austria,Winter,Ski Jumping,Ski Jumping Team,Silver
2263,Mohammed Young,M,35,RSA,South Africa,Africa,1994,Lillehammer,Norway,Winter,Curling,Curling Slalom,Bronze
2264,Emma Green,F,39,IRN,Iran,Asia,1980,Moscow,Russia,Summer,Wrestling,Freestyle 74kg,Silver
2265,Darius Martin,M,37,NZL,New Zealand,Oceania,2002,Salt Lake City,USA,Winter,Curling,Curling Individual,Silver
2266,Ingrid Walker,F,40,COL,Colombia,South America,1906,Athens,Greece,Summer,Shooting,10m Air Rifle,Bronze
2267,Sven Wilson,M,16,ROM,Romania,Europe,1994,Lillehammer,Norway,Winter,Bobsled,Bobsled Slalom,Gold
2268,Fatima Thomas,F,24,UKR,Ukraine,Europe,1952,Helsinki,Finland,Summer,Archery,Team Recurve,Bronze
2269,Wei Mitchell,M,20,NZL,New Zealand,Oceania,1968,Mexico City,Mexico,Summer,Tennis,Mixed Doubles,Silver
2270,Ingrid Harris,F,41,AZE,Azerbaijan,Europe,1932,Los Angeles,USA,Summer,Cycling,Sprint,Gold
2271,Fatima Miller,F,21,UKR,Ukraine,Europe,1984,Sarajevo,Yugoslavia,Winter,Snowboard,Snowboard Team,Bronze
2272,Mei Thomas,F,39,IRN,Iran,Asia,2002,Salt Lake City,USA,Winter,Bobsled,Bobsled Sprint,Silver
2273,Steven Rodriguez,M,38,NZL,New Zealand,Oceania,1964,Innsbruck,Austria,Winter,Ice Hockey,Ice Hockey Sprint,Bronze
2274,John Adams,M,32,FRA,France,Europe,1992,Albertville,France,Winter,Ski Jumping,Ski Jumping Super-G,Bronze
2275,Fatima Walker,F,32,CHN,China,Asia,1968,Mexico City,Mexico,Summer,Volleyball,Beach Volleyball,Bronze
2276,Yuna Johnson,F,24,NGR,Nigeria,Africa,1956,Cortina,Italy,Winter,Skiing,Skiing Super-G,Gold
2277,Hans Carter,M,19,AZE,Azerbaijan,Europe,1956,Melbourne,Australia,Summer,Canoe,Canoe Sprint,Silver
2278,Yuna Garcia,F,34,MEX,Mexico,North America,1928,St. Moritz,Switzerland,Winter,Skiing,Skiing Pursuit,Gold
2279,Nina Martinez,F,18,NZL,New Zealand,Oceania,1912,Stockholm,Sweden,Summer,Volleyball,Volleyball,Silver
2280,Marco Thomas,M,22,HUN,Hungary,Europe,1920,Antwerp,Belgium,Summer,Fencing,Sabre Individual,Silver
2281,Ahmed Hernandez,M,23,IND,India,Asia,1994,Lillehammer,Norway,Winter,Figure Skating,Figure Skating Downhill,Silver
2282,Diego Miller,M,25,JAM,Jamaica,North America,1904,St. Louis,USA,Summer,Athletics,Decathlon,Gold
2283,Aisha Wilson,F,35,SUI,Switzerland,Europe,2014,Sochi,Russia,Winter,Bobsled,Bobsled Sprint,Bronze
2284,Marco Moore,M,35,CZE,Czech Republic,Europe,1992,Barcelona,Spain,Summer,Table Tennis,Team,Silver
2285,Ivan Adams,M,32,JPN,Japan,Asia,1896,Athens,Greece,Summer,Shooting,25m Rapid Fire Pistol,Silver
2286,Emma Clark,F,29,CZE,Czech Republic,Europe,1968,Mexico City,Mexico,Summer,Boxing,56kg,Bronze
2287,Claire Anderson,F,24,IRN,Iran,Asia,1980,Lake Placid,USA,Winter,Luge,Luge Slalom,Gold
2288,Svetlana Rodriguez,F,33,UKR,Ukraine,Europe,1980,Moscow,Russia,Summer,Fencing,Epee Team,Bronze
2289,Aisha Moore,F,21,JAM,Jamaica,North America,1992,Barcelona,Spain,Summer,Football,Football,Silver
2290,Sarah Moore,F,26,UZB,Uzbekistan,Asia,1994,Lillehammer,Norway,Winter,Biathlon,Biathlon Team,Gold
2291,Darius Harris,M,34,ESP,Spain,Europe,1904,St. Louis,USA,Summer,Swimming,800m Freestyle,Gold
2292,Lisa White,F,26,ITA,Italy,Europe,1948,London,Great Britain,Summer,Wrestling,Greco-Roman 130kg,Gold
2293,Darius Young,M,36,GBR,Great Britain,Europe,1956,Cortina,Italy,Winter,Bobsled,Bobsled Slalom,Bronze
2294,Aisha Scott,F,25,ETH,Ethiopia,Africa,2010,Vancouver,Canada,Winter,Ice Hockey,Ice Hockey Team,Bronze
2295,Yuna Young,F,38,KOR,South Korea,Asia,1964,Innsbruck,Austria,Winter,Luge,Luge Slalom,Silver
2296,Chiara Johnson,F,20,ETH,Ethiopia,Africa,1996,Atlanta,USA,Summer,Tennis,Mixed Doubles,Gold
2297,Lisa Scott,F,22,ESP,Spain,Europe,1964,Tokyo,Japan,Summer,Table Tennis,Singles,Gold
2298,David Jackson,M,39,KAZ,Kazakhstan,Asia,2018,PyeongChang,South Korea,Winter,Cross-Country Skiing,Cross-Country Skiing Sprint,Gold
2299,Chris Mitchell,M,36,POR,Portugal,Europe,1924,Chamonix,France,Winter,Figure Skating,Figure Skating Sprint,Gold
2300,Mark Lopez,M,29,AUS,Australia,Oceania,1906,Athens,Greece,Summer,Basketball,Basketball,Gold
2301,Thomas Wright,M,33,POL,Poland,Europe,1936,Berlin,Germany,Summer,Archery,Team Compound,Silver
2302,Sofia Clark,F,31,NED,Netherlands,Europe,1984,Los Angeles,USA,Summer,Gymnastics,Rhythmic Gymnastics,Silver
2303,Maria Walker,F,31,AUT,Austria,Europe,2010,Vancouver,Canada,Winter,Bobsled,Bobsled Giant Slalom,Gold
2304,Diego King,M,32,KOR,South Korea,Asia,1988,Calgary,Canada,Winter,Skiing,Skiing Super-G,Silver
2305,Rebecca Thomas,F,17,FRA,France,Europe,2000,Sydney,Australia,Summer,Archery,Team Recurve,Bronze
2306,Sven White,M,30,NED,Netherlands,Europe,1972,Sapporo,Japan,Winter,Biathlon,Biathlon Slalom,Gold
2307,Carlos Thomas,M,16,ROM,Romania,Europe,1972,Sapporo,Japan,Winter,Ski Jumping,Ski Jumping Pursuit,Gold
2308,Ahmed Clark,M,39,CAN,Canada,North America,1928,Amsterdam,Netherlands,Summer,Taekwondo,80kg,Bronze
2309,Thomas Clark,M,23,CUB,Cuba,North America,2024,Paris,France,Summer,Taekwondo,58kg,Bronze
2310,Claire Garcia,F,33,NOR,Norway,Europe,1964,Tokyo,Japan,Summer,Cycling,BMX Freestyle,Silver
2311,Chiara Lopez,F,39,POR,Portugal,Europe,1924,Paris,France,Summer,Badminton,Mixed Doubles,Gold
2312,Mohammed Rodriguez,M,16,ETH,Ethiopia,Africa,1928,St. Moritz,Switzerland,Winter,Ski Jumping,Ski Jumping Downhill,Silver
2313,Pierre Carter,M,21,GRE,Greece,Europe,1948,St. Moritz,Switzerland,Winter,Snowboard,Snowboard Slalom,Bronze
2314,Robert Anderson,M,30,ROM,Romania,Europe,1972,Sapporo,Japan,Winter,Skiing,Skiing Sprint,Gold
2315,Anna White,F,39,MEX,Mexico,North America,1960,Rome,Italy,Summer,Cycling,BMX Racing,Silver
2316,David Smith,M,20,JPN,Japan,Asia,2006,Turin,Italy,Winter,Cross-Country Skiing,Cross-Country Skiing Super-G,Bronze
2317,Peter Thomas,M,33,NZL,New Zealand,Oceania,2012,London,Great Britain,Summer,Weightlifting,69kg,Gold
2318,Aisha Hill,F,32,NGR,Nigeria,Africa,1904,St. Louis,USA,Summer,Shooting,Skeet,Bronze
2319,Aisha Lewis,F,37,UZB,Uzbekistan,Asia,1972,Sapporo,Japan,Winter,Bobsled,Bobsled Pursuit,Gold
2320,Michael Garcia,M,22,RUS,Russia,Europe,1948,London,Great Britain,Summer,Archery,Team Compound,Silver
2321,Sofia Jones,F,19,ROM,Romania,Europe,1948,London,Great Britain,Summer,Basketball,Basketball,Silver
2322,Diego Taylor,M,16,NOR,Norway,Europe,2022,Beijing,China,Winter,Cross-Country Skiing,Cross-Country Skiing Sprint,Bronze
2323,Chris Jackson,M,18,COL,Colombia,South America,1988,Calgary,Canada,Winter,Ice Hockey,Ice Hockey Super-G,Silver
2324,Mohammed Allen,M,16,RUS,Russia,Europe,1952,Helsinki,Finland,Summer,Table Tennis,Singles,Silver
2325,Yuki Brown,M,20,AUS,Australia,Oceania,1912,Stockholm,Sweden,Summer,Rowing,Lightweight Four,Bronze
2326,Sofia Moore,F,29,USA,United States,North America,1928,Amsterdam,Netherlands,Summer,Wrestling,Freestyle 65kg,Gold
2327,Yuki Davis,M,28,ITA,Italy,Europe,1924,Paris,France,Summer,Canoe,Canoe Sprint,Gold
2328,Chiara Rodriguez,F,20,GBR,Great Britain,Europe,1932,Los Angeles,USA,Summer,Swimming,400m Freestyle,Bronze
2329,Marco White,M,35,CUB,Cuba,North America,2010,Vancouver,Canada,Winter,Curling,Curling Slalom,Gold
2330,Kim Green,F,26,DEN,Denmark,Europe,1952,Oslo,Norway,Winter,Snowboard,Snowboard Pursuit,Gold
2331,Aisha Davis,F,40,COL,Colombia,South America,2000,Sydney,Australia,Summer,Boxing,81kg,Gold
2332,Aisha Moore,F,36,JPN,Japan,Asia,2012,London,Great Britain,Summer,Judo,73kg,Silver
2333,Maria Smith,F,28,KOR,South Korea,Asia,1896,Athens,Greece,Summer,Taekwondo,57kg,Bronze
2334,Lisa Johnson,F,41,POL,Poland,Europe,1932,Lake Placid,USA,Winter,Nordic Combined,Nordic Combined Super-G,Gold
2335,Isabella Davis,F,16,JPN,Japan,Asia,2006,Turin,Italy,Winter,Freestyle Skiing,Freestyle Skiing Super-G,Gold
2336,Nina Green,F,33,KOR,South Korea,Asia,1976,Montreal,Canada,Summer,Weightlifting,69kg,Silver
2337,Robert Taylor,M,24,NOR,Norway,Europe,1964,Innsbruck,Austria,Winter,Speed Skating,Speed Skating Sprint,Gold
2338,Kwame Anderson,M,27,DEN,Denmark,Europe,1928,Amsterdam,Netherlands,Summer,Badminton,Singles,Silver
2339,Kwame Mitchell,M,21,KEN,Kenya,Africa,1936,Garmisch,Germany,Winter,Curling,Curling Slalom,Gold
2340,Sarah Allen,F,34,DEN,Denmark,Europe,1972,Sapporo,Japan,Winter,Nordic Combined,Nordic Combined Team,Gold
2341,Carlos Thompson,M,26,MEX,Mexico,North America,1924,Chamonix,France,Winter,Ice Hockey,Ice Hockey Mass Start,Gold
2342,James Wilson,M,23,ETH,Ethiopia,Africa,2020,Tokyo,Japan,Summer,Athletics,Marathon,Gold
2343,Lucia Robinson,F,27,NGR,Nigeria,Africa,1994,Lillehammer,Norway,Winter,Bobsled,Bobsled Downhill,Bronze
2344,Claire Young,F,27,SVK,Slovakia,Europe,1908,London,Great Britain,Summer,Volleyball,Beach Volleyball,Gold
2345,Mark King,M,41,FRA,France,Europe,1948,London,Great Britain,Summer,Shooting,Double Trap,Silver
2346,Peter Smith,M,17,ITA,Italy,Europe,1896,Athens,Greece,Summer,Weightlifting,56kg,Bronze
2347,Fatima Miller,F,28,FRA,France,Europe,2016,Rio de Janeiro,Brazil,Summer,Football,Football,Silver
2348,John Lee,M,32,GBR,Great Britain,Europe,1928,St. Moritz,Switzerland,Winter,Luge,Luge Giant Slalom,Silver
2349,Emma King,F,38,JPN,Japan,Asia,1920,Antwerp,Belgium,Summer,Wrestling,Greco-Roman 97kg,Gold
2350,Yuna Brown,F,19,BEL,Belgium,Europe,1932,Lake Placid,USA,Winter,Curling,Curling Individual,Silver
2351,Wei Scott,M,25,AUS,Australia,Oceania,2006,Turin,Italy,Winter,Figure Skating,Figure Skating Super-G,Silver
2352,Peter Smith,M,38,NED,Netherlands,Europe,1980,Moscow,Russia,Summer,Judo,81kg,Gold
2353,Lucia Young,F,30,POL,Poland,Europe,1988,Calgary,Canada,Winter,Luge,Luge Sprint,Bronze
2354,Michael Rodriguez,M,33,NOR,Norway,Europe,1948,St. Moritz,Switzerland,Winter,Skeleton,Skeleton Individual,Gold
2355,Lucia Hall,F,24,CAN,Canada,North America,2000,Sydney,Australia,Summer,Rowing,Lightweight Double Sculls,Silver
2356,Lars Wright,M,20,USA,United States,North America,2020,Tokyo,Japan,Summer,Wrestling,Freestyle 65kg,Gold
2357,Carlos Nelson,M,25,DEN,Denmark,Europe,1904,St. Louis,USA,Summer,Swimming,100m Breaststroke,Gold
2358,Fatima Williams,F,19,RUS,Russia,Europe,2012,London,Great Britain,Summer,Gymnastics,Pommel Horse,Gold
2359,Diego Adams,M,33,SVK,Slovakia,Europe,2010,Vancouver,Canada,Winter,Freestyle Skiing,Freestyle Skiing Mass Start,Gold
2360,Lars Jones,M,37,JAM,Jamaica,North America,2020,Tokyo,Japan,Summer,Taekwondo,+80kg,Silver
2361,Mohammed Robinson,M,41,RUS,Russia,Europe,2016,Rio de Janeiro,Brazil,Summer,Boxing,49kg,Bronze
2362,Yuna Jones,F,36,NZL,New Zealand,Oceania,2022,Beijing,China,Winter,Snowboard,Snowboard Slalom,Gold
2363,Rebecca Martinez,F,35,BEL,Belgium,Europe,1976,Montreal,Canada,Summer,Taekwondo,73kg,Gold
2364,Chris Brown,M,31,KOR,South Korea,Asia,1968,Grenoble,France,Winter,Luge,Luge Team,Silver
2365,Diego Clark,M,21,CUB,Cuba,North America,1976,Innsbruck,Austria,Winter,Snowboard,Snowboard Mass Start,Silver
2366,Pierre Johnson,M,35,SVK,Slovakia,Europe,1932,Los Angeles,USA,Summer,Rowing,Four,Gold
2367,Maria Smith,F,37,CAN,Canada,North America,2006,Turin,Italy,Winter,Cross-Country Skiing,Cross-Country Skiing Mass Start,Gold
2368,Robert Allen,M,19,IRN,Iran,Asia,1976,Montreal,Canada,Summer,Swimming,4x100m Medley Relay,Gold
2369,Rebecca Miller,F,19,AUT,Austria,Europe,2022,Beijing,China,Winter,Ice Hockey,Ice Hockey Individual,Gold
2370,Pierre Smith,M,18,KOR,South Korea,Asia,1964,Tokyo,Japan,Summer,Canoe,Canoe Slalom,Bronze
2371,Aisha Smith,F,37,AUT,Austria,Europe,2022,Beijing,China,Winter,Curling,Curling Giant Slalom,Gold
2372,Diego Wilson,M,21,ZIM,Zimbabwe,Africa,1984,Sarajevo,Yugoslavia,Winter,Luge,Luge Mass Start,Silver
2373,Olga Hernandez,F,32,SWE,Sweden,Europe,1960,Squaw Valley,USA,Winter,Curling,Curling Giant Slalom,Gold
2374,Emma Allen,F,33,CHN,China,Asia,1984,Sarajevo,Yugoslavia,Winter,Ice Hockey,Ice Hockey Individual,Silver
2375,Mohammed Miller,M,28,NED,Netherlands,Europe,1956,Cortina,Italy,Winter,Skeleton,Skeleton Team,Silver
2376,Ivan Lopez,M,21,POR,Portugal,Europe,1992,Albertville,France,Winter,Luge,Luge Team,Bronze
2377,Aisha Taylor,F,33,TUR,Turkey,Asia,2020,Tokyo,Japan,Summer,Taekwondo,+80kg,Silver
2378,James Nelson,M,24,COL,Colombia,South America,2008,Beijing,China,Summer,Basketball,3x3 Basketball,Silver
2379,Mohammed Young,M,41,BRA,Brazil,South America,1936,Garmisch,Germany,Winter,Nordic Combined,Nordic Combined Team,Gold
2380,Hans Martinez,M,21,NGR,Nigeria,Africa,1960,Squaw Valley,USA,Winter,Luge,Luge Individual,Bronze
2381,Marco Walker,M,26,CZE,Czech Republic,Europe,2018,PyeongChang,South Korea,Winter,Nordic Combined,Nordic Combined Giant Slalom,Silver
2382,Claire Williams,F,21,COL,Colombia,South America,1920,Antwerp,Belgium,Summer,Tennis,Mixed Doubles,Bronze
2383,Rebecca Martin,F,28,GRE,Greece,Europe,1968,Grenoble,France,Winter,Nordic Combined,Nordic Combined Mass Start,Bronze
2384,Aisha Robinson,F,30,CHN,China,Asia,1948,St. Moritz,Switzerland,Winter,Snowboard,Snowboard Downhill,Gold
2385,Ingrid Taylor,F,19,KOR,South Korea,Asia,1908,London,Great Britain,Summer,Tennis,Singles,Gold
2386,Rebecca Green,F,24,AUT,Austria,Europe,1960,Squaw Valley,USA,Winter,Snowboard,Snowboard Pursuit,Gold
2387,Ingeborg Hill,F,33,KEN,Kenya,Africa,1896,Athens,Greece,Summer,Table Tennis,Singles,Gold
2388,Mei Taylor,F,28,JPN,Japan,Asia,1994,Lillehammer,Norway,Winter,Skiing,Skiing Downhill,Bronze
2389,Robert Miller,M,35,DEN,Denmark,Europe,1972,Sapporo,Japan,Winter,Snowboard,Snowboard Team,Silver
2390,Sven Carter,M,27,SVK,Slovakia,Europe,1908,London,Great Britain,Summer,Rowing,Double Sculls,Bronze
2391,Hans Allen,M,22,FRA,France,Europe,2020,Tokyo,Japan,Summer,Boxing,60kg,Gold
2392,Carlos Smith,M,28,CUB,Cuba,North America,1960,Rome,Italy,Summer,Boxing,60kg,Gold
2393,John Mitchell,M,24,NGR,Nigeria,Africa,1964,Tokyo,Japan,Summer,Shooting,50m Rifle Prone,Gold
2394,Chris Garcia,M,38,GBR,Great Britain,Europe,1972,Munich,Germany,Summer,Fencing,Sabre Team,Gold
2395,Chiara Wright,F,40,GER,Germany,Europe,2016,Rio de Janeiro,Brazil,Summer,Taekwondo,67kg,Bronze
2396,Rebecca Baker,F,35,UZB,Uzbekistan,Asia,1908,London,Great Britain,Summer,Table Tennis,Singles,Bronze
2397,Rebecca Taylor,F,30,USA,United States,North America,1996,Atlanta,USA,Summer,Swimming,10km Marathon Swim,Gold
2398,Steven Clark,M,41,CHN,China,Asia,1952,Helsinki,Finland,Summer,Gymnastics,Team,Bronze
2399,Katarina Green,F,35,BRA,Brazil,South America,1932,Los Angeles,USA,Summer,Basketball,3x3 Basketball,Bronze
2400,Aisha Walker,F,25,UZB,Uzbekistan,Asia,2018,PyeongChang,South Korea,Winter,Figure Skating,Figure Skating Downhill,Bronze
2401,Katarina Brown,F,41,USA,United States,North America,1956,Melbourne,Australia,Summer,Gymnastics,Horizontal Bar,Gold
2402,Sven Wright,M,17,TUR,Turkey,Asia,1924,Paris,France,Summer,Canoe,Canoe Sprint,Silver
2403,Hans Miller,M,18,POL,Poland,Europe,1948,London,Great Britain,Summer,Basketball,Basketball,Silver
2404,Lucia Clark,F,22,SWE,Sweden,Europe,2002,Salt Lake City,USA,Winter,Nordic Combined,Nordic Combined Individual,Gold
2405,Olga Carter,F,26,FRA,France,Europe,1968,Grenoble,France,Winter,Nordic Combined,Nordic Combined Sprint,Gold
2406,Darius Baker,M,35,RUS,Russia,Europe,1964,Innsbruck,Austria,Winter,Skeleton,Skeleton Individual,Silver
2407,Emma Martinez,F,21,MEX,Mexico,North America,2018,PyeongChang,South Korea,Winter,Ice Hockey,Ice Hockey Mass Start,Silver
2408,Mei Allen,F,29,CZE,Czech Republic,Europe,1964,Innsbruck,Austria,Winter,Freestyle Skiing,Freestyle Skiing Mass Start,Gold
2409,Chris Clark,M,16,BRA,Brazil,South America,1956,Cortina,Italy,Winter,Ski Jumping,Ski Jumping Downhill,Silver
2410,Pierre Robinson,M,34,UKR,Ukraine,Europe,1964,Tokyo,Japan,Summer,Badminton,Doubles,Silver
2411,David Martin,M,29,TUR,Turkey,Asia,1936,Garmisch,Germany,Winter,Figure Skating,Figure Skating Giant Slalom,Silver
2412,Thomas Allen,M,36,RSA,South Africa,Africa,1948,St. Moritz,Switzerland,Winter,Ski Jumping,Ski Jumping Downhill,Silver
2413,Emma Johnson,F,23,KOR,South Korea,Asia,2004,Athens,Greece,Summer,Judo,60kg,Bronze
2414,David Martinez,M,21,NED,Netherlands,Europe,2002,Salt Lake City,USA,Winter,Luge,Luge Sprint,Gold
2415,Ingrid Moore,F,25,IND,India,Asia,2012,London,Great Britain,Summer,Tennis,Doubles,Silver
2416,Thomas Garcia,M,18,CHN,China,Asia,1994,Lillehammer,Norway,Winter,Biathlon,Biathlon Downhill,Bronze
2417,Aisha Walker,F,33,ARG,Argentina,South America,1920,Antwerp,Belgium,Summer,Gymnastics,Horizontal Bar,Gold
2418,Aisha Hall,F,34,FRA,France,Europe,1896,Athens,Greece,Summer,Archery,Individual Recurve,Silver
2419,Thomas Baker,M,18,JPN,Japan,Asia,2006,Turin,Italy,Winter,Skeleton,Skeleton Giant Slalom,Bronze
2420,Ingeborg Allen,F,20,KEN,Kenya,Africa,1960,Squaw Valley,USA,Winter,Skeleton,Skeleton Individual,Silver
2421,Peter Scott,M,17,UKR,Ukraine,Europe,2024,Paris,France,Summer,Boxing,75kg,Silver
2422,Wei Nelson,M,29,UKR,Ukraine,Europe,1936,Garmisch,Germany,Winter,Nordic Combined,Nordic Combined Slalom,Bronze
2423,Olga Anderson,F,33,RUS,Russia,Europe,1964,Innsbruck,Austria,Winter,Cross-Country Skiing,Cross-Country Skiing Giant Slalom,Silver
2424,Sven Adams,M,19,ZIM,Zimbabwe,Africa,1948,St. Moritz,Switzerland,Winter,Curling,Curling Sprint,Bronze
2425,Isabella Garcia,F,27,JAM,Jamaica,North America,2012,London,Great Britain,Summer,Cycling,BMX Freestyle,Gold
2426,Svetlana King,F,25,ZIM,Zimbabwe,Africa,1904,St. Louis,USA,Summer,Football,Football,Silver
2427,Peter Taylor,M,20,GER,Germany,Europe,2010,Vancouver,Canada,Winter,Ice Hockey,Ice Hockey Pursuit,Bronze
2428,Lauren Miller,F,37,GRE,Greece,Europe,1972,Sapporo,Japan,Winter,Speed Skating,Speed Skating Giant Slalom,Silver
2429,Chris Anderson,M,37,NOR,Norway,Europe,1972,Sapporo,Japan,Winter,Ski Jumping,Ski Jumping Downhill,Silver
2430,Elena Jones,F,37,CZE,Czech Republic,Europe,1928,St. Moritz,Switzerland,Winter,Skiing,Skiing Pursuit,Silver
2431,Robert Carter,M,41,POR,Portugal,Europe,1960,Squaw Valley,USA,Winter,Nordic Combined,Nordic Combined Individual,Silver
2432,Kwame Harris,M,28,AUS,Australia,Oceania,1948,London,Great Britain,Summer,Swimming,100m Breaststroke,Silver
2433,Steven Robinson,M,26,KEN,Kenya,Africa,2008,Beijing,China,Summer,Archery,Team Recurve,Gold
2434,Aisha Martinez,F,31,IRN,Iran,Asia,1904,St. Louis,USA,Summer,Weightlifting,48kg,Bronze
2435,Fatima Lee,F,24,NED,Netherlands,Europe,1908,London,Great Britain,Summer,Football,Football,Silver
2436,Wei Jones,M,33,IRN,Iran,Asia,1948,St. Moritz,Switzerland,Winter,Luge,Luge Individual,Silver
2437,Darius Clark,M,16,FIN,Finland,Europe,1992,Albertville,France,Winter,Snowboard,Snowboard Pursuit,Gold
2438,Aisha Thompson,F,32,KOR,South Korea,Asia,1998,Nagano,Japan,Winter,Snowboard,Snowboard Team,Bronze
2439,Lars Carter,M,40,SVK,Slovakia,Europe,2010,Vancouver,Canada,Winter,Luge,Luge Downhill,Gold
2440,John Garcia,M,31,SVK,Slovakia,Europe,1956,Melbourne,Australia,Summer,Fencing,Foil Team,Silver
2441,Robert Carter,M,17,RSA,South Africa,Africa,2002,Salt Lake City,USA,Winter,Ice Hockey,Ice Hockey Mass Start,Bronze
2442,Kim Adams,F,20,NED,Netherlands,Europe,2010,Vancouver,Canada,Winter,Luge,Luge Mass Start,Bronze
2443,Mohammed Davis,M,23,CAN,Canada,North America,1936,Garmisch,Germany,Winter,Snowboard,Snowboard Slalom,Gold
2444,Jessica White,F,21,CHN,China,Asia,1924,Paris,France,Summer,Archery,Team Compound,Gold
2445,David Wilson,M,21,KAZ,Kazakhstan,Asia,1984,Los Angeles,USA,Summer,Table Tennis,Singles,Gold
2446,Robert Scott,M,16,CHN,China,Asia,2020,Tokyo,Japan,Summer,Weightlifting,56kg,Silver
2447,Ivan Carter,M,16,ITA,Italy,Europe,1976,Montreal,Canada,Summer,Football,Football,Bronze
2448,Alexei Miller,M,16,RSA,South Africa,Africa,1988,Seoul,South Korea,Summer,Badminton,Mixed Doubles,Silver
2449,Chiara Martin,F,17,AUS,Australia,Oceania,1932,Lake Placid,USA,Winter,Bobsled,Bobsled Downhill,Bronze
2450,Ivan Brown,M,34,POR,Portugal,Europe,1952,Oslo,Norway,Winter,Bobsled,Bobsled Pursuit,Silver
2451,Lucia Nelson,F,25,HUN,Hungary,Europe,1952,Helsinki,Finland,Summer,Football,Football,Silver
2452,Marco Smith,M,22,GBR,Great Britain,Europe,2022,Beijing,China,Winter,Freestyle Skiing,Freestyle Skiing Team,Silver
2453,Mark Rodriguez,M,27,NED,Netherlands,Europe,2022,Beijing,China,Winter,Ski Jumping,Ski Jumping Downhill,Bronze
2454,Ingeborg Williams,F,16,GER,Germany,Europe,1992,Barcelona,Spain,Summer,Basketball,3x3 Basketball,Silver
2455,Michael Hall,M,18,KEN,Kenya,Africa,1972,Munich,Germany,Summer,Basketball,3x3 Basketball,Silver
2456,Michael Hernandez,M,25,JPN,Japan,Asia,1956,Melbourne,Australia,Summer,Gymnastics,Trampoline,Bronze
2457,Lauren Wright,F,40,GRE,Greece,Europe,1956,Cortina,Italy,Winter,Biathlon,Biathlon Downhill,Gold
2458,Ahmed Adams,M,29,ESP,Spain,Europe,1984,Los Angeles,USA,Summer,Canoe,Canoe Sprint,Gold
2459,Ingrid Carter,F,21,RSA,South Africa,Africa,1952,Oslo,Norway,Winter,Curling,Curling Sprint,Silver
2460,Ivan Lopez,M,31,KEN,Kenya,Africa,2016,Rio de Janeiro,Brazil,Summer,Athletics,Discus Throw,Bronze
2461,Olga King,F,21,ESP,Spain,Europe,1908,London,Great Britain,Summer,Volleyball,Volleyball,Gold
2462,Michael Miller,M,20,CHN,China,Asia,1988,Calgary,Canada,Winter,Skeleton,Skeleton Downhill,Gold
2463,Michael Robinson,M,28,AUT,Austria,Europe,1972,Munich,Germany,Summer,Volleyball,Beach Volleyball,Gold
2464,Lisa King,F,20,ROM,Romania,Europe,1988,Seoul,South Korea,Summer,Athletics,50km Walk,Silver
2465,Sofia Martinez,F,31,ITA,Italy,Europe,1960,Rome,Italy,Summer,Table Tennis,Team,Bronze
2466,Alexei Adams,M,19,IRN,Iran,Asia,1912,Stockholm,Sweden,Summer,Wrestling,Greco-Roman 77kg,Gold
2467,Mark Thomas,M,29,NZL,New Zealand,Oceania,1952,Helsinki,Finland,Summer,Gymnastics,Uneven Bars,Gold
2468,James Thompson,M,30,UKR,Ukraine,Europe,1928,Amsterdam,Netherlands,Summer,Canoe,Canoe Slalom,Bronze
2469,Wei Martinez,M,33,JPN,Japan,Asia,2008,Beijing,China,Summer,Volleyball,Beach Volleyball,Silver
2470,Mohammed Taylor,M,16,ARG,Argentina,South America,1980,Moscow,Russia,Summer,Swimming,100m Butterfly,Gold
2471,James Jones,M,39,USA,United States,North America,2024,Paris,France,Summer,Volleyball,Beach Volleyball,Bronze
2472,Sofia Anderson,F,17,BEL,Belgium,Europe,1968,Mexico City,Mexico,Summer,Cycling,Omnium,Gold
2473,Thomas Adams,M,32,IND,India,Asia,2020,Tokyo,Japan,Summer,Wrestling,Freestyle 97kg,Bronze
2474,Hans Scott,M,18,USA,United States,North America,1956,Cortina,Italy,Winter,Nordic Combined,Nordic Combined Mass Start,Bronze
2475,Sofia Martin,F,38,CAN,Canada,North America,2020,Tokyo,Japan,Summer,Table Tennis,Singles,Gold
2476,Mei Jones,F,16,RSA,South Africa,Africa,1924,Chamonix,France,Winter,Luge,Luge Team,Gold
2477,Wei Johnson,M,34,AUS,Australia,Oceania,2016,Rio de Janeiro,Brazil,Summer,Volleyball,Volleyball,Bronze
2478,Thomas Young,M,26,COL,Colombia,South America,1932,Los Angeles,USA,Summer,Tennis,Singles,Gold
2479,Jessica Moore,F,17,SWE,Sweden,Europe,2010,Vancouver,Canada,Winter,Skiing,Skiing Super-G,Gold
2480,Sarah Johnson,F,37,USA,United States,North America,1904,St. Louis,USA,Summer,Swimming,4x100m Freestyle Relay,Silver
2481,Ingeborg Clark,F,33,ARG,Argentina,South America,1948,St. Moritz,Switzerland,Winter,Nordic Combined,Nordic Combined Team,Bronze
2482,Jessica Adams,F,29,ROM,Romania,Europe,1952,Oslo,Norway,Winter,Figure Skating,Figure Skating Sprint,Bronze
2483,Mei Wilson,F,24,JPN,Japan,Asia,1936,Berlin,Germany,Summer,Football,Football,Silver
2484,Peter Robinson,M,31,GRE,Greece,Europe,2022,Beijing,China,Winter,Nordic Combined,Nordic Combined Team,Bronze
2485,Emma Taylor,F,26,GBR,Great Britain,Europe,1912,Stockholm,Sweden,Summer,Rowing,Double Sculls,Silver
2486,Pierre Martinez,M,18,SWE,Sweden,Europe,2014,Sochi,Russia,Winter,Curling,Curling Downhill,Gold
2487,David Allen,M,26,BRA,Brazil,South America,2016,Rio de Janeiro,Brazil,Summer,Volleyball,Beach Volleyball,Bronze
2488,Chiara Young,F,17,IRN,Iran,Asia,1906,Athens,Greece,Summer,Basketball,3x3 Basketball,Silver
2489,Rebecca Hill,F,25,SWE,Sweden,Europe,1932,Lake Placid,USA,Winter,Snowboard,Snowboard Giant Slalom,Gold
2490,Maria Green,F,28,JPN,Japan,Asia,1988,Seoul,South Korea,Summer,Judo,73kg,Gold
2491,Ingeborg Brown,F,24,FIN,Finland,Europe,1960,Rome,Italy,Summer,Fencing,Foil Individual,Silver
2492,Olga Hall,F,18,UKR,Ukraine,Europe,1964,Tokyo,Japan,Summer,Tennis,Mixed Doubles,Gold
2493,Carlos Clark,M,33,USA,United States,North America,1936,Berlin,Germany,Summer,Taekwondo,68kg,Gold
2494,Sarah Carter,F,39,UZB,Uzbekistan,Asia,1904,St. Louis,USA,Summer,Badminton,Mixed Doubles,Gold
2495,Aisha Walker,F,40,FRA,France,Europe,1936,Garmisch,Germany,Winter,Biathlon,Biathlon Team,Gold
2496,Claire Hernandez,F,41,KOR,South Korea,Asia,1992,Albertville,France,Winter,Freestyle Skiing,Freestyle Skiing Individual,Bronze
2497,Lars Mitchell,M,28,CAN,Canada,North America,1964,Innsbruck,Austria,Winter,Skiing,Skiing Sprint,Silver
2498,Thomas Johnson,M,37,UZB,Uzbekistan,Asia,1936,Garmisch,Germany,Winter,Bobsled,Bobsled Mass Start,Gold
2499,Sarah Anderson,F,17,JAM,Jamaica,North America,2000,Sydney,Australia,Summer,Wrestling,Freestyle 74kg,Silver
2500,Darius Nelson,M,27,USA,United States,North America,2012,London,Great Britain,Summer,Swimming,200m Freestyle,Silver
2501,Emma Lopez,F,25,GBR,Great Britain,Europe,1972,Sapporo,Japan,Winter,Freestyle Skiing,Freestyle Skiing Super-G,Gold
2502,Kwame Adams,M,30,HUN,Hungary,Europe,2012,London,Great Britain,Summer,Tennis,Mixed Doubles,Gold
2503,Sven Jones,M,23,POR,Portugal,Europe,1960,Squaw Valley,USA,Winter,Nordic Combined,Nordic Combined Super-G,Gold
2504,Diego Johnson,M,25,AZE,Azerbaijan,Europe,1896,Athens,Greece,Summer,Basketball,3x3 Basketball,Gold
2505,Ahmed Williams,M,22,KOR,South Korea,Asia,2004,Athens,Greece,Summer,Taekwondo,58kg,Bronze
2506,Chris Mitchell,M,33,GER,Germany,Europe,1994,Lillehammer,Norway,Winter,Nordic Combined,Nordic Combined Mass Start,Gold
2507,Wei Lewis,M,33,GRE,Greece,Europe,1936,Garmisch,Germany,Winter,Freestyle Skiing,Freestyle Skiing Super-G,Gold
2508,James Allen,M,17,KOR,South Korea,Asia,1964,Tokyo,Japan,Summer,Taekwondo,57kg,Silver
2509,Mohammed Young,M,28,POR,Portugal,Europe,1988,Calgary,Canada,Winter,Snowboard,Snowboard Individual,Bronze
2510,Isabella Martin,F,17,CHN,China,Asia,1906,Athens,Greece,Summer,Gymnastics,Balance Beam,Silver
2511,Peter Baker,M,37,KAZ,Kazakhstan,Asia,1980,Lake Placid,USA,Winter,Speed Skating,Speed Skating Sprint,Silver
2512,Hans King,M,28,CHN,China,Asia,1956,Melbourne,Australia,Summer,Taekwondo,57kg,Silver
2513,Lisa Lopez,F,16,CUB,Cuba,North America,2012,London,Great Britain,Summer,Boxing,69kg,Gold
2514,Claire Davis,F,21,JPN,Japan,Asia,1964,Innsbruck,Austria,Winter,Bobsled,Bobsled Mass Start,Silver
2515,Thomas Baker,M,36,SVK,Slovakia,Europe,1984,Sarajevo,Yugoslavia,Winter,Speed Skating,Speed Skating Sprint,Bronze
2516,Anna Jones,F,26,SWE,Sweden,Europe,2014,Sochi,Russia,Winter,Ice Hockey,Ice Hockey Pursuit,Gold
2517,Ahmed Williams,M,36,ROM,Romania,Europe,2010,Vancouver,Canada,Winter,Ski Jumping,Ski Jumping Individual,Silver
2518,Fatima Martin,F,32,IRN,Iran,Asia,1948,London,Great Britain,Summer,Athletics,Heptathlon,Gold
2519,Michael Martinez,M,35,KOR,South Korea,Asia,1928,Amsterdam,Netherlands,Summer,Weightlifting,62kg,Bronze
2520,Jessica Thomas,F,26,ROM,Romania,Europe,1960,Rome,Italy,Summer,Tennis,Doubles,Gold
2521,James Harris,M,28,ZIM,Zimbabwe,Africa,1928,St. Moritz,Switzerland,Winter,Snowboard,Snowboard Downhill,Gold
2522,Wei Lewis,M,30,USA,United States,North America,1968,Grenoble,France,Winter,Freestyle Skiing,Freestyle Skiing Sprint,Bronze
2523,Kwame Moore,M,38,SUI,Switzerland,Europe,1932,Los Angeles,USA,Summer,Gymnastics,Parallel Bars,Gold
2524,Lars Adams,M,23,POL,Poland,Europe,1972,Sapporo,Japan,Winter,Biathlon,Biathlon Team,Gold
2525,Darius Carter,M,19,UZB,Uzbekistan,Asia,1932,Los Angeles,USA,Summer,Rowing,Lightweight Double Sculls,Bronze
2526,Mohammed Lopez,M,32,KAZ,Kazakhstan,Asia,2000,Sydney,Australia,Summer,Boxing,52kg,Bronze
2527,John Hill,M,40,DEN,Denmark,Europe,1896,Athens,Greece,Summer,Volleyball,Volleyball,Silver
2528,Mohammed Clark,M,39,UKR,Ukraine,Europe,1936,Berlin,Germany,Summer,Archery,Individual Compound,Bronze
2529,Alexei Scott,M,28,CAN,Canada,North America,2010,Vancouver,Canada,Winter,Skeleton,Skeleton Slalom,Gold
2530,Isabella Carter,F,33,CUB,Cuba,North America,2006,Turin,Italy,Winter,Skiing,Skiing Super-G,Gold
2531,Mohammed Wright,M,32,TUR,Turkey,Asia,1908,London,Great Britain,Summer,Archery,Team Compound,Gold
2532,Katarina Davis,F,17,UKR,Ukraine,Europe,2018,PyeongChang,South Korea,Winter,Curling,Curling Mass Start,Bronze
2533,Thomas Adams,M,17,CAN,Canada,North America,1924,Chamonix,France,Winter,Ice Hockey,Ice Hockey Slalom,Gold
2534,Sven Taylor,M,20,JPN,Japan,Asia,1994,Lillehammer,Norway,Winter,Speed Skating,Speed Skating Giant Slalom,Gold
2535,Svetlana White,F,24,KEN,Kenya,Africa,1948,St. Moritz,Switzerland,Winter,Biathlon,Biathlon Mass Start,Bronze
2536,Wei Baker,M,29,ITA,Italy,Europe,1924,Chamonix,France,Winter,Nordic Combined,Nordic Combined Giant Slalom,Bronze
2537,Darius Johnson,M,39,AZE,Azerbaijan,Europe,2006,Turin,Italy,Winter,Figure Skating,Figure Skating Individual,Gold
2538,David Moore,M,23,KEN,Kenya,Africa,1904,St. Louis,USA,Summer,Rowing,Single Sculls,Bronze
2539,Wei Jackson,M,23,JPN,Japan,Asia,1972,Sapporo,Japan,Winter,Skeleton,Skeleton Super-G,Gold
2540,Carlos Brown,M,29,ARG,Argentina,South America,2014,Sochi,Russia,Winter,Ski Jumping,Ski Jumping Sprint,Silver
2541,Lars Carter,M,27,USA,United States,North America,1948,St. Moritz,Switzerland,Winter,Luge,Luge Pursuit,Gold
2542,Jessica Davis,F,28,SUI,Switzerland,Europe,2022,Beijing,China,Winter,Skeleton,Skeleton Slalom,Bronze
2543,Thomas Carter,M,36,GER,Germany,Europe,1984,Sarajevo,Yugoslavia,Winter,Figure Skating,Figure Skating Sprint,Gold
2544,Lauren Williams,F,28,IND,India,Asia,1968,Grenoble,France,Winter,Freestyle Skiing,Freestyle Skiing Team,Gold
2545,Steven Green,M,24,ITA,Italy,Europe,1992,Barcelona,Spain,Summer,Table Tennis,Singles,Silver
2546,Mohammed Miller,M,20,NZL,New Zealand,Oceania,1908,London,Great Britain,Summer,Canoe,Canoe Slalom,Gold
2547,Yuki Adams,M,27,USA,United States,North America,1924,Paris,France,Summer,Football,Football,Silver
2548,Steven Hall,M,28,SUI,Switzerland,Europe,2022,Beijing,China,Winter,Luge,Luge Downhill,Gold
2549,Claire Nelson,F,17,ESP,Spain,Europe,1912,Stockholm,Sweden,Summer,Taekwondo,+73kg,Silver
2550,Ahmed Hall,M,30,ZIM,Zimbabwe,Africa,2014,Sochi,Russia,Winter,Ski Jumping,Ski Jumping Mass Start,Gold
2551,Ahmed Lewis,M,34,KAZ,Kazakhstan,Asia,2002,Salt Lake City,USA,Winter,Speed Skating,Speed Skating Pursuit,Gold
2552,Maria Anderson,F,22,CAN,Canada,North America,1956,Melbourne,Australia,Summer,Canoe,Canoe Slalom,Silver
2553,Fatima White,F,20,AUS,Australia,Oceania,1924,Chamonix,France,Winter,Luge,Luge Team,Silver
2554,Katarina Taylor,F,24,CZE,Czech Republic,Europe,2000,Sydney,Australia,Summer,Wrestling,Freestyle 125kg,Gold
2555,Marco Lopez,M,33,AUT,Austria,Europe,2002,Salt Lake City,USA,Winter,Curling,Curling Giant Slalom,Bronze
2556,Svetlana Martin,F,20,GRE,Greece,Europe,2002,Salt Lake City,USA,Winter,Snowboard,Snowboard Team,Bronze
2557,Yuna Jackson,F,24,AZE,Azerbaijan,Europe,1956,Melbourne,Australia,Summer,Gymnastics,Rhythmic Gymnastics,Bronze
2558,Olga Brown,F,21,ETH,Ethiopia,Africa,1960,Rome,Italy,Summer,Cycling,Sprint,Silver
2559,Emma Martin,F,22,CUB,Cuba,North America,1984,Sarajevo,Yugoslavia,Winter,Figure Skating,Figure Skating Pursuit,Gold
2560,Marco Garcia,M,27,NZL,New Zealand,Oceania,1912,Stockholm,Sweden,Summer,Volleyball,Beach Volleyball,Silver
2561,Sofia Hall,F,41,NGR,Nigeria,Africa,1976,Montreal,Canada,Summer,Basketball,3x3 Basketball,Bronze
2562,Olga Martin,F,22,AUT,Austria,Europe,2006,Turin,Italy,Winter,Nordic Combined,Nordic Combined Mass Start,Silver
2563,Chiara Carter,F,28,KEN,Kenya,Africa,1964,Tokyo,Japan,Summer,Taekwondo,73kg,Bronze
2564,David Miller,M,24,DEN,Denmark,Europe,1964,Innsbruck,Austria,Winter,Ski Jumping,Ski Jumping Team,Gold
2565,Carlos Mitchell,M,34,KOR,South Korea,Asia,1960,Rome,Italy,Summer,Judo,100kg,Silver
2566,Maria Clark,F,35,NED,Netherlands,Europe,1980,Lake Placid,USA,Winter,Biathlon,Biathlon Super-G,Silver
2567,Anna Martin,F,21,ZIM,Zimbabwe,Africa,1988,Calgary,Canada,Winter,Luge,Luge Downhill,Gold
2568,Ingeborg Nelson,F,40,CUB,Cuba,North America,1976,Montreal,Canada,Summer,Shooting,25m Pistol,Gold
2569,Mark Green,M,37,UKR,Ukraine,Europe,1952,Helsinki,Finland,Summer,Boxing,75kg,Bronze
2570,Diego Clark,M,25,BEL,Belgium,Europe,1932,Lake Placid,USA,Winter,Figure Skating,Figure Skating Sprint,Silver
2571,Anna Smith,F,23,SWE,Sweden,Europe,1936,Berlin,Germany,Summer,Swimming,4x100m Freestyle Relay,Gold
2572,Maria Wilson,F,21,NGR,Nigeria,Africa,1984,Sarajevo,Yugoslavia,Winter,Freestyle Skiing,Freestyle Skiing Team,Gold
2573,Elena White,F,26,AUS,Australia,Oceania,1964,Tokyo,Japan,Summer,Archery,Team Compound,Silver
2574,Fatima Lopez,F,24,DEN,Denmark,Europe,2020,Tokyo,Japan,Summer,Shooting,25m Pistol,Gold
2575,Sven Smith,M,36,POR,Portugal,Europe,1924,Paris,France,Summer,Badminton,Singles,Bronze
2576,Pierre Hernandez,M,30,KOR,South Korea,Asia,1984,Los Angeles,USA,Summer,Football,Football,Gold
2577,Kim Jackson,F,29,AZE,Azerbaijan,Europe,1988,Calgary,Canada,Winter,Luge,Luge Downhill,Silver
2578,Darius Lewis,M,40,POR,Portugal,Europe,1896,Athens,Greece,Summer,Weightlifting,85kg,Gold
2579,Carlos Scott,M,27,GER,Germany,Europe,2020,Tokyo,Japan,Summer,Tennis,Mixed Doubles,Bronze
2580,David Jones,M,39,IND,India,Asia,1904,St. Louis,USA,Summer,Swimming,50m Freestyle,Silver
2581,Ahmed Smith,M,19,COL,Colombia,South America,1932,Los Angeles,USA,Summer,Fencing,Foil Team,Bronze
2582,Svetlana Miller,F,32,NOR,Norway,Europe,1956,Melbourne,Australia,Summer,Cycling,Time Trial,Silver
2583,Kwame Lewis,M,28,ITA,Italy,Europe,1928,St. Moritz,Switzerland,Winter,Skiing,Skiing Pursuit,Silver
2584,Michael Carter,M,39,NZL,New Zealand,Oceania,2006,Turin,Italy,Winter,Ice Hockey,Ice Hockey Giant Slalom,Bronze
2585,Wei Mitchell,M,39,POL,Poland,Europe,1932,Los Angeles,USA,Summer,Taekwondo,73kg,Silver
2586,Darius Hernandez,M,20,KOR,South Korea,Asia,2020,Tokyo,Japan,Summer,Rowing,Pair,Gold
2587,Chris Lee,M,16,MEX,Mexico,North America,2004,Athens,Greece,Summer,Canoe,Canoe Sprint,Silver
2588,Ahmed Young,M,23,SWE,Sweden,Europe,2004,Athens,Greece,Summer,Cycling,Omnium,Gold
2589,Emma Adams,F,18,IND,India,Asia,1980,Lake Placid,USA,Winter,Bobsled,Bobsled Individual,Silver
2590,Anna Hill,F,41,RSA,South Africa,Africa,1904,St. Louis,USA,Summer,Table Tennis,Singles,Gold
2591,Michael Lopez,M,19,RSA,South Africa,Africa,2022,Beijing,China,Winter,Cross-Country Skiing,Cross-Country Skiing Pursuit,Gold
2592,Sven Adams,M,33,POL,Poland,Europe,1928,Amsterdam,Netherlands,Summer,Basketball,Basketball,Bronze
2593,Isabella Thompson,F,38,AUT,Austria,Europe,1932,Los Angeles,USA,Summer,Gymnastics,Team,Bronze
2594,Pierre Thompson,M,26,IND,India,Asia,1948,St. Moritz,Switzerland,Winter,Ski Jumping,Ski Jumping Downhill,Gold
2595,Thomas Hill,M,20,UZB,Uzbekistan,Asia,1928,Amsterdam,Netherlands,Summer,Rowing,Pair,Gold
2596,Alexei Baker,M,27,BRA,Brazil,South America,1996,Atlanta,USA,Summer,Weightlifting,75kg,Gold
2597,Emma Walker,F,28,NED,Netherlands,Europe,2006,Turin,Italy,Winter,Cross-Country Skiing,Cross-Country Skiing Sprint,Gold
2598,Emma Walker,F,36,NOR,Norway,Europe,2020,Tokyo,Japan,Summer,Canoe,Canoe Slalom,Gold
2599,John Green,M,36,CUB,Cuba,North America,2022,Beijing,China,Winter,Freestyle Skiing,Freestyle Skiing Slalom,Gold
2600,Michael Lopez,M,23,KEN,Kenya,Africa,1952,Helsinki,Finland,Summer,Basketball,3x3 Basketball,Bronze
2601,Alexei Clark,M,36,ZIM,Zimbabwe,Africa,1956,Cortina,Italy,Winter,Figure Skating,Figure Skating Giant Slalom,Gold
2602,Emma Hill,F,37,NED,Netherlands,Europe,1896,Athens,Greece,Summer,Gymnastics,Vault,Silver
2603,Olga Walker,F,37,ROM,Romania,Europe,2000,Sydney,Australia,Summer,Basketball,Basketball,Gold
2604,Carlos Thompson,M,27,IND,India,Asia,1956,Cortina,Italy,Winter,Nordic Combined,Nordic Combined Mass Start,Bronze
2605,Lisa Baker,F,18,USA,United States,North America,1908,London,Great Britain,Summer,Boxing,52kg,Bronze
2606,Sven Miller,M,34,KEN,Kenya,Africa,1960,Rome,Italy,Summer,Fencing,Foil Team,Bronze
2607,Rebecca Lopez,F,30,SVK,Slovakia,Europe,2008,Beijing,China,Summer,Basketball,Basketball,Silver
2608,David Smith,M,41,IND,India,Asia,2018,PyeongChang,South Korea,Winter,Ice Hockey,Ice Hockey Individual,Silver
2609,Kwame Lopez,M,18,COL,Colombia,South America,1928,St. Moritz,Switzerland,Winter,Luge,Luge Sprint,Gold
2610,Kim Baker,F,18,KOR,South Korea,Asia,1924,Chamonix,France,Winter,Nordic Combined,Nordic Combined Team,Gold
2611,Emma Baker,F,28,SUI,Switzerland,Europe,2012,London,Great Britain,Summer,Football,Football,Bronze
2612,Mei Harris,F,31,CAN,Canada,North America,1976,Innsbruck,Austria,Winter,Figure Skating,Figure Skating Team,Gold
2613,Ingrid Smith,F,36,JPN,Japan,Asia,2018,PyeongChang,South Korea,Winter,Snowboard,Snowboard Sprint,Silver
2614,Yuna White,F,27,IND,India,Asia,1960,Rome,Italy,Summer,Taekwondo,+73kg,Bronze
2615,Robert Walker,M,35,HUN,Hungary,Europe,2002,Salt Lake City,USA,Winter,Snowboard,Snowboard Mass Start,Silver
2616,Yuna Wilson,F,21,ARG,Argentina,South America,1956,Melbourne,Australia,Summer,Rowing,Single Sculls,Gold
2617,Wei Lopez,M,40,POL,Poland,Europe,1904,St. Louis,USA,Summer,Boxing,52kg,Silver
2618,Ingeborg Brown,F,16,ETH,Ethiopia,Africa,1952,Helsinki,Finland,Summer,Judo,57kg,Gold
2619,Claire Green,F,25,SUI,Switzerland,Europe,1924,Chamonix,France,Winter,Luge,Luge Giant Slalom,Bronze
2620,Sofia Nelson,F,34,NZL,New Zealand,Oceania,2012,London,Great Britain,Summer,Football,Football,Silver
2621,Ingeborg Williams,F,29,RSA,South Africa,Africa,1956,Melbourne,Australia,Summer,Gymnastics,All-Around,Silver
2622,Olga Clark,F,23,CHN,China,Asia,2024,Paris,France,Summer,Fencing,Foil Individual,Bronze
2623,Jessica Young,F,24,GBR,Great Britain,Europe,1936,Garmisch,Germany,Winter,Skeleton,Skeleton Pursuit,Bronze
2624,Mohammed Lewis,M,36,AUS,Australia,Oceania,1932,Los Angeles,USA,Summer,Tennis,Doubles,Gold
2625,Emma Lee,F,22,SWE,Sweden,Europe,1988,Calgary,Canada,Winter,Nordic Combined,Nordic Combined Downhill,Bronze
2626,Ahmed White,M,30,USA,United States,North America,1976,Montreal,Canada,Summer,Athletics,5000m,Silver
2627,Lauren Adams,F,32,JAM,Jamaica,North America,1956,Melbourne,Australia,Summer,Cycling,Time Trial,Bronze
2628,Lucia Young,F,25,NZL,New Zealand,Oceania,2012,London,Great Britain,Summer,Fencing,Epee Team,Gold
2629,Lars Thompson,M,25,ETH,Ethiopia,Africa,1956,Melbourne,Australia,Summer,Fencing,Sabre Individual,Gold
2630,Kwame Martin,M,40,FRA,France,Europe,2016,Rio de Janeiro,Brazil,Summer,Judo,57kg,Bronze
2631,Yuna Baker,F,25,SVK,Slovakia,Europe,2024,Paris,France,Summer,Shooting,50m Rifle Prone,Silver
2632,Steven Brown,M,20,MEX,Mexico,North America,1968,Grenoble,France,Winter,Speed Skating,Speed Skating Individual,Bronze
2633,Kim Baker,F,39,JPN,Japan,Asia,1960,Rome,Italy,Summer,Table Tennis,Team,Bronze
2634,John Johnson,M,21,FRA,France,Europe,2020,Tokyo,Japan,Summer,Archery,Individual Compound,Bronze
2635,Hans Williams,M,19,UZB,Uzbekistan,Asia,1972,Sapporo,Japan,Winter,Ice Hockey,Ice Hockey Individual,Silver
2636,Darius Allen,M,25,POL,Poland,Europe,1956,Cortina,Italy,Winter,Speed Skating,Speed Skating Giant Slalom,Silver
2637,Steven Johnson,M,17,JPN,Japan,Asia,1960,Rome,Italy,Summer,Badminton,Mixed Doubles,Gold
2638,Maria Mitchell,F,18,ZIM,Zimbabwe,Africa,1956,Melbourne,Australia,Summer,Shooting,Trap,Gold
2639,Maria Wilson,F,19,KOR,South Korea,Asia,1988,Calgary,Canada,Winter,Skiing,Skiing Individual,Gold
2640,Ingeborg Carter,F,32,NZL,New Zealand,Oceania,2008,Beijing,China,Summer,Tennis,Doubles,Silver
2641,Rebecca Young,F,16,AUT,Austria,Europe,1932,Lake Placid,USA,Winter,Bobsled,Bobsled Super-G,Gold
2642,Olga Adams,F,38,GER,Germany,Europe,1988,Calgary,Canada,Winter,Snowboard,Snowboard Pursuit,Silver
2643,Lisa Jones,F,23,NZL,New Zealand,Oceania,1932,Lake Placid,USA,Winter,Speed Skating,Speed Skating Super-G,Gold
2644,Thomas Jackson,M,25,RUS,Russia,Europe,1984,Sarajevo,Yugoslavia,Winter,Curling,Curling Super-G,Silver
2645,Chris King,M,22,GBR,Great Britain,Europe,1928,St. Moritz,Switzerland,Winter,Freestyle Skiing,Freestyle Skiing Sprint,Silver
2646,Chris Harris,M,16,NOR,Norway,Europe,1932,Los Angeles,USA,Summer,Shooting,Trap,Bronze
2647,Rebecca Smith,F,41,ARG,Argentina,South America,1972,Sapporo,Japan,Winter,Nordic Combined,Nordic Combined Downhill,Gold
2648,Mark Walker,M,34,KAZ,Kazakhstan,Asia,1988,Seoul,South Korea,Summer,Fencing,Sabre Team,Bronze
2649,Claire Jones,F,30,IRN,Iran,Asia,1906,Athens,Greece,Summer,Wrestling,Greco-Roman 130kg,Silver
2650,James Taylor,M,26,ZIM,Zimbabwe,Africa,1948,St. Moritz,Switzerland,Winter,Figure Skating,Figure Skating Individual,Gold
2651,Alexei Mitchell,M,21,RUS,Russia,Europe,1984,Sarajevo,Yugoslavia,Winter,Ski Jumping,Ski Jumping Super-G,Silver
2652,Nina Anderson,F,40,NED,Netherlands,Europe,1972,Munich,Germany,Summer,Basketball,3x3 Basketball,Gold
2653,David Smith,M,16,KOR,South Korea,Asia,1932,Lake Placid,USA,Winter,Ice Hockey,Ice Hockey Giant Slalom,Gold
2654,Steven Smith,M,16,NOR,Norway,Europe,1960,Rome,Italy,Summer,Basketball,Basketball,Gold
2655,Chiara Wilson,F,18,SUI,Switzerland,Europe,1932,Lake Placid,USA,Winter,Speed Skating,Speed Skating Downhill,Bronze
2656,Maria Wright,F,29,USA,United States,North America,1972,Munich,Germany,Summer,Tennis,Doubles,Bronze
2657,Mark Lee,M,21,CUB,Cuba,North America,1994,Lillehammer,Norway,Winter,Bobsled,Bobsled Super-G,Gold
2658,Elena Martin,F,31,SVK,Slovakia,Europe,1906,Athens,Greece,Summer,Gymnastics,Rings,Gold
2659,Chris King,M,33,GBR,Great Britain,Europe,1936,Berlin,Germany,Summer,Shooting,25m Pistol,Gold
2660,Elena Anderson,F,38,AUS,Australia,Oceania,2018,PyeongChang,South Korea,Winter,Snowboard,Snowboard Individual,Bronze
2661,Sofia Allen,F,17,RUS,Russia,Europe,2018,PyeongChang,South Korea,Winter,Ice Hockey,Ice Hockey Mass Start,Silver
2662,Svetlana Lopez,F,36,FRA,France,Europe,2000,Sydney,Australia,Summer,Archery,Team Compound,Silver
2663,James Walker,M,24,FRA,France,Europe,2020,Tokyo,Japan,Summer,Shooting,Trap,Silver
2664,Katarina Wright,F,20,IRN,Iran,Asia,1996,Atlanta,USA,Summer,Archery,Team Recurve,Bronze
2665,Carlos Carter,M,20,GER,Germany,Europe,1928,Amsterdam,Netherlands,Summer,Fencing,Epee Team,Gold
2666,Rebecca Martinez,F,40,RSA,South Africa,Africa,2018,PyeongChang,South Korea,Winter,Snowboard,Snowboard Super-G,Bronze
2667,Svetlana Jackson,F,23,CUB,Cuba,North America,1948,St. Moritz,Switzerland,Winter,Curling,Curling Sprint,Silver
2668,Robert Miller,M,20,NED,Netherlands,Europe,1988,Calgary,Canada,Winter,Ski Jumping,Ski Jumping Team,Gold
2669,Lars Lewis,M,23,ARG,Argentina,South America,1924,Paris,France,Summer,Table Tennis,Team,Bronze
2670,James Lopez,M,30,COL,Colombia,South America,1988,Seoul,South Korea,Summer,Football,Football,Silver
2671,Kwame Mitchell,M,34,POL,Poland,Europe,2004,Athens,Greece,Summer,Swimming,200m Backstroke,Silver
2672,Isabella Wilson,F,39,TUR,Turkey,Asia,2004,Athens,Greece,Summer,Volleyball,Volleyball,Silver
2673,Fatima Martin,F,39,USA,United States,North America,1920,Antwerp,Belgium,Summer,Boxing,56kg,Gold
2674,Chris Taylor,M,27,CAN,Canada,North America,1988,Seoul,South Korea,Summer,Tennis,Singles,Gold
2675,Fatima Nelson,F,37,RSA,South Africa,Africa,1924,Paris,France,Summer,Basketball,Basketball,Bronze
2676,Alexei Jackson,M,38,HUN,Hungary,Europe,1964,Innsbruck,Austria,Winter,Cross-Country Skiing,Cross-Country Skiing Pursuit,Gold
2677,Ivan Scott,M,25,FIN,Finland,Europe,1952,Oslo,Norway,Winter,Speed Skating,Speed Skating Mass Start,Silver
2678,Sarah Anderson,F,30,USA,United States,North America,1980,Lake Placid,USA,Winter,Snowboard,Snowboard Super-G,Gold
2679,Lauren Clark,F,18,ARG,Argentina,South America,1964,Tokyo,Japan,Summer,Canoe,Canoe Slalom,Gold
2680,Ahmed White,M,28,BRA,Brazil,South America,2016,Rio de Janeiro,Brazil,Summer,Tennis,Doubles,Gold
2681,Thomas Hernandez,M,24,BEL,Belgium,Europe,1992,Albertville,France,Winter,Nordic Combined,Nordic Combined Super-G,Silver
2682,Maria Smith,F,34,CAN,Canada,North America,1976,Innsbruck,Austria,Winter,Bobsled,Bobsled Sprint,Silver
2683,Kwame Moore,M,20,IRN,Iran,Asia,1912,Stockholm,Sweden,Summer,Basketball,3x3 Basketball,Gold
2684,Lisa Clark,F,19,KOR,South Korea,Asia,1998,Nagano,Japan,Winter,Bobsled,Bobsled Sprint,Silver
2685,Lucia Martin,F,23,JAM,Jamaica,North America,1936,Berlin,Germany,Summer,Swimming,800m Freestyle,Silver
2686,Isabella Thomas,F,37,GRE,Greece,Europe,2000,Sydney,Australia,Summer,Wrestling,Greco-Roman 130kg,Gold
2687,Aisha Smith,F,35,UKR,Ukraine,Europe,1972,Munich,Germany,Summer,Basketball,Basketball,Bronze
2688,Marco Davis,M,22,FRA,France,Europe,2000,Sydney,Australia,Summer,Archery,Individual Compound,Gold
2689,Rebecca Harris,F,34,GBR,Great Britain,Europe,1998,Nagano,Japan,Winter,Curling,Curling Individual,Bronze
2690,John Thomas,M,20,AUS,Australia,Oceania,2024,Paris,France,Summer,Boxing,52kg,Gold
2691,Maria Young,F,33,ITA,Italy,Europe,1964,Tokyo,Japan,Summer,Judo,52kg,Bronze
2692,Anna Nelson,F,16,NZL,New Zealand,Oceania,1968,Grenoble,France,Winter,Curling,Curling Slalom,Gold
2693,Chris Robinson,M,28,CZE,Czech Republic,Europe,1984,Los Angeles,USA,Summer,Fencing,Sabre Individual,Gold
2694,Jessica Hill,F,21,GBR,Great Britain,Europe,2022,Beijing,China,Winter,Cross-Country Skiing,Cross-Country Skiing Individual,Silver
2695,Ivan Clark,M,26,IND,India,Asia,1972,Sapporo,Japan,Winter,Freestyle Skiing,Freestyle Skiing Giant Slalom,Bronze
2696,Claire Wilson,F,39,ETH,Ethiopia,Africa,1964,Innsbruck,Austria,Winter,Freestyle Skiing,Freestyle Skiing Downhill,Bronze
2697,Ahmed Taylor,M,38,USA,United States,North America,1972,Munich,Germany,Summer,Wrestling,Freestyle 86kg,Gold
2698,Lisa Williams,F,38,CHN,China,Asia,1908,London,Great Britain,Summer,Rowing,Quadruple Sculls,Silver
2699,John Martinez,M,41,IRN,Iran,Asia,1928,St. Moritz,Switzerland,Winter,Snowboard,Snowboard Mass Start,Bronze
2700,Sofia Taylor,F,35,AUS,Australia,Oceania,1980,Moscow,Russia,Summer,Table Tennis,Singles,Silver
2701,Thomas Hill,M,36,ROM,Romania,Europe,1992,Barcelona,Spain,Summer,Canoe,Canoe Slalom,Bronze
2702,Ahmed Young,M,23,CHN,China,Asia,1932,Lake Placid,USA,Winter,Biathlon,Biathlon Giant Slalom,Silver
2703,Thomas Green,M,39,USA,United States,North America,1900,Paris,France,Summer,Boxing,49kg,Silver
2704,Carlos Williams,M,16,HUN,Hungary,Europe,1932,Lake Placid,USA,Winter,Curling,Curling Downhill,Silver
2705,Lars Johnson,M,33,CUB,Cuba,North America,2018,PyeongChang,South Korea,Winter,Ice Hockey,Ice Hockey Mass Start,Silver
2706,Diego Baker,M,37,GRE,Greece,Europe,1988,Seoul,South Korea,Summer,Boxing,75kg,Bronze
2707,Diego Young,M,30,GBR,Great Britain,Europe,1906,Athens,Greece,Summer,Swimming,4x100m Freestyle Relay,Gold
2708,Kwame Walker,M,32,CZE,Czech Republic,Europe,2024,Paris,France,Summer,Cycling,Sprint,Bronze
2709,Lisa Hill,F,39,IND,India,Asia,2016,Rio de Janeiro,Brazil,Summer,Rowing,Pair,Silver
2710,Pierre Davis,M,28,NZL,New Zealand,Oceania,1996,Atlanta,USA,Summer,Weightlifting,58kg,Gold
2711,Peter Taylor,M,18,FRA,France,Europe,1972,Munich,Germany,Summer,Archery,Individual Compound,Bronze
2712,Kwame Taylor,M,38,HUN,Hungary,Europe,1980,Lake Placid,USA,Winter,Ski Jumping,Ski Jumping Sprint,Gold
2713,Sofia Carter,F,21,SWE,Sweden,Europe,2002,Salt Lake City,USA,Winter,Curling,Curling Giant Slalom,Bronze
2714,Hans Lopez,M,28,KAZ,Kazakhstan,Asia,2024,Paris,France,Summer,Gymnastics,Balance Beam,Silver
2715,Darius Green,M,16,ESP,Spain,Europe,1920,Antwerp,Belgium,Summer,Swimming,400m Individual Medley,Bronze
2716,Kwame Hernandez,M,30,GER,Germany,Europe,1920,Antwerp,Belgium,Summer,Shooting,50m Rifle 3 Positions,Silver
2717,Mohammed Allen,M,27,UZB,Uzbekistan,Asia,1924,Paris,France,Summer,Tennis,Mixed Doubles,Bronze
2718,Katarina Lopez,F,27,IRN,Iran,Asia,2024,Paris,France,Summer,Archery,Team Recurve,Gold
2719,Yuki Walker,M,38,KAZ,Kazakhstan,Asia,2010,Vancouver,Canada,Winter,Freestyle Skiing,Freestyle Skiing Individual,Silver
2720,Anna Moore,F,34,CAN,Canada,North America,2004,Athens,Greece,Summer,Basketball,3x3 Basketball,Silver
2721,Carlos Harris,M,26,GRE,Greece,Europe,1972,Sapporo,Japan,Winter,Figure Skating,Figure Skating Mass Start,Bronze
2722,Jessica Carter,F,20,FIN,Finland,Europe,1952,Helsinki,Finland,Summer,Football,Football,Gold
2723,Jessica Robinson,F,29,KOR,South Korea,Asia,1972,Sapporo,Japan,Winter,Speed Skating,Speed Skating Slalom,Gold
2724,Sarah Adams,F,31,GRE,Greece,Europe,2012,London,Great Britain,Summer,Tennis,Mixed Doubles,Gold
2725,Rebecca Lewis,F,24,ZIM,Zimbabwe,Africa,1988,Seoul,South Korea,Summer,Canoe,Canoe Slalom,Bronze
2726,Aisha Jackson,F,18,NZL,New Zealand,Oceania,1994,Lillehammer,Norway,Winter,Cross-Country Skiing,Cross-Country Skiing Mass Start,Bronze
2727,Yuna Martinez,F,30,ITA,Italy,Europe,2018,PyeongChang,South Korea,Winter,Curling,Curling Mass Start,Silver
2728,Chris Nelson,M,28,NZL,New Zealand,Oceania,1984,Los Angeles,USA,Summer,Fencing,Epee Individual,Bronze
2729,Kwame Anderson,M,41,JAM,Jamaica,North America,1900,Paris,France,Summer,Shooting,50m Rifle Prone,Bronze
2730,Anna Williams,F,21,USA,United States,North America,1996,Atlanta,USA,Summer,Table Tennis,Team,Gold
2731,Alexei Thomas,M,16,RUS,Russia,Europe,1968,Mexico City,Mexico,Summer,Wrestling,Greco-Roman 77kg,Silver
2732,Steven Johnson,M,40,POL,Poland,Europe,1984,Sarajevo,Yugoslavia,Winter,Cross-Country Skiing,Cross-Country Skiing Mass Start,Bronze
2733,Hans Robinson,M,26,HUN,Hungary,Europe,1984,Sarajevo,Yugoslavia,Winter,Snowboard,Snowboard Giant Slalom,Bronze
2734,Chiara Davis,F,24,GRE,Greece,Europe,2020,Tokyo,Japan,Summer,Archery,Team Recurve,Bronze
2735,Wei Johnson,M,30,USA,United States,North America,1960,Squaw Valley,USA,Winter,Luge,Luge Pursuit,Gold
2736,Ingrid Hall,F,39,AZE,Azerbaijan,Europe,1896,Athens,Greece,Summer,Rowing,Single Sculls,Gold
2737,Wei Walker,M,16,POR,Portugal,Europe,1992,Barcelona,Spain,Summer,Canoe,Canoe Slalom,Silver
2738,Alexei Martinez,M,30,ROM,Romania,Europe,1920,Antwerp,Belgium,Summer,Archery,Individual Compound,Silver
2739,Sarah Wilson,F,39,ARG,Argentina,South America,1972,Sapporo,Japan,Winter,Snowboard,Snowboard Individual,Bronze
2740,John White,M,16,POR,Portugal,Europe,1976,Innsbruck,Austria,Winter,Ice Hockey,Ice Hockey Downhill,Silver
2741,Maria Carter,F,24,POL,Poland,Europe,1964,Tokyo,Japan,Summer,Weightlifting,56kg,Bronze
2742,Rebecca Hall,F,29,KEN,Kenya,Africa,1904,St. Louis,USA,Summer,Basketball,3x3 Basketball,Silver
2743,Diego Moore,M,41,RSA,South Africa,Africa,1928,St. Moritz,Switzerland,Winter,Speed Skating,Speed Skating Individual,Gold
2744,Ahmed Thomas,M,26,IND,India,Asia,1956,Cortina,Italy,Winter,Bobsled,Bobsled Downhill,Gold
2745,Darius Martinez,M,22,UKR,Ukraine,Europe,2024,Paris,France,Summer,Boxing,52kg,Silver
2746,Rebecca Martinez,F,25,IND,India,Asia,2016,Rio de Janeiro,Brazil,Summer,Athletics,110m Hurdles,Bronze
2747,Ahmed Clark,M,35,TUR,Turkey,Asia,2016,Rio de Janeiro,Brazil,Summer,Fencing,Sabre Individual,Gold
2748,Mei Miller,F,16,SWE,Sweden,Europe,1920,Antwerp,Belgium,Summer,Cycling,BMX Freestyle,Gold
2749,Lars Carter,M,21,NOR,Norway,Europe,1952,Oslo,Norway,Winter,Bobsled,Bobsled Super-G,Gold
2750,Robert Wright,M,18,JPN,Japan,Asia,1896,Athens,Greece,Summer,Cycling,Mountain Bike,Gold
2751,Elena Young,F,31,AUT,Austria,Europe,2014,Sochi,Russia,Winter,Freestyle Skiing,Freestyle Skiing Sprint,Silver
2752,Nina Clark,F,33,CUB,Cuba,North America,1984,Sarajevo,Yugoslavia,Winter,Freestyle Skiing,Freestyle Skiing Giant Slalom,Bronze
2753,Katarina Lewis,F,21,SVK,Slovakia,Europe,1956,Cortina,Italy,Winter,Ice Hockey,Ice Hockey Sprint,Gold
2754,Aisha Clark,F,19,FRA,France,Europe,2006,Turin,Italy,Winter,Cross-Country Skiing,Cross-Country Skiing Super-G,Silver
2755,Carlos Brown,M,17,FIN,Finland,Europe,1964,Tokyo,Japan,Summer,Canoe,Canoe Sprint,Bronze
2756,Claire Garcia,F,30,USA,United States,North America,2024,Paris,France,Summer,Swimming,200m Butterfly,Silver
2757,Diego Taylor,M,27,AUT,Austria,Europe,1936,Garmisch,Germany,Winter,Ski Jumping,Ski Jumping Super-G,Silver
2758,Pierre Wilson,M,41,ETH,Ethiopia,Africa,1972,Sapporo,Japan,Winter,Cross-Country Skiing,Cross-Country Skiing Giant Slalom,Silver
2759,Fatima Martinez,F,22,ROM,Romania,Europe,1992,Barcelona,Spain,Summer,Judo,70kg,Bronze
2760,Peter Wilson,M,23,AUS,Australia,Oceania,1936,Berlin,Germany,Summer,Swimming,100m Butterfly,Bronze
2761,Darius Scott,M,23,GER,Germany,Europe,1936,Berlin,Germany,Summer,Football,Football,Bronze
2762,Rebecca Thomas,F,32,ARG,Argentina,South America,1932,Los Angeles,USA,Summer,Football,Football,Bronze
2763,Sarah Martinez,F,22,IND,India,Asia,1908,London,Great Britain,Summer,Volleyball,Volleyball,Bronze
2764,Pierre Robinson,M,19,JAM,Jamaica,North America,1972,Munich,Germany,Summer,Boxing,69kg,Silver
2765,Ivan Brown,M,31,JAM,Jamaica,North America,1956,Cortina,Italy,Winter,Cross-Country Skiing,Cross-Country Skiing Pursuit,Gold
2766,Mei Jackson,F,37,POL,Poland,Europe,1980,Lake Placid,USA,Winter,Snowboard,Snowboard Team,Silver
2767,Chiara Walker,F,30,AUS,Australia,Oceania,1952,Helsinki,Finland,Summer,Basketball,3x3 Basketball,Gold
2768,Yuki Moore,M,22,ZIM,Zimbabwe,Africa,1992,Barcelona,Spain,Summer,Basketball,Basketball,Bronze
2769,Nina Brown,F,24,RSA,South Africa,Africa,1992,Albertville,France,Winter,Snowboard,Snowboard Mass Start,Bronze
2770,Kwame Adams,M,33,ITA,Italy,Europe,1992,Barcelona,Spain,Summer,Taekwondo,49kg,Silver
2771,Lars Rodriguez,M,37,IRN,Iran,Asia,1976,Innsbruck,Austria,Winter,Figure Skating,Figure Skating Individual,Gold
2772,Elena Martinez,F,25,COL,Colombia,South America,1920,Antwerp,Belgium,Summer,Gymnastics,Balance Beam,Silver
2773,Olga Hernandez,F,34,GRE,Greece,Europe,1952,Helsinki,Finland,Summer,Table Tennis,Team,Gold
2774,Aisha Moore,F,40,UKR,Ukraine,Europe,1988,Seoul,South Korea,Summer,Volleyball,Beach Volleyball,Bronze
2775,Pierre Nelson,M,18,NED,Netherlands,Europe,2010,Vancouver,Canada,Winter,Biathlon,Biathlon Individual,Silver
2776,Rebecca Jackson,F,32,JPN,Japan,Asia,2008,Beijing,China,Summer,Archery,Individual Recurve,Bronze
2777,Nina Nelson,F,16,AUS,Australia,Oceania,1992,Albertville,France,Winter,Cross-Country Skiing,Cross-Country Skiing Slalom,Bronze
2778,Kim Young,F,41,FRA,France,Europe,1956,Melbourne,Australia,Summer,Shooting,25m Rapid Fire Pistol,Silver
2779,Thomas White,M,18,MEX,Mexico,North America,2012,London,Great Britain,Summer,Boxing,91kg,Bronze
2780,Robert Baker,M,40,DEN,Denmark,Europe,1900,Paris,France,Summer,Rowing,Eight,Gold
2781,Jessica Johnson,F,26,AUS,Australia,Oceania,1994,Lillehammer,Norway,Winter,Skeleton,Skeleton Giant Slalom,Gold
2782,Jessica Brown,F,30,FRA,France,Europe,2010,Vancouver,Canada,Winter,Ski Jumping,Ski Jumping Sprint,Silver
2783,Kim Harris,F,34,DEN,Denmark,Europe,1956,Cortina,Italy,Winter,Ice Hockey,Ice Hockey Giant Slalom,Silver
2784,Marco King,M,40,ARG,Argentina,South America,1912,Stockholm,Sweden,Summer,Fencing,Sabre Team,Bronze
2785,Chiara Wilson,F,16,JPN,Japan,Asia,1896,Athens,Greece,Summer,Fencing,Epee Individual,Gold
2786,David Baker,M,33,USA,United States,North America,1988,Calgary,Canada,Winter,Figure Skating,Figure Skating Team,Silver
2787,Marco Young,M,23,POL,Poland,Europe,1956,Melbourne,Australia,Summer,Wrestling,Greco-Roman 130kg,Gold
2788,Lars Wilson,M,32,JAM,Jamaica,North America,1988,Calgary,Canada,Winter,Skiing,Skiing Giant Slalom,Gold
2789,Ingeborg King,F,22,JPN,Japan,Asia,1952,Oslo,Norway,Winter,Bobsled,Bobsled Individual,Gold
2790,Ingrid Hall,F,22,MEX,Mexico,North America,1968,Mexico City,Mexico,Summer,Gymnastics,Horizontal Bar,Gold
2791,Chiara Carter,F,32,UZB,Uzbekistan,Asia,1972,Sapporo,Japan,Winter,Biathlon,Biathlon Pursuit,Silver
2792,Kwame Brown,M,41,POL,Poland,Europe,1988,Calgary,Canada,Winter,Figure Skating,Figure Skating Pursuit,Bronze
2793,Olga Martinez,F,18,JAM,Jamaica,North America,1896,Athens,Greece,Summer,Fencing,Epee Team,Silver
2794,Ingrid Martin,F,28,POR,Portugal,Europe,2000,Sydney,Australia,Summer,Cycling,Time Trial,Bronze
2795,Yuki Martinez,M,19,ESP,Spain,Europe,1980,Moscow,Russia,Summer,Taekwondo,68kg,Gold
2796,Steven Wright,M,32,COL,Colombia,South America,1968,Mexico City,Mexico,Summer,Canoe,Canoe Sprint,Silver
2797,Svetlana Walker,F,40,CAN,Canada,North America,1932,Los Angeles,USA,Summer,Tennis,Singles,Silver
2798,Robert Walker,M,32,ETH,Ethiopia,Africa,1896,Athens,Greece,Summer,Fencing,Epee Individual,Silver
2799,Kwame King,M,19,GER,Germany,Europe,1948,St. Moritz,Switzerland,Winter,Biathlon,Biathlon Downhill,Silver
2800,Fatima Williams,F,29,IRN,Iran,Asia,1996,Atlanta,USA,Summer,Rowing,Eight,Silver
2801,Hans White,M,20,IRN,Iran,Asia,1924,Paris,France,Summer,Swimming,100m Backstroke,Gold
2802,David Hill,M,29,BEL,Belgium,Europe,1948,St. Moritz,Switzerland,Winter,Ice Hockey,Ice Hockey Slalom,Gold
2803,Anna Scott,F,30,AZE,Azerbaijan,Europe,1948,St. Moritz,Switzerland,Winter,Freestyle Skiing,Freestyle Skiing Mass Start,Bronze
2804,Ahmed Baker,M,34,NOR,Norway,Europe,1936,Garmisch,Germany,Winter,Snowboard,Snowboard Super-G,Gold
2805,Thomas Thomas,M,34,BRA,Brazil,South America,1968,Grenoble,France,Winter,Skeleton,Skeleton Downhill,Bronze
2806,Fatima Clark,F,40,GRE,Greece,Europe,1984,Sarajevo,Yugoslavia,Winter,Ski Jumping,Ski Jumping Mass Start,Silver
2807,Mei Wilson,F,20,IRN,Iran,Asia,1924,Paris,France,Summer,Cycling,Omnium,Silver
2808,Rebecca Adams,F,41,POR,Portugal,Europe,1952,Helsinki,Finland,Summer,Rowing,Single Sculls,Gold
2809,Chiara Williams,F,40,IRN,Iran,Asia,2016,Rio de Janeiro,Brazil,Summer,Weightlifting,75kg,Gold
2810,Rebecca Wright,F,22,ARG,Argentina,South America,1956,Melbourne,Australia,Summer,Rowing,Double Sculls,Silver
2811,Steven White,M,39,ARG,Argentina,South America,1998,Nagano,Japan,Winter,Nordic Combined,Nordic Combined Super-G,Silver
2812,John Harris,M,24,FIN,Finland,Europe,1952,Oslo,Norway,Winter,Ski Jumping,Ski Jumping Slalom,Bronze
2813,Peter Hill,M,27,GRE,Greece,Europe,1896,Athens,Greece,Summer,Canoe,Canoe Sprint,Bronze
2814,David Lewis,M,28,IRN,Iran,Asia,1968,Grenoble,France,Winter,Skiing,Skiing Sprint,Silver
2815,Robert Mitchell,M,23,GER,Germany,Europe,2016,Rio de Janeiro,Brazil,Summer,Boxing,49kg,Gold
2816,Mark Garcia,M,16,SUI,Switzerland,Europe,2008,Beijing,China,Summer,Volleyball,Beach Volleyball,Gold
2817,Jessica White,F,19,KAZ,Kazakhstan,Asia,1900,Paris,France,Summer,Swimming,4x200m Freestyle Relay,Gold
2818,Kwame Wright,M,17,CZE,Czech Republic,Europe,1952,Helsinki,Finland,Summer,Volleyball,Volleyball,Bronze
2819,Diego Garcia,M,20,AUT,Austria,Europe,1994,Lillehammer,Norway,Winter,Speed Skating,Speed Skating Team,Bronze
2820,Chiara Walker,F,20,CZE,Czech Republic,Europe,1976,Montreal,Canada,Summer,Athletics,Javelin Throw,Silver
2821,Robert Lopez,M,27,NED,Netherlands,Europe,1988,Calgary,Canada,Winter,Luge,Luge Pursuit,Silver
2822,Ahmed Davis,M,21,RUS,Russia,Europe,2016,Rio de Janeiro,Brazil,Summer,Wrestling,Freestyle 74kg,Gold
2823,Yuki Scott,M,25,GBR,Great Britain,Europe,1984,Sarajevo,Yugoslavia,Winter,Cross-Country Skiing,Cross-Country Skiing Individual,Silver
2824,Maria Green,F,16,RUS,Russia,Europe,1920,Antwerp,Belgium,Summer,Basketball,Basketball,Silver
2825,James Williams,M,40,RUS,Russia,Europe,1972,Sapporo,Japan,Winter,Nordic Combined,Nordic Combined Sprint,Bronze
2826,Mohammed Lee,M,18,BEL,Belgium,Europe,1960,Rome,Italy,Summer,Cycling,Mountain Bike,Gold
2827,Mei Carter,F,30,USA,United States,North America,1968,Grenoble,France,Winter,Curling,Curling Individual,Silver
2828,Jessica Johnson,F,41,JPN,Japan,Asia,1900,Paris,France,Summer,Swimming,400m Freestyle,Gold
2829,Kim Williams,F,18,GRE,Greece,Europe,2018,PyeongChang,South Korea,Winter,Skeleton,Skeleton Pursuit,Bronze
2830,Alexei Walker,M,22,AUS,Australia,Oceania,1972,Sapporo,Japan,Winter,Ice Hockey,Ice Hockey Sprint,Bronze
2831,Maria Thomas,F,31,GER,Germany,Europe,1904,St. Louis,USA,Summer,Table Tennis,Team,Gold
2832,Lucia Wilson,F,39,KAZ,Kazakhstan,Asia,1900,Paris,France,Summer,Shooting,25m Rapid Fire Pistol,Silver
2833,Sofia Thompson,F,16,GER,Germany,Europe,1924,Paris,France,Summer,Taekwondo,68kg,Silver
2834,Chris Martinez,M,40,KOR,South Korea,Asia,1948,London,Great Britain,Summer,Football,Football,Gold
2835,Maria Rodriguez,F,16,AUS,Australia,Oceania,1932,Los Angeles,USA,Summer,Volleyball,Volleyball,Gold
2836,Mark Robinson,M,34,KOR,South Korea,Asia,1936,Berlin,Germany,Summer,Taekwondo,+80kg,Bronze
2837,Sarah White,F,35,NED,Netherlands,Europe,2020,Tokyo,Japan,Summer,Tennis,Doubles,Bronze
2838,David Wright,M,23,JAM,Jamaica,North America,1932,Los Angeles,USA,Summer,Football,Football,Silver
2839,David Garcia,M,37,ZIM,Zimbabwe,Africa,1912,Stockholm,Sweden,Summer,Tennis,Mixed Doubles,Silver
2840,Maria Davis,F,17,ITA,Italy,Europe,2020,Tokyo,Japan,Summer,Volleyball,Beach Volleyball,Gold
2841,Ahmed Green,M,21,JAM,Jamaica,North America,1988,Calgary,Canada,Winter,Freestyle Skiing,Freestyle Skiing Team,Silver
2842,Mei Adams,F,24,IRN,Iran,Asia,2012,London,Great Britain,Summer,Judo,70kg,Silver
2843,Yuki Brown,M,30,JPN,Japan,Asia,2016,Rio de Janeiro,Brazil,Summer,Table Tennis,Team,Gold
2844,Sarah Hill,F,24,ZIM,Zimbabwe,Africa,1980,Lake Placid,USA,Winter,Curling,Curling Mass Start,Bronze
2845,James Lopez,M,34,AUS,Australia,Oceania,1936,Garmisch,Germany,Winter,Skeleton,Skeleton Giant Slalom,Silver
2846,Emma Brown,F,25,AUS,Australia,Oceania,1994,Lillehammer,Norway,Winter,Cross-Country Skiing,Cross-Country Skiing Sprint,Silver
2847,Chiara Moore,F,35,HUN,Hungary,Europe,1988,Calgary,Canada,Winter,Nordic Combined,Nordic Combined Giant Slalom,Gold
2848,Lucia Garcia,F,32,KEN,Kenya,Africa,2016,Rio de Janeiro,Brazil,Summer,Fencing,Epee Individual,Silver
2849,Ivan Allen,M,34,ITA,Italy,Europe,1904,St. Louis,USA,Summer,Table Tennis,Singles,Silver
2850,Robert Anderson,M,21,KOR,South Korea,Asia,1952,Helsinki,Finland,Summer,Football,Football,Gold
2851,Wei Rodriguez,M,16,AZE,Azerbaijan,Europe,2010,Vancouver,Canada,Winter,Nordic Combined,Nordic Combined Slalom,Gold
2852,Alexei Scott,M,16,RUS,Russia,Europe,1936,Berlin,Germany,Summer,Rowing,Single Sculls,Silver
2853,Jessica Wilson,F,23,NZL,New Zealand,Oceania,1948,London,Great Britain,Summer,Judo,70kg,Bronze
2854,Mark Wilson,M,19,ROM,Romania,Europe,1896,Athens,Greece,Summer,Athletics,Discus Throw,Silver
2855,Mohammed Taylor,M,28,SVK,Slovakia,Europe,2018,PyeongChang,South Korea,Winter,Skiing,Skiing Individual,Gold
2856,Jessica Green,F,39,HUN,Hungary,Europe,1924,Chamonix,France,Winter,Freestyle Skiing,Freestyle Skiing Slalom,Bronze
2857,Michael Green,M,28,KAZ,Kazakhstan,Asia,2008,Beijing,China,Summer,Tennis,Mixed Doubles,Bronze
2858,Fatima Walker,F,31,AUS,Australia,Oceania,1960,Rome,Italy,Summer,Judo,52kg,Gold
2859,Yuna Martin,F,37,SVK,Slovakia,Europe,1904,St. Louis,USA,Summer,Swimming,50m Freestyle,Silver
2860,Ivan Miller,M,19,FIN,Finland,Europe,1924,Paris,France,Summer,Weightlifting,63kg,Silver
2861,Aisha Taylor,F,26,UZB,Uzbekistan,Asia,1912,Stockholm,Sweden,Summer,Canoe,Canoe Slalom,Bronze
2862,Mark Johnson,M,36,CHN,China,Asia,2018,PyeongChang,South Korea,Winter,Speed Skating,Speed Skating Sprint,Gold
2863,Lucia Smith,F,29,CUB,Cuba,North America,1964,Tokyo,Japan,Summer,Rowing,Eight,Silver
2864,Lucia Hernandez,F,28,ETH,Ethiopia,Africa,1956,Cortina,Italy,Winter,Luge,Luge Mass Start,Gold
2865,Darius Smith,M,24,RUS,Russia,Europe,2006,Turin,Italy,Winter,Skiing,Skiing Team,Gold
2866,Darius Harris,M,20,AUS,Australia,Oceania,2006,Turin,Italy,Winter,Ski Jumping,Ski Jumping Giant Slalom,Bronze
2867,David Williams,M,28,USA,United States,North America,1972,Sapporo,Japan,Winter,Snowboard,Snowboard Mass Start,Bronze
2868,Nina Moore,F,38,NGR,Nigeria,Africa,1960,Squaw Valley,USA,Winter,Curling,Curling Team,Silver
2869,Chris Anderson,M,29,AUT,Austria,Europe,1936,Garmisch,Germany,Winter,Ski Jumping,Ski Jumping Super-G,Gold
2870,Elena Mitchell,F,18,USA,United States,North America,1960,Squaw Valley,USA,Winter,Skeleton,Skeleton Individual,Gold
2871,Rebecca Wilson,F,19,CZE,Czech Republic,Europe,2014,Sochi,Russia,Winter,Curling,Curling Sprint,Bronze
2872,Jessica Smith,F,27,AUT,Austria,Europe,1968,Grenoble,France,Winter,Biathlon,Biathlon Sprint,Silver
2873,Kwame Thomas,M,30,GBR,Great Britain,Europe,2000,Sydney,Australia,Summer,Basketball,Basketball,Gold
2874,Robert Moore,M,17,BEL,Belgium,Europe,1906,Athens,Greece,Summer,Shooting,Trap,Bronze
2875,Robert Thomas,M,16,SUI,Switzerland,Europe,1948,London,Great Britain,Summer,Table Tennis,Singles,Gold
2876,Maria Smith,F,18,GER,Germany,Europe,1924,Chamonix,France,Winter,Snowboard,Snowboard Downhill,Bronze
2877,Lucia Young,F,39,USA,United States,North America,1948,St. Moritz,Switzerland,Winter,Curling,Curling Super-G,Silver
2878,Emma Robinson,F,39,ZIM,Zimbabwe,Africa,1936,Garmisch,Germany,Winter,Cross-Country Skiing,Cross-Country Skiing Mass Start,Bronze
2879,Sarah Davis,F,28,SWE,Sweden,Europe,1932,Los Angeles,USA,Summer,Wrestling,Greco-Roman 77kg,Bronze
2880,Chiara White,F,31,USA,United States,North America,1912,Stockholm,Sweden,Summer,Fencing,Epee Individual,Bronze
2881,Alexei Allen,M,27,BRA,Brazil,South America,1956,Melbourne,Australia,Summer,Badminton,Singles,Gold
2882,Anna Moore,F,40,CAN,Canada,North America,1980,Moscow,Russia,Summer,Football,Football,Silver
2883,Ingeborg Walker,F,29,USA,United States,North America,2000,Sydney,Australia,Summer,Boxing,75kg,Silver
2884,Lauren Hernandez,F,18,JPN,Japan,Asia,2004,Athens,Greece,Summer,Basketball,Basketball,Silver
2885,Lauren Martinez,F,41,ARG,Argentina,South America,2024,Paris,France,Summer,Archery,Team Compound,Silver
2886,Michael Williams,M,27,USA,United States,North America,1976,Montreal,Canada,Summer,Gymnastics,Rhythmic Gymnastics,Silver
2887,Maria Moore,F,25,ARG,Argentina,South America,1920,Antwerp,Belgium,Summer,Table Tennis,Team,Gold
2888,Claire Allen,F,17,NOR,Norway,Europe,1956,Cortina,Italy,Winter,Cross-Country Skiing,Cross-Country Skiing Mass Start,Bronze
2889,Carlos Young,M,18,ITA,Italy,Europe,2012,London,Great Britain,Summer,Basketball,Basketball,Silver
2890,Jessica Thomas,F,24,CAN,Canada,North America,1992,Albertville,France,Winter,Nordic Combined,Nordic Combined Super-G,Gold
2891,John Davis,M,40,POR,Portugal,Europe,1968,Mexico City,Mexico,Summer,Shooting,50m Rifle Prone,Bronze
2892,David King,M,32,HUN,Hungary,Europe,2006,Turin,Italy,Winter,Snowboard,Snowboard Slalom,Gold
2893,Sven Nelson,M,26,ZIM,Zimbabwe,Africa,1896,Athens,Greece,Summer,Football,Football,Silver
2894,Ivan Garcia,M,32,NED,Netherlands,Europe,1980,Lake Placid,USA,Winter,Cross-Country Skiing,Cross-Country Skiing Giant Slalom,Bronze
2895,Fatima Smith,F,28,CHN,China,Asia,2018,PyeongChang,South Korea,Winter,Luge,Luge Giant Slalom,Silver
2896,Wei Robinson,M,21,NED,Netherlands,Europe,2024,Paris,France,Summer,Weightlifting,62kg,Gold
2897,John Hall,M,16,NED,Netherlands,Europe,2000,Sydney,Australia,Summer,Shooting,10m Air Pistol,Gold
2898,David Davis,M,31,USA,United States,North America,1956,Melbourne,Australia,Summer,Canoe,Canoe Slalom,Bronze
2899,Thomas Brown,M,22,RUS,Russia,Europe,2008,Beijing,China,Summer,Table Tennis,Team,Bronze
2900,Robert Garcia,M,18,CZE,Czech Republic,Europe,1932,Lake Placid,USA,Winter,Biathlon,Biathlon Slalom,Gold
2901,John Lopez,M,23,IND,India,Asia,1896,Athens,Greece,Summer,Rowing,Four,Bronze
2902,Isabella Davis,F,17,CZE,Czech Republic,Europe,1920,Antwerp,Belgium,Summer,Taekwondo,73kg,Bronze
2903,Ivan Thompson,M,39,POL,Poland,Europe,2012,London,Great Britain,Summer,Basketball,Basketball,Gold
2904,Sarah Wilson,F,27,SUI,Switzerland,Europe,1992,Barcelona,Spain,Summer,Judo,+78kg,Gold
2905,Elena Wilson,F,32,SWE,Sweden,Europe,1936,Berlin,Germany,Summer,Tennis,Doubles,Gold
2906,Chiara Johnson,F,32,MEX,Mexico,North America,1976,Innsbruck,Austria,Winter,Ice Hockey,Ice Hockey Giant Slalom,Silver
2907,Steven King,M,38,TUR,Turkey,Asia,1924,Chamonix,France,Winter,Ski Jumping,Ski Jumping Slalom,Gold
2908,Kwame Wright,M,40,CHN,China,Asia,1968,Grenoble,France,Winter,Biathlon,Biathlon Downhill,Gold
2909,Isabella Wilson,F,31,BRA,Brazil,South America,1924,Chamonix,France,Winter,Figure Skating,Figure Skating Downhill,Bronze
2910,Ahmed Adams,M,30,SWE,Sweden,Europe,1932,Lake Placid,USA,Winter,Skeleton,Skeleton Super-G,Gold
2911,Olga King,F,41,AZE,Azerbaijan,Europe,1896,Athens,Greece,Summer,Boxing,64kg,Bronze
2912,Isabella Moore,F,22,COL,Colombia,South America,1904,St. Louis,USA,Summer,Athletics,5000m,Gold
2913,Emma Walker,F,34,ITA,Italy,Europe,1968,Mexico City,Mexico,Summer,Boxing,56kg,Bronze
2914,Katarina Wright,F,28,SUI,Switzerland,Europe,2000,Sydney,Australia,Summer,Basketball,3x3 Basketball,Gold
2915,Lucia Mitchell,F,18,AZE,Azerbaijan,Europe,1964,Innsbruck,Austria,Winter,Ski Jumping,Ski Jumping Slalom,Bronze
2916,Carlos Brown,M,18,UZB,Uzbekistan,Asia,1924,Paris,France,Summer,Cycling,Omnium,Bronze
2917,Sarah Wright,F,18,KOR,South Korea,Asia,1924,Paris,France,Summer,Football,Football,Gold
2918,Elena Martinez,F,41,GBR,Great Britain,Europe,1936,Berlin,Germany,Summer,Rowing,Eight,Gold
2919,Alexei Martinez,M,25,SWE,Sweden,Europe,2004,Athens,Greece,Summer,Weightlifting,53kg,Bronze
2920,Chiara Young,F,19,USA,United States,North America,1908,London,Great Britain,Summer,Cycling,Road Race,Bronze
2921,Emma Taylor,F,23,USA,United States,North America,2018,PyeongChang,South Korea,Winter,Ski Jumping,Ski Jumping Team,Gold
2922,Claire Hall,F,38,ESP,Spain,Europe,1964,Tokyo,Japan,Summer,Gymnastics,All-Around,Bronze
2923,Claire Adams,F,23,COL,Colombia,South America,2016,Rio de Janeiro,Brazil,Summer,Cycling,Keirin,Gold
2924,Lucia Thompson,F,31,USA,United States,North America,1912,Stockholm,Sweden,Summer,Athletics,3000m Steeplechase,Gold
2925,Yuna Adams,F,31,ITA,Italy,Europe,1980,Moscow,Russia,Summer,Table Tennis,Team,Silver
2926,Hans Rodriguez,M,30,JPN,Japan,Asia,1956,Cortina,Italy,Winter,Nordic Combined,Nordic Combined Team,Gold
2927,Anna Rodriguez,F,32,ROM,Romania,Europe,1924,Chamonix,France,Winter,Figure Skating,Figure Skating Super-G,Silver
2928,Sven Carter,M,40,AUT,Austria,Europe,1948,St. Moritz,Switzerland,Winter,Ice Hockey,Ice Hockey Downhill,Silver
2929,Chris Young,M,25,CHN,China,Asia,1928,St. Moritz,Switzerland,Winter,Figure Skating,Figure Skating Downhill,Bronze
2930,Maria Williams,F,30,DEN,Denmark,Europe,2022,Beijing,China,Winter,Bobsled,Bobsled Mass Start,Silver
2931,Emma Hill,F,22,CHN,China,Asia,1908,London,Great Britain,Summer,Tennis,Singles,Silver
2932,Svetlana Harris,F,33,BRA,Brazil,South America,1924,Paris,France,Summer,Volleyball,Beach Volleyball,Silver
2933,Michael Thomas,M,32,USA,United States,North America,2000,Sydney,Australia,Summer,Swimming,100m Backstroke,Silver
2934,Sofia Thomas,F,38,ZIM,Zimbabwe,Africa,1952,Oslo,Norway,Winter,Cross-Country Skiing,Cross-Country Skiing Team,Silver
2935,Aisha Hall,F,37,CUB,Cuba,North America,1906,Athens,Greece,Summer,Boxing,+91kg,Gold
2936,Sofia Allen,F,17,MEX,Mexico,North America,1972,Sapporo,Japan,Winter,Ice Hockey,Ice Hockey Giant Slalom,Silver
2937,Kim Taylor,F,37,FIN,Finland,Europe,1948,St. Moritz,Switzerland,Winter,Ice Hockey,Ice Hockey Individual,Silver
2938,Lucia Moore,F,31,NOR,Norway,Europe,1908,London,Great Britain,Summer,Rowing,Eight,Silver
2939,Aisha Wright,F,39,MEX,Mexico,North America,1992,Albertville,France,Winter,Ice Hockey,Ice Hockey Pursuit,Bronze
2940,Katarina Harris,F,34,BRA,Brazil,South America,1906,Athens,Greece,Summer,Football,Football,Gold
2941,Olga Smith,F,16,CUB,Cuba,North America,1906,Athens,Greece,Summer,Fencing,Sabre Individual,Bronze
2942,Ahmed Miller,M,34,IND,India,Asia,1984,Los Angeles,USA,Summer,Canoe,Canoe Sprint,Silver
2943,Sarah Clark,F,40,DEN,Denmark,Europe,1992,Albertville,France,Winter,Cross-Country Skiing,Cross-Country Skiing Slalom,Gold
2944,Chiara Wright,F,17,BEL,Belgium,Europe,2002,Salt Lake City,USA,Winter,Freestyle Skiing,Freestyle Skiing Super-G,Bronze
2945,Fatima Anderson,F,27,KAZ,Kazakhstan,Asia,1992,Albertville,France,Winter,Skeleton,Skeleton Slalom,Silver
2946,Ivan Thompson,M,41,CHN,China,Asia,2024,Paris,France,Summer,Gymnastics,Uneven Bars,Gold
2947,Marco White,M,30,USA,United States,North America,2024,Paris,France,Summer,Boxing,81kg,Gold
2948,Anna Jones,F,19,KOR,South Korea,Asia,1906,Athens,Greece,Summer,Boxing,56kg,Silver
2949,John Young,M,31,DEN,Denmark,Europe,2022,Beijing,China,Winter,Bobsled,Bobsled Slalom,Gold
2950,Claire Garcia,F,19,IRN,Iran,Asia,1906,Athens,Greece,Summer,Judo,73kg,Bronze
2951,Mohammed Johnson,M,29,KOR,South Korea,Asia,1968,Mexico City,Mexico,Summer,Taekwondo,+73kg,Gold
2952,Rebecca Johnson,F,34,CUB,Cuba,North America,1992,Barcelona,Spain,Summer,Boxing,56kg,Gold
2953,Alexei Smith,M,29,UKR,Ukraine,Europe,1952,Helsinki,Finland,Summer,Boxing,75kg,Gold
2954,Peter Hernandez,M,28,NOR,Norway,Europe,1972,Sapporo,Japan,Winter,Skeleton,Skeleton Individual,Gold
2955,Pierre Thomas,M,29,USA,United States,North America,1960,Rome,Italy,Summer,Athletics,200m,Silver
2956,Jessica Garcia,F,21,ITA,Italy,Europe,1952,Helsinki,Finland,Summer,Basketball,Basketball,Silver
2957,James Hall,M,34,USA,United States,North America,1972,Munich,Germany,Summer,Cycling,BMX Freestyle,Silver
2958,Ingeborg Carter,F,19,POL,Poland,Europe,1948,St. Moritz,Switzerland,Winter,Skiing,Skiing Sprint,Gold
2959,Elena Lopez,F,38,JPN,Japan,Asia,2010,Vancouver,Canada,Winter,Snowboard,Snowboard Pursuit,Gold
2960,Steven Lewis,M,28,CAN,Canada,North America,1984,Sarajevo,Yugoslavia,Winter,Cross-Country Skiing,Cross-Country Skiing Team,Bronze
2961,Ahmed Allen,M,20,DEN,Denmark,Europe,1906,Athens,Greece,Summer,Judo,78kg,Silver
2962,Darius Robinson,M,33,SUI,Switzerland,Europe,1968,Mexico City,Mexico,Summer,Fencing,Epee Individual,Silver
2963,Sofia Johnson,F,16,ESP,Spain,Europe,1936,Berlin,Germany,Summer,Taekwondo,73kg,Bronze
2964,Marco Lopez,M,29,ZIM,Zimbabwe,Africa,2024,Paris,France,Summer,Archery,Team Compound,Silver
2965,Michael Davis,M,33,CAN,Canada,North America,2012,London,Great Britain,Summer,Football,Football,Bronze
2966,Thomas Jones,M,21,TUR,Turkey,Asia,2022,Beijing,China,Winter,Cross-Country Skiing,Cross-Country Skiing Sprint,Silver
2967,Mark Green,M,24,CUB,Cuba,North America,2014,Sochi,Russia,Winter,Cross-Country Skiing,Cross-Country Skiing Mass Start,Bronze
2968,Peter Thomas,M,23,KOR,South Korea,Asia,1904,St. Louis,USA,Summer,Taekwondo,80kg,Gold
2969,Wei Rodriguez,M,20,GER,Germany,Europe,1928,St. Moritz,Switzerland,Winter,Figure Skating,Figure Skating Super-G,Silver
2970,Nina Williams,F,25,SWE,Sweden,Europe,2024,Paris,France,Summer,Swimming,400m Freestyle,Gold
2971,Peter Martin,M,35,UZB,Uzbekistan,Asia,2024,Paris,France,Summer,Basketball,3x3 Basketball,Gold
2972,Ahmed Moore,M,34,NZL,New Zealand,Oceania,1928,St. Moritz,Switzerland,Winter,Speed Skating,Speed Skating Pursuit,Gold
2973,David Garcia,M,19,POL,Poland,Europe,2018,PyeongChang,South Korea,Winter,Curling,Curling Individual,Silver
2974,Lauren Carter,F,26,UKR,Ukraine,Europe,1912,Stockholm,Sweden,Summer,Boxing,+91kg,Bronze
2975,Yuki Jackson,M,31,KOR,South Korea,Asia,1924,Chamonix,France,Winter,Skiing,Skiing Team,Gold
2976,Elena Jones,F,24,SVK,Slovakia,Europe,1976,Innsbruck,Austria,Winter,Skeleton,Skeleton Mass Start,Gold
2977,Peter Hernandez,M,34,POR,Portugal,Europe,1964,Innsbruck,Austria,Winter,Ice Hockey,Ice Hockey Mass Start,Silver
2978,Yuki Hernandez,M,21,SVK,Slovakia,Europe,1994,Lillehammer,Norway,Winter,Ski Jumping,Ski Jumping Team,Gold
2979,Chiara Hall,F,23,IND,India,Asia,2004,Athens,Greece,Summer,Cycling,Time Trial,Gold
2980,Ivan Hall,M,37,JAM,Jamaica,North America,1972,Munich,Germany,Summer,Shooting,Double Trap,Silver
2981,Ahmed Wilson,M,35,UZB,Uzbekistan,Asia,1964,Innsbruck,Austria,Winter,Biathlon,Biathlon Sprint,Silver
2982,Mohammed Anderson,M,34,CHN,China,Asia,2018,PyeongChang,South Korea,Winter,Ski Jumping,Ski Jumping Pursuit,Bronze
2983,James Jackson,M,24,JAM,Jamaica,North America,2010,Vancouver,Canada,Winter,Curling,Curling Mass Start,Gold
2984,Wei Johnson,M,26,POL,Poland,Europe,2006,Turin,Italy,Winter,Biathlon,Biathlon Team,Silver
2985,Darius Davis,M,34,JPN,Japan,Asia,1920,Antwerp,Belgium,Summer,Shooting,50m Rifle 3 Positions,Silver
2986,Maria Thompson,F,36,NGR,Nigeria,Africa,1948,London,Great Britain,Summer,Swimming,4x100m Medley Relay,Silver
2987,Maria Miller,F,20,UZB,Uzbekistan,Asia,1992,Albertville,France,Winter,Ice Hockey,Ice Hockey Super-G,Bronze
2988,Rebecca Wilson,F,38,AUT,Austria,Europe,1984,Sarajevo,Yugoslavia,Winter,Figure Skating,Figure Skating Mass Start,Bronze
2989,Lucia Lopez,F,17,IND,India,Asia,1932,Los Angeles,USA,Summer,Athletics,400m Hurdles,Bronze
2990,Thomas Nelson,M,40,NOR,Norway,Europe,1964,Innsbruck,Austria,Winter,Cross-Country Skiing,Cross-Country Skiing Pursuit,Bronze
2991,Emma Anderson,F,35,FRA,France,Europe,1988,Seoul,South Korea,Summer,Football,Football,Silver
2992,Aisha Rodriguez,F,17,DEN,Denmark,Europe,1976,Montreal,Canada,Summer,Archery,Individual Compound,Bronze
2993,Alexei Anderson,M,39,MEX,Mexico,North America,1980,Lake Placid,USA,Winter,Ski Jumping,Ski Jumping Super-G,Silver
2994,Elena Smith,F,41,JPN,Japan,Asia,2004,Athens,Greece,Summer,Football,Football,Bronze
2995,Mohammed Anderson,M,37,IND,India,Asia,1980,Lake Placid,USA,Winter,Speed Skating,Speed Skating Downhill,Silver
2996,Mohammed Hall,M,41,ESP,Spain,Europe,1956,Melbourne,Australia,Summer,Rowing,Eight,Gold
2997,Thomas Lewis,M,33,USA,United States,North America,1988,Seoul,South Korea,Summer,Boxing,56kg,Bronze
2998,Rebecca Allen,F,21,ZIM,Zimbabwe,Africa,2016,Rio de Janeiro,Brazil,Summer,Basketball,Basketball,Gold
2999,Thomas Anderson,M,18,POR,Portugal,Europe,1992,Barcelona,Spain,Summer,Shooting,25m Pistol,Gold
3000,Michael Carter,M,41,NED,Netherlands,Europe,1952,Helsinki,Finland,Summer,Gymnastics,Parallel Bars,Bronze
3001,Maria Allen,F,17,CAN,Canada,North America,1998,Nagano,Japan,Winter,Luge,Luge Downhill,Silver
3002,Kim Thomas,F,29,RUS,Russia,Europe,1896,Athens,Greece,Summer,Shooting,25m Rapid Fire Pistol,Gold
3003,Lars Harris,M,16,POR,Portugal,Europe,1976,Innsbruck,Austria,Winter,Cross-Country Skiing,Cross-Country Skiing Mass Start,Bronze
3004,Kim Green,F,40,CUB,Cuba,North America,1908,London,Great Britain,Summer,Swimming,200m Freestyle,Bronze
3005,Steven Walker,M,34,RUS,Russia,Europe,1932,Los Angeles,USA,Summer,Wrestling,Freestyle 74kg,Gold
3006,Hans Williams,M,30,MEX,Mexico,North America,2004,Athens,Greece,Summer,Swimming,400m Individual Medley,Silver
3007,Mei Young,F,17,ITA,Italy,Europe,1968,Mexico City,Mexico,Summer,Shooting,Trap,Gold
3008,Sarah Baker,F,16,KAZ,Kazakhstan,Asia,1968,Mexico City,Mexico,Summer,Judo,81kg,Silver
3009,Lisa Hernandez,F,29,HUN,Hungary,Europe,1936,Garmisch,Germany,Winter,Skeleton,Skeleton Sprint,Silver
3010,Ahmed Wilson,M,41,NOR,Norway,Europe,2000,Sydney,Australia,Summer,Wrestling,Freestyle 86kg,Gold
3011,Chris Moore,M,29,ETH,Ethiopia,Africa,1998,Nagano,Japan,Winter,Ski Jumping,Ski Jumping Mass Start,Gold
3012,Anna Jackson,F,25,POL,Poland,Europe,2006,Turin,Italy,Winter,Biathlon,Biathlon Downhill,Silver
3013,Olga Wright,F,32,COL,Colombia,South America,1932,Los Angeles,USA,Summer,Tennis,Doubles,Silver
3014,Claire Thomas,F,35,NOR,Norway,Europe,2012,London,Great Britain,Summer,Swimming,400m Individual Medley,Bronze
3015,Nina Davis,F,26,GER,Germany,Europe,1904,St. Louis,USA,Summer,Shooting,Trap,Bronze
3016,Lauren Baker,F,35,AUS,Australia,Oceania,1988,Seoul,South Korea,Summer,Tennis,Singles,Gold
3017,Yuna Hernandez,F,33,RUS,Russia,Europe,1932,Los Angeles,USA,Summer,Judo,70kg,Silver
3018,Mark Lewis,M,23,NGR,Nigeria,Africa,1952,Helsinki,Finland,Summer,Shooting,10m Air Pistol,Silver
3019,Fatima Hernandez,F,34,ARG,Argentina,South America,2014,Sochi,Russia,Winter,Bobsled,Bobsled Pursuit,Bronze
3020,Yuna Walker,F,39,USA,United States,North America,2012,London,Great Britain,Summer,Athletics,5000m,Gold
3021,Kim Scott,F,21,KEN,Kenya,Africa,1968,Grenoble,France,Winter,Curling,Curling Individual,Silver
3022,Kwame Rodriguez,M,16,POR,Portugal,Europe,2008,Beijing,China,Summer,Shooting,10m Air Pistol,Gold
3023,Chiara Garcia,F,31,AUT,Austria,Europe,1980,Lake Placid,USA,Winter,Cross-Country Skiing,Cross-Country Skiing Super-G,Gold
3024,Jessica Carter,F,40,CUB,Cuba,North America,1912,Stockholm,Sweden,Summer,Basketball,3x3 Basketball,Gold
3025,Alexei Jones,M,31,SVK,Slovakia,Europe,2022,Beijing,China,Winter,Ski Jumping,Ski Jumping Individual,Silver
3026,Svetlana Allen,F,36,ZIM,Zimbabwe,Africa,2002,Salt Lake City,USA,Winter,Luge,Luge Individual,Bronze
3027,Kim King,F,24,MEX,Mexico,North America,1920,Antwerp,Belgium,Summer,Judo,81kg,Gold
3028,Olga Allen,F,36,IRN,Iran,Asia,1968,Mexico City,Mexico,Summer,Basketball,Basketball,Silver
3029,Yuna Hall,F,40,JPN,Japan,Asia,1968,Grenoble,France,Winter,Cross-Country Skiing,Cross-Country Skiing Slalom,Bronze
3030,Lisa Scott,F,38,ESP,Spain,Europe,2018,PyeongChang,South Korea,Winter,Ski Jumping,Ski Jumping Team,Silver
3031,Hans Anderson,M,30,RUS,Russia,Europe,2020,Tokyo,Japan,Summer,Table Tennis,Singles,Bronze
3032,Emma King,F,26,MEX,Mexico,North America,2022,Beijing,China,Winter,Biathlon,Biathlon Individual,Bronze
3033,Steven Lee,M,25,RSA,South Africa,Africa,2022,Beijing,China,Winter,Cross-Country Skiing,Cross-Country Skiing Giant Slalom,Silver
3034,Lars Martin,M,23,UKR,Ukraine,Europe,2012,London,Great Britain,Summer,Football,Football,Silver
3035,Hans Hernandez,M,28,NOR,Norway,Europe,1952,Helsinki,Finland,Summer,Football,Football,Bronze
3036,Marco Thomas,M,21,ITA,Italy,Europe,1936,Berlin,Germany,Summer,Athletics,Pole Vault,Silver
3037,Lisa Mitchell,F,40,ROM,Romania,Europe,1968,Grenoble,France,Winter,Cross-Country Skiing,Cross-Country Skiing Slalom,Gold
3038,Kim Hill,F,26,ARG,Argentina,South America,2014,Sochi,Russia,Winter,Curling,Curling Slalom,Silver
3039,Kim Baker,F,40,RSA,South Africa,Africa,2002,Salt Lake City,USA,Winter,Snowboard,Snowboard Individual,Silver
3040,Sarah Clark,F,28,UZB,Uzbekistan,Asia,1936,Berlin,Germany,Summer,Judo,63kg,Bronze
3041,Maria Moore,F,34,COL,Colombia,South America,1956,Cortina,Italy,Winter,Cross-Country Skiing,Cross-Country Skiing Individual,Gold
3042,Ingeborg Jones,F,40,BRA,Brazil,South America,2004,Athens,Greece,Summer,Tennis,Singles,Bronze
3043,Elena Brown,F,22,BEL,Belgium,Europe,1968,Mexico City,Mexico,Summer,Tennis,Singles,Gold
3044,Peter Nelson,M,31,AZE,Azerbaijan,Europe,1968,Mexico City,Mexico,Summer,Boxing,+91kg,Bronze
3045,John Adams,M,31,AZE,Azerbaijan,Europe,1932,Los Angeles,USA,Summer,Table Tennis,Singles,Gold
3046,Robert King,M,30,NOR,Norway,Europe,1968,Grenoble,France,Winter,Nordic Combined,Nordic Combined Super-G,Bronze
3047,Ingrid Nelson,F,21,ZIM,Zimbabwe,Africa,1896,Athens,Greece,Summer,Archery,Team Compound,Silver
3048,Sven Martin,M,18,KAZ,Kazakhstan,Asia,1928,St. Moritz,Switzerland,Winter,Skiing,Skiing Pursuit,Silver
3049,Isabella Baker,F,27,ITA,Italy,Europe,1956,Melbourne,Australia,Summer,Canoe,Canoe Sprint,Bronze
3050,Kwame Rodriguez,M,18,RSA,South Africa,Africa,1968,Grenoble,France,Winter,Skeleton,Skeleton Individual,Bronze
3051,Aisha Anderson,F,35,ESP,Spain,Europe,1972,Sapporo,Japan,Winter,Figure Skating,Figure Skating Individual,Silver
3052,James Taylor,M,41,KEN,Kenya,Africa,1936,Garmisch,Germany,Winter,Curling,Curling Giant Slalom,Bronze
3053,Hans Hill,M,29,SUI,Switzerland,Europe,2002,Salt Lake City,USA,Winter,Cross-Country Skiing,Cross-Country Skiing Team,Gold
3054,Yuna Wilson,F,37,POR,Portugal,Europe,1964,Innsbruck,Austria,Winter,Freestyle Skiing,Freestyle Skiing Downhill,Silver
3055,Fatima Nelson,F,36,FRA,France,Europe,1998,Nagano,Japan,Winter,Curling,Curling Individual,Bronze
3056,Pierre Williams,M,22,UKR,Ukraine,Europe,2000,Sydney,Australia,Summer,Wrestling,Greco-Roman 130kg,Gold
3057,Sofia Brown,F,17,BEL,Belgium,Europe,1976,Innsbruck,Austria,Winter,Skiing,Skiing Sprint,Gold
3058,Thomas Hall,M,30,MEX,Mexico,North America,1900,Paris,France,Summer,Table Tennis,Singles,Gold
3059,Diego Martinez,M,36,CZE,Czech Republic,Europe,1984,Los Angeles,USA,Summer,Boxing,+91kg,Silver
3060,David Scott,M,30,CHN,China,Asia,2022,Beijing,China,Winter,Curling,Curling Super-G,Bronze
3061,Fatima Miller,F,36,NED,Netherlands,Europe,2000,Sydney,Australia,Summer,Taekwondo,57kg,Gold
3062,Kwame Walker,M,39,DEN,Denmark,Europe,1968,Grenoble,France,Winter,Curling,Curling Individual,Gold
3063,Sarah Adams,F,20,NZL,New Zealand,Oceania,1928,St. Moritz,Switzerland,Winter,Ski Jumping,Ski Jumping Slalom,Gold
3064,Diego Thomas,M,36,USA,United States,North America,1984,Los Angeles,USA,Summer,Wrestling,Freestyle 57kg,Silver
3065,Nina Carter,F,22,KEN,Kenya,Africa,1932,Lake Placid,USA,Winter,Freestyle Skiing,Freestyle Skiing Mass Start,Silver
3066,Lisa Thomas,F,16,RUS,Russia,Europe,1996,Atlanta,USA,Summer,Boxing,64kg,Gold
3067,Thomas Lee,M,25,COL,Colombia,South America,2010,Vancouver,Canada,Winter,Nordic Combined,Nordic Combined Mass Start,Gold
3068,Steven King,M,20,SVK,Slovakia,Europe,1968,Grenoble,France,Winter,Snowboard,Snowboard Individual,Silver
3069,Ingeborg Brown,F,28,KEN,Kenya,Africa,1948,London,Great Britain,Summer,Athletics,5000m,Gold
3070,Chris Martin,M,40,USA,United States,North America,1994,Lillehammer,Norway,Winter,Luge,Luge Slalom,Silver
3071,Yuna Young,F,27,GBR,Great Britain,Europe,1956,Cortina,Italy,Winter,Ice Hockey,Ice Hockey Mass Start,Silver
3072,Olga Garcia,F,41,UZB,Uzbekistan,Asia,1980,Lake Placid,USA,Winter,Ski Jumping,Ski Jumping Team,Bronze
3073,Rebecca Taylor,F,32,UZB,Uzbekistan,Asia,1900,Paris,France,Summer,Cycling,Mountain Bike,Gold
3074,Wei Garcia,M,32,NGR,Nigeria,Africa,1960,Squaw Valley,USA,Winter,Cross-Country Skiing,Cross-Country Skiing Slalom,Bronze
3075,Ahmed Williams,M,23,HUN,Hungary,Europe,1968,Mexico City,Mexico,Summer,Football,Football,Silver
3076,Jessica Jones,F,25,GRE,Greece,Europe,1968,Mexico City,Mexico,Summer,Tennis,Mixed Doubles,Gold
3077,Marco Brown,M,20,NGR,Nigeria,Africa,1964,Tokyo,Japan,Summer,Taekwondo,+80kg,Silver
3078,Mohammed Mitchell,M,29,NED,Netherlands,Europe,1932,Los Angeles,USA,Summer,Canoe,Canoe Slalom,Gold
3079,Mohammed Nelson,M,30,NZL,New Zealand,Oceania,1896,Athens,Greece,Summer,Basketball,3x3 Basketball,Silver
3080,Marco Carter,M,34,RSA,South Africa,Africa,1932,Los Angeles,USA,Summer,Rowing,Eight,Bronze
3081,Rebecca Hill,F,28,JAM,Jamaica,North America,1988,Seoul,South Korea,Summer,Cycling,Keirin,Silver
3082,Diego Young,M,27,GRE,Greece,Europe,2006,Turin,Italy,Winter,Skeleton,Skeleton Slalom,Gold
3083,Yuna Davis,F,35,CHN,China,Asia,1956,Melbourne,Australia,Summer,Weightlifting,77kg,Silver
3084,David Hall,M,20,HUN,Hungary,Europe,1932,Lake Placid,USA,Winter,Snowboard,Snowboard Giant Slalom,Gold
3085,Maria Mitchell,F,28,USA,United States,North America,1900,Paris,France,Summer,Athletics,400m,Bronze
3086,Chris Baker,M,17,POR,Portugal,Europe,2010,Vancouver,Canada,Winter,Biathlon,Biathlon Mass Start,Gold
3087,Maria Green,F,26,FRA,France,Europe,1936,Berlin,Germany,Summer,Judo,66kg,Silver
3088,Ingrid Robinson,F,37,DEN,Denmark,Europe,1924,Chamonix,France,Winter,Skiing,Skiing Giant Slalom,Gold
3089,Kwame Taylor,M,26,ETH,Ethiopia,Africa,2010,Vancouver,Canada,Winter,Ski Jumping,Ski Jumping Sprint,Gold
3090,Lucia Carter,F,29,CUB,Cuba,North America,1984,Los Angeles,USA,Summer,Boxing,60kg,Gold
3091,Jessica Green,F,20,GRE,Greece,Europe,1994,Lillehammer,Norway,Winter,Speed Skating,Speed Skating Giant Slalom,Gold
3092,Robert Wright,M,16,NZL,New Zealand,Oceania,1998,Nagano,Japan,Winter,Cross-Country Skiing,Cross-Country Skiing Super-G,Bronze
3093,Anna Scott,F,29,FIN,Finland,Europe,1964,Tokyo,Japan,Summer,Cycling,Road Race,Silver
3094,Claire Martin,F,16,KOR,South Korea,Asia,1988,Calgary,Canada,Winter,Bobsled,Bobsled Slalom,Silver
3095,Steven Jones,M,26,KAZ,Kazakhstan,Asia,1980,Moscow,Russia,Summer,Shooting,10m Air Pistol,Bronze
3096,James Lopez,M,16,NZL,New Zealand,Oceania,1932,Lake Placid,USA,Winter,Skeleton,Skeleton Super-G,Silver
3097,Emma Harris,F,27,GER,Germany,Europe,1980,Moscow,Russia,Summer,Rowing,Quadruple Sculls,Silver
3098,Chiara Nelson,F,35,KOR,South Korea,Asia,1912,Stockholm,Sweden,Summer,Taekwondo,68kg,Bronze
3099,James Jackson,M,30,CHN,China,Asia,2008,Beijing,China,Summer,Gymnastics,Uneven Bars,Silver
3100,Claire Adams,F,30,ZIM,Zimbabwe,Africa,2008,Beijing,China,Summer,Boxing,64kg,Bronze
3101,Marco Green,M,30,DEN,Denmark,Europe,1896,Athens,Greece,Summer,Shooting,Double Trap,Silver
3102,Lars Wright,M,16,JAM,Jamaica,North America,1924,Chamonix,France,Winter,Ski Jumping,Ski Jumping Pursuit,Silver
3103,Alexei Lewis,M,38,IND,India,Asia,1956,Cortina,Italy,Winter,Biathlon,Biathlon Team,Gold
3104,Mohammed Lewis,M,33,COL,Colombia,South America,1976,Innsbruck,Austria,Winter,Nordic Combined,Nordic Combined Pursuit,Gold
3105,Lauren Jones,F,17,HUN,Hungary,Europe,1952,Helsinki,Finland,Summer,Volleyball,Beach Volleyball,Bronze
3106,Chiara Miller,F,33,POL,Poland,Europe,2016,Rio de Janeiro,Brazil,Summer,Volleyball,Volleyball,Bronze
3107,Fatima Mitchell,F,24,JAM,Jamaica,North America,2010,Vancouver,Canada,Winter,Ski Jumping,Ski Jumping Team,Silver
3108,James Lopez,M,28,TUR,Turkey,Asia,2000,Sydney,Australia,Summer,Volleyball,Volleyball,Silver
3109,Chris Clark,M,38,USA,United States,North America,1896,Athens,Greece,Summer,Swimming,200m Breaststroke,Silver
3110,Lars Green,M,35,CHN,China,Asia,1924,Paris,France,Summer,Archery,Individual Compound,Gold
3111,Isabella Anderson,F,28,USA,United States,North America,1932,Los Angeles,USA,Summer,Gymnastics,Balance Beam,Bronze
3112,Fatima Smith,F,37,IRN,Iran,Asia,2008,Beijing,China,Summer,Swimming,200m Backstroke,Bronze
3113,Carlos Anderson,M,28,USA,United States,North America,1972,Sapporo,Japan,Winter,Curling,Curling Giant Slalom,Bronze
3114,Lucia Carter,F,38,RSA,South Africa,Africa,2004,Athens,Greece,Summer,Fencing,Foil Individual,Gold
3115,James Jackson,M,22,BEL,Belgium,Europe,1936,Berlin,Germany,Summer,Cycling,Omnium,Bronze
3116,Diego Young,M,40,ARG,Argentina,South America,1976,Montreal,Canada,Summer,Judo,90kg,Silver
3117,Sven Wilson,M,17,GBR,Great Britain,Europe,1904,St. Louis,USA,Summer,Table Tennis,Team,Bronze
3118,Lisa Miller,F,23,IRN,Iran,Asia,2004,Athens,Greece,Summer,Canoe,Canoe Sprint,Gold
3119,Anna Rodriguez,F,19,RSA,South Africa,Africa,2002,Salt Lake City,USA,Winter,Cross-Country Skiing,Cross-Country Skiing Sprint,Bronze
3120,Thomas Hall,M,26,CZE,Czech Republic,Europe,1952,Helsinki,Finland,Summer,Archery,Individual Compound,Gold
3121,Pierre Anderson,M,25,NZL,New Zealand,Oceania,1932,Los Angeles,USA,Summer,Weightlifting,62kg,Gold
3122,Sarah Wright,F,37,TUR,Turkey,Asia,1900,Paris,France,Summer,Fencing,Epee Individual,Silver
3123,Ingeborg Brown,F,39,ETH,Ethiopia,Africa,1952,Helsinki,Finland,Summer,Volleyball,Beach Volleyball,Bronze
3124,Pierre Jones,M,18,AUT,Austria,Europe,2002,Salt Lake City,USA,Winter,Freestyle Skiing,Freestyle Skiing Sprint,Silver
3125,Yuna Baker,F,39,GRE,Greece,Europe,1964,Innsbruck,Austria,Winter,Nordic Combined,Nordic Combined Team,Silver
3126,Lucia Thomas,F,20,RSA,South Africa,Africa,1968,Grenoble,France,Winter,Ski Jumping,Ski Jumping Slalom,Gold
3127,Sarah Moore,F,23,USA,United States,North America,1956,Cortina,Italy,Winter,Nordic Combined,Nordic Combined Downhill,Bronze
3128,Wei Lopez,M,20,ZIM,Zimbabwe,Africa,1964,Innsbruck,Austria,Winter,Biathlon,Biathlon Giant Slalom,Bronze
3129,Nina Brown,F,17,RSA,South Africa,Africa,1972,Sapporo,Japan,Winter,Skiing,Skiing Pursuit,Silver
3130,James Moore,M,27,USA,United States,North America,1948,London,Great Britain,Summer,Swimming,200m Individual Medley,Bronze
3131,Alexei Nelson,M,35,KEN,Kenya,Africa,1984,Los Angeles,USA,Summer,Gymnastics,Rhythmic Gymnastics,Gold
3132,James Martin,M,21,SVK,Slovakia,Europe,1896,Athens,Greece,Summer,Rowing,Single Sculls,Bronze
3133,Ingeborg Jackson,F,21,IRN,Iran,Asia,1900,Paris,France,Summer,Wrestling,Freestyle 125kg,Silver
3134,Anna Baker,F,23,UZB,Uzbekistan,Asia,2012,London,Great Britain,Summer,Volleyball,Beach Volleyball,Bronze
3135,Maria King,F,17,RUS,Russia,Europe,2020,Tokyo,Japan,Summer,Boxing,75kg,Silver
3136,Fatima Nelson,F,24,COL,Colombia,South America,2020,Tokyo,Japan,Summer,Badminton,Doubles,Gold
3137,Claire Rodriguez,F,38,CZE,Czech Republic,Europe,1904,St. Louis,USA,Summer,Fencing,Sabre Individual,Gold
3138,Alexei Wilson,M,36,CZE,Czech Republic,Europe,1980,Lake Placid,USA,Winter,Biathlon,Biathlon Team,Bronze
3139,Kim Martinez,F,32,POL,Poland,Europe,1988,Seoul,South Korea,Summer,Canoe,Canoe Slalom,Silver
3140,Kwame Lee,M,21,NZL,New Zealand,Oceania,2012,London,Great Britain,Summer,Fencing,Foil Team,Gold
3141,Lars Allen,M,26,NGR,Nigeria,Africa,1924,Paris,France,Summer,Badminton,Mixed Doubles,Silver
3142,Claire Green,F,20,FRA,France,Europe,1896,Athens,Greece,Summer,Cycling,Mountain Bike,Silver
3143,Maria Allen,F,36,ETH,Ethiopia,Africa,1900,Paris,France,Summer,Tennis,Singles,Silver
3144,Olga Smith,F,32,KAZ,Kazakhstan,Asia,1900,Paris,France,Summer,Wrestling,Freestyle 86kg,Gold
3145,Katarina Miller,F,23,GER,Germany,Europe,1964,Tokyo,Japan,Summer,Rowing,Single Sculls,Silver
3146,Emma Lee,F,34,POL,Poland,Europe,1980,Moscow,Russia,Summer,Weightlifting,94kg,Gold
3147,Mohammed Clark,M,23,GER,Germany,Europe,1932,Los Angeles,USA,Summer,Shooting,50m Rifle Prone,Silver
3148,Chiara Lee,F,24,RUS,Russia,Europe,1972,Sapporo,Japan,Winter,Snowboard,Snowboard Mass Start,Gold
3149,Marco King,M,26,SUI,Switzerland,Europe,1920,Antwerp,Belgium,Summer,Fencing,Sabre Team,Gold
3150,Chiara Robinson,F,29,POR,Portugal,Europe,1988,Calgary,Canada,Winter,Nordic Combined,Nordic Combined Team,Bronze
3151,Steven Jackson,M,33,RSA,South Africa,Africa,1968,Mexico City,Mexico,Summer,Taekwondo,80kg,Silver
3152,Rebecca Johnson,F,28,BRA,Brazil,South America,2006,Turin,Italy,Winter,Snowboard,Snowboard Slalom,Silver
3153,Lars Wright,M,39,NED,Netherlands,Europe,2002,Salt Lake City,USA,Winter,Skeleton,Skeleton Individual,Silver
3154,Sarah Davis,F,23,IRN,Iran,Asia,2018,PyeongChang,South Korea,Winter,Nordic Combined,Nordic Combined Team,Bronze
3155,Kim Jackson,F,23,DEN,Denmark,Europe,1932,Los Angeles,USA,Summer,Boxing,49kg,Gold
3156,Mohammed Hall,M,22,NOR,Norway,Europe,2004,Athens,Greece,Summer,Canoe,Canoe Slalom,Silver
3157,Steven Anderson,M,26,CZE,Czech Republic,Europe,1948,St. Moritz,Switzerland,Winter,Skiing,Skiing Sprint,Silver
3158,Thomas Hernandez,M,24,GRE,Greece,Europe,2018,PyeongChang,South Korea,Winter,Skeleton,Skeleton Downhill,Silver
3159,Maria Williams,F,36,SWE,Sweden,Europe,1948,London,Great Britain,Summer,Canoe,Canoe Sprint,Gold
3160,Ahmed Mitchell,M,18,BRA,Brazil,South America,1948,London,Great Britain,Summer,Boxing,49kg,Gold
3161,Maria White,F,25,MEX,Mexico,North America,1936,Garmisch,Germany,Winter,Ski Jumping,Ski Jumping Sprint,Silver
3162,Sven Wright,M,41,KOR,South Korea,Asia,1980,Moscow,Russia,Summer,Gymnastics,Uneven Bars,Silver
3163,Nina Moore,F,38,UKR,Ukraine,Europe,2020,Tokyo,Japan,Summer,Fencing,Foil Individual,Silver
3164,Alexei Harris,M,22,DEN,Denmark,Europe,1906,Athens,Greece,Summer,Tennis,Doubles,Gold
3165,Sven Taylor,M,22,ETH,Ethiopia,Africa,1900,Paris,France,Summer,Athletics,4x400m Relay,Gold
3166,Hans Hernandez,M,20,AUT,Austria,Europe,2014,Sochi,Russia,Winter,Ski Jumping,Ski Jumping Downhill,Silver
3167,Aisha Williams,F,39,GER,Germany,Europe,1976,Montreal,Canada,Summer,Rowing,Pair,Silver
3168,Alexei Lee,M,22,FIN,Finland,Europe,1968,Mexico City,Mexico,Summer,Judo,70kg,Gold
3169,Lauren Hill,F,21,UKR,Ukraine,Europe,1948,London,Great Britain,Summer,Basketball,Basketball,Silver
3170,Hans Robinson,M,36,AUS,Australia,Oceania,1924,Chamonix,France,Winter,Freestyle Skiing,Freestyle Skiing Mass Start,Bronze
3171,Isabella Lee,F,31,IRN,Iran,Asia,1906,Athens,Greece,Summer,Wrestling,Greco-Roman 77kg,Bronze
3172,Mohammed Johnson,M,27,BEL,Belgium,Europe,1928,St. Moritz,Switzerland,Winter,Luge,Luge Slalom,Silver
3173,Yuki Jackson,M,38,GBR,Great Britain,Europe,2022,Beijing,China,Winter,Ice Hockey,Ice Hockey Individual,Bronze
3174,Lisa Martinez,F,39,BRA,Brazil,South America,2000,Sydney,Australia,Summer,Volleyball,Beach Volleyball,Bronze
3175,Jessica White,F,36,TUR,Turkey,Asia,1972,Sapporo,Japan,Winter,Speed Skating,Speed Skating Super-G,Gold
3176,Lisa Thompson,F,35,ROM,Romania,Europe,1984,Los Angeles,USA,Summer,Rowing,Lightweight Four,Bronze
3177,Sarah Martinez,F,26,GBR,Great Britain,Europe,2006,Turin,Italy,Winter,Curling,Curling Downhill,Bronze
3178,Kim Moore,F,25,BEL,Belgium,Europe,2004,Athens,Greece,Summer,Rowing,Quadruple Sculls,Gold
3179,John Anderson,M,20,RSA,South Africa,Africa,2010,Vancouver,Canada,Winter,Figure Skating,Figure Skating Mass Start,Bronze
3180,Kwame Martinez,M,26,GER,Germany,Europe,1988,Seoul,South Korea,Summer,Taekwondo,+73kg,Bronze
3181,Robert Thomas,M,38,CHN,China,Asia,1960,Rome,Italy,Summer,Cycling,Team Sprint,Bronze
3182,Ivan Robinson,M,34,JPN,Japan,Asia,1972,Sapporo,Japan,Winter,Luge,Luge Sprint,Silver
3183,Aisha Hill,F,18,UKR,Ukraine,Europe,1956,Melbourne,Australia,Summer,Boxing,56kg,Bronze
3184,Nina Green,F,17,POR,Portugal,Europe,1928,Amsterdam,Netherlands,Summer,Wrestling,Freestyle 86kg,Silver
3185,Peter Thompson,M,39,RSA,South Africa,Africa,1908,London,Great Britain,Summer,Basketball,Basketball,Bronze
3186,Jessica Carter,F,39,ZIM,Zimbabwe,Africa,1998,Nagano,Japan,Winter,Bobsled,Bobsled Downhill,Bronze
3187,Lucia Hernandez,F,32,AZE,Azerbaijan,Europe,1952,Helsinki,Finland,Summer,Basketball,Basketball,Bronze
3188,Kwame Hernandez,M,16,USA,United States,North America,1952,Helsinki,Finland,Summer,Taekwondo,67kg,Gold
3189,David Allen,M,34,RUS,Russia,Europe,1932,Lake Placid,USA,Winter,Luge,Luge Team,Gold
3190,Carlos Lewis,M,29,USA,United States,North America,1964,Innsbruck,Austria,Winter,Luge,Luge Sprint,Silver
3191,Nina Lopez,F,24,ARG,Argentina,South America,2008,Beijing,China,Summer,Tennis,Mixed Doubles,Bronze
3192,Olga Davis,F,31,JAM,Jamaica,North America,1984,Los Angeles,USA,Summer,Basketball,3x3 Basketball,Gold
3193,James Walker,M,16,KEN,Kenya,Africa,1948,St. Moritz,Switzerland,Winter,Skeleton,Skeleton Downhill,Bronze
3194,Sven Brown,M,25,BEL,Belgium,Europe,1972,Sapporo,Japan,Winter,Bobsled,Bobsled Giant Slalom,Silver
3195,Anna Taylor,F,26,POL,Poland,Europe,1908,London,Great Britain,Summer,Football,Football,Gold
3196,Ivan Nelson,M,40,BRA,Brazil,South America,1948,St. Moritz,Switzerland,Winter,Cross-Country Skiing,Cross-Country Skiing Mass Start,Bronze
3197,Ivan Allen,M,22,KOR,South Korea,Asia,1976,Innsbruck,Austria,Winter,Speed Skating,Speed Skating Individual,Bronze
3198,Chiara Jones,F,17,JAM,Jamaica,North America,1972,Munich,Germany,Summer,Athletics,Discus Throw,Silver
3199,Chris Garcia,M,35,HUN,Hungary,Europe,1900,Paris,France,Summer,Cycling,Mountain Bike,Gold
3200,Lars Rodriguez,M,17,RUS,Russia,Europe,1936,Berlin,Germany,Summer,Table Tennis,Team,Bronze
3201,Lisa White,F,39,CHN,China,Asia,1906,Athens,Greece,Summer,Archery,Team Recurve,Silver
3202,Hans Carter,M,35,DEN,Denmark,Europe,2000,Sydney,Australia,Summer,Taekwondo,49kg,Silver
3203,Mark Wilson,M,33,KOR,South Korea,Asia,2024,Paris,France,Summer,Taekwondo,73kg,Gold
3204,Carlos Williams,M,25,MEX,Mexico,North America,1964,Tokyo,Japan,Summer,Basketball,3x3 Basketball,Silver
3205,Aisha Johnson,F,25,UZB,Uzbekistan,Asia,1936,Berlin,Germany,Summer,Volleyball,Beach Volleyball,Bronze
3206,Sarah Rodriguez,F,37,ROM,Romania,Europe,1956,Cortina,Italy,Winter,Skeleton,Skeleton Pursuit,Bronze
3207,Ahmed Johnson,M,37,GBR,Great Britain,Europe,2022,Beijing,China,Winter,Freestyle Skiing,Freestyle Skiing Giant Slalom,Gold
3208,James Harris,M,36,KEN,Kenya,Africa,2006,Turin,Italy,Winter,Snowboard,Snowboard Mass Start,Gold
3209,Sarah King,F,35,UKR,Ukraine,Europe,1960,Squaw Valley,USA,Winter,Curling,Curling Sprint,Gold
3210,Sofia Wright,F,37,JPN,Japan,Asia,2024,Paris,France,Summer,Judo,73kg,Silver
3211,Katarina Robinson,F,19,ESP,Spain,Europe,1984,Sarajevo,Yugoslavia,Winter,Luge,Luge Slalom,Gold
3212,Michael Hill,M,22,AZE,Azerbaijan,Europe,1980,Lake Placid,USA,Winter,Luge,Luge Mass Start,Bronze
3213,Aisha Garcia,F,38,IRN,Iran,Asia,2012,London,Great Britain,Summer,Wrestling,Greco-Roman 97kg,Gold
3214,Ahmed Smith,M,21,CUB,Cuba,North America,1988,Calgary,Canada,Winter,Luge,Luge Sprint,Bronze
3215,Sofia Allen,F,21,RSA,South Africa,Africa,1998,Nagano,Japan,Winter,Bobsled,Bobsled Giant Slalom,Silver
3216,Ingeborg Johnson,F,22,FRA,France,Europe,1952,Oslo,Norway,Winter,Curling,Curling Pursuit,Silver
3217,Robert Scott,M,27,KAZ,Kazakhstan,Asia,1968,Mexico City,Mexico,Summer,Boxing,+91kg,Gold
3218,Wei Rodriguez,M,28,ETH,Ethiopia,Africa,1976,Montreal,Canada,Summer,Archery,Team Recurve,Bronze
3219,David King,M,23,BEL,Belgium,Europe,1956,Melbourne,Australia,Summer,Football,Football,Bronze
3220,Aisha Nelson,F,35,ITA,Italy,Europe,1928,Amsterdam,Netherlands,Summer,Cycling,BMX Racing,Gold
3221,Lars Young,M,17,ROM,Romania,Europe,1928,Amsterdam,Netherlands,Summer,Boxing,60kg,Silver
3222,Katarina Adams,F,17,AUT,Austria,Europe,2020,Tokyo,Japan,Summer,Shooting,Skeet,Silver
3223,Fatima Jones,F,38,SVK,Slovakia,Europe,2018,PyeongChang,South Korea,Winter,Skeleton,Skeleton Slalom,Bronze
3224,Kim Nelson,F,26,NGR,Nigeria,Africa,2016,Rio de Janeiro,Brazil,Summer,Tennis,Doubles,Bronze
3225,Ivan Jones,M,30,FIN,Finland,Europe,1908,London,Great Britain,Summer,Archery,Individual Recurve,Silver
3226,Aisha Carter,F,27,RUS,Russia,Europe,1992,Barcelona,Spain,Summer,Gymnastics,Horizontal Bar,Bronze
3227,Mark Adams,M,32,NZL,New Zealand,Oceania,1996,Atlanta,USA,Summer,Basketball,Basketball,Bronze
3228,Michael Wright,M,20,MEX,Mexico,North America,1972,Sapporo,Japan,Winter,Luge,Luge Pursuit,Silver
3229,John Carter,M,21,AZE,Azerbaijan,Europe,1912,Stockholm,Sweden,Summer,Wrestling,Freestyle 86kg,Gold
3230,Mohammed Green,M,20,AUS,Australia,Oceania,1996,Atlanta,USA,Summer,Fencing,Sabre Team,Bronze
3231,Michael Lopez,M,41,ARG,Argentina,South America,1998,Nagano,Japan,Winter,Luge,Luge Team,Gold
3232,Mohammed Moore,M,30,ITA,Italy,Europe,1968,Mexico City,Mexico,Summer,Basketball,Basketball,Gold
3233,Alexei Carter,M,28,SVK,Slovakia,Europe,1976,Innsbruck,Austria,Winter,Ski Jumping,Ski Jumping Sprint,Gold
3234,Claire Carter,F,37,COL,Colombia,South America,1936,Garmisch,Germany,Winter,Speed Skating,Speed Skating Giant Slalom,Silver
3235,Nina King,F,31,GBR,Great Britain,Europe,1904,St. Louis,USA,Summer,Cycling,Omnium,Bronze
3236,Wei Hernandez,M,26,SWE,Sweden,Europe,1994,Lillehammer,Norway,Winter,Luge,Luge Giant Slalom,Gold
3237,Thomas White,M,40,CUB,Cuba,North America,2018,PyeongChang,South Korea,Winter,Skeleton,Skeleton Slalom,Gold
3238,Diego Clark,M,37,AUT,Austria,Europe,1956,Cortina,Italy,Winter,Bobsled,Bobsled Super-G,Silver
3239,Hans Mitchell,M,32,JPN,Japan,Asia,2002,Salt Lake City,USA,Winter,Skiing,Skiing Super-G,Bronze
3240,Fatima Thompson,F,38,MEX,Mexico,North America,2002,Salt Lake City,USA,Winter,Nordic Combined,Nordic Combined Pursuit,Gold
3241,Robert Robinson,M,25,FRA,France,Europe,1956,Melbourne,Australia,Summer,Volleyball,Volleyball,Silver
3242,Kim Hall,F,17,CHN,China,Asia,1906,Athens,Greece,Summer,Weightlifting,75kg,Bronze
3243,Rebecca Carter,F,40,AUT,Austria,Europe,1972,Sapporo,Japan,Winter,Biathlon,Biathlon Super-G,Gold
3244,Emma Taylor,F,33,FIN,Finland,Europe,2010,Vancouver,Canada,Winter,Skiing,Skiing Slalom,Gold
3245,Aisha Martinez,F,29,KEN,Kenya,Africa,1996,Atlanta,USA,Summer,Judo,78kg,Silver
3246,Ahmed Young,M,40,CHN,China,Asia,1968,Grenoble,France,Winter,Skeleton,Skeleton Mass Start,Silver
3247,Kim Lopez,F,31,JPN,Japan,Asia,2020,Tokyo,Japan,Summer,Athletics,400m,Bronze
3248,Sofia Anderson,F,27,POL,Poland,Europe,2000,Sydney,Australia,Summer,Rowing,Double Sculls,Bronze
3249,Anna Hill,F,23,COL,Colombia,South America,2006,Turin,Italy,Winter,Freestyle Skiing,Freestyle Skiing Sprint,Silver
3250,Alexei Lee,M,26,JPN,Japan,Asia,1988,Seoul,South Korea,Summer,Rowing,Single Sculls,Bronze
3251,Chris Miller,M,21,RUS,Russia,Europe,2000,Sydney,Australia,Summer,Judo,63kg,Silver
3252,Chiara Thompson,F,36,CZE,Czech Republic,Europe,2024,Paris,France,Summer,Volleyball,Volleyball,Bronze
3253,Claire Martinez,F,22,CHN,China,Asia,1948,London,Great Britain,Summer,Taekwondo,67kg,Silver
3254,Chiara Wilson,F,21,BRA,Brazil,South America,2024,Paris,France,Summer,Badminton,Mixed Doubles,Silver
3255,Lisa Lopez,F,36,IRN,Iran,Asia,2010,Vancouver,Canada,Winter,Freestyle Skiing,Freestyle Skiing Super-G,Silver
3256,Michael Rodriguez,M,30,DEN,Denmark,Europe,2010,Vancouver,Canada,Winter,Snowboard,Snowboard Team,Gold
3257,Mohammed Adams,M,28,ARG,Argentina,South America,1928,St. Moritz,Switzerland,Winter,Ice Hockey,Ice Hockey Team,Gold
3258,Diego Robinson,M,41,FRA,France,Europe,1998,Nagano,Japan,Winter,Cross-Country Skiing,Cross-Country Skiing Mass Start,Silver
3259,Mohammed Thompson,M,38,UZB,Uzbekistan,Asia,2000,Sydney,Australia,Summer,Badminton,Doubles,Bronze
3260,David Nelson,M,39,ETH,Ethiopia,Africa,1936,Berlin,Germany,Summer,Badminton,Doubles,Bronze
3261,Diego Smith,M,22,ETH,Ethiopia,Africa,1924,Chamonix,France,Winter,Curling,Curling Downhill,Gold
3262,Elena Wilson,F,38,ROM,Romania,Europe,1972,Munich,Germany,Summer,Volleyball,Volleyball,Bronze
3263,Lauren Walker,F,19,FIN,Finland,Europe,1932,Lake Placid,USA,Winter,Luge,Luge Downhill,Silver
3264,Marco Hall,M,26,USA,United States,North America,1968,Grenoble,France,Winter,Luge,Luge Team,Gold
3265,Sven Harris,M,20,UKR,Ukraine,Europe,1952,Helsinki,Finland,Summer,Boxing,49kg,Silver
3266,Marco Hernandez,M,22,GBR,Great Britain,Europe,1994,Lillehammer,Norway,Winter,Snowboard,Snowboard Giant Slalom,Silver
3267,Chiara Smith,F,35,NGR,Nigeria,Africa,1988,Seoul,South Korea,Summer,Cycling,Mountain Bike,Gold
3268,David Robinson,M,26,GRE,Greece,Europe,1976,Innsbruck,Austria,Winter,Cross-Country Skiing,Cross-Country Skiing Slalom,Silver
3269,Lauren Anderson,F,16,KEN,Kenya,Africa,2020,Tokyo,Japan,Summer,Basketball,Basketball,Gold
3270,Olga Young,F,28,SUI,Switzerland,Europe,1948,London,Great Britain,Summer,Volleyball,Volleyball,Silver
3271,Yuki Martin,M,33,RUS,Russia,Europe,1924,Chamonix,France,Winter,Cross-Country Skiing,Cross-Country Skiing Downhill,Silver
3272,Svetlana Walker,F,39,IRN,Iran,Asia,2012,London,Great Britain,Summer,Wrestling,Greco-Roman 60kg,Bronze
3273,Thomas Lopez,M,36,SVK,Slovakia,Europe,1996,Atlanta,USA,Summer,Fencing,Sabre Individual,Bronze
3274,Emma Smith,F,35,AUS,Australia,Oceania,1972,Sapporo,Japan,Winter,Luge,Luge Mass Start,Gold
3275,Carlos Rodriguez,M,39,USA,United States,North America,2024,Paris,France,Summer,Archery,Individual Compound,Gold
3276,Ingrid Wright,F,33,ETH,Ethiopia,Africa,2008,Beijing,China,Summer,Rowing,Four,Gold
3277,Hans Martin,M,25,ROM,Romania,Europe,1932,Los Angeles,USA,Summer,Archery,Team Recurve,Gold
3278,Chiara Miller,F,39,KEN,Kenya,Africa,1908,London,Great Britain,Summer,Shooting,25m Rapid Fire Pistol,Silver
3279,Wei Miller,M,20,SVK,Slovakia,Europe,2002,Salt Lake City,USA,Winter,Skeleton,Skeleton Mass Start,Gold
3280,Nina White,F,34,MEX,Mexico,North America,1948,St. Moritz,Switzerland,Winter,Nordic Combined,Nordic Combined Slalom,Gold
3281,Carlos Martinez,M,34,ETH,Ethiopia,Africa,1924,Chamonix,France,Winter,Cross-Country Skiing,Cross-Country Skiing Individual,Gold
3282,Peter Brown,M,32,DEN,Denmark,Europe,1972,Sapporo,Japan,Winter,Skeleton,Skeleton Downhill,Bronze
3283,Lars Green,M,39,RUS,Russia,Europe,1984,Los Angeles,USA,Summer,Volleyball,Volleyball,Silver
3284,Mark Harris,M,18,USA,United States,North America,1948,London,Great Britain,Summer,Gymnastics,Parallel Bars,Silver
3285,Michael Lopez,M,41,CAN,Canada,North America,1976,Innsbruck,Austria,Winter,Curling,Curling Downhill,Bronze
3286,Sven Hall,M,35,FRA,France,Europe,1908,London,Great Britain,Summer,Archery,Team Compound,Bronze
3287,Diego King,M,26,ZIM,Zimbabwe,Africa,1984,Los Angeles,USA,Summer,Fencing,Foil Team,Gold
3288,Ahmed Nelson,M,20,POR,Portugal,Europe,1968,Grenoble,France,Winter,Freestyle Skiing,Freestyle Skiing Giant Slalom,Bronze
3289,Ingeborg Jackson,F,21,ESP,Spain,Europe,1932,Lake Placid,USA,Winter,Figure Skating,Figure Skating Team,Gold
3290,Svetlana Rodriguez,F,26,USA,United States,North America,1968,Mexico City,Mexico,Summer,Swimming,100m Freestyle,Bronze
3291,Anna Davis,F,39,CAN,Canada,North America,1900,Paris,France,Summer,Fencing,Epee Individual,Silver
3292,Carlos Jones,M,19,IND,India,Asia,2016,Rio de Janeiro,Brazil,Summer,Wrestling,Freestyle 57kg,Silver
3293,Ahmed Martin,M,28,CHN,China,Asia,1956,Cortina,Italy,Winter,Nordic Combined,Nordic Combined Sprint,Gold
3294,Mark Williams,M,20,JPN,Japan,Asia,2024,Paris,France,Summer,Table Tennis,Singles,Gold
3295,Wei Walker,M,17,NED,Netherlands,Europe,1956,Cortina,Italy,Winter,Figure Skating,Figure Skating Sprint,Gold
3296,John White,M,18,COL,Colombia,South America,1998,Nagano,Japan,Winter,Skiing,Skiing Team,Silver
3297,Steven Thomas,M,22,SWE,Sweden,Europe,1984,Sarajevo,Yugoslavia,Winter,Speed Skating,Speed Skating Pursuit,Silver
3298,Steven Carter,M,21,ITA,Italy,Europe,1932,Los Angeles,USA,Summer,Table Tennis,Team,Silver
3299,Chris Thomas,M,22,UKR,Ukraine,Europe,1960,Rome,Italy,Summer,Football,Football,Bronze
3300,Sarah Thomas,F,29,GRE,Greece,Europe,1968,Mexico City,Mexico,Summer,Judo,78kg,Silver
3301,Thomas Brown,M,24,DEN,Denmark,Europe,1992,Barcelona,Spain,Summer,Table Tennis,Team,Bronze
3302,Sofia Wright,F,40,CUB,Cuba,North America,2018,PyeongChang,South Korea,Winter,Snowboard,Snowboard Super-G,Bronze
3303,Lauren Wright,F,21,COL,Colombia,South America,2020,Tokyo,Japan,Summer,Cycling,Team Sprint,Gold
3304,Yuki Lee,M,28,UKR,Ukraine,Europe,1960,Squaw Valley,USA,Winter,Luge,Luge Team,Silver
3305,Ingrid Anderson,F,40,KEN,Kenya,Africa,1988,Calgary,Canada,Winter,Cross-Country Skiing,Cross-Country Skiing Team,Silver
3306,Claire Davis,F,29,RUS,Russia,Europe,2016,Rio de Janeiro,Brazil,Summer,Cycling,BMX Freestyle,Silver
3307,Mohammed Lee,M,28,SWE,Sweden,Europe,1976,Innsbruck,Austria,Winter,Ski Jumping,Ski Jumping Super-G,Gold
3308,Nina Harris,F,39,NZL,New Zealand,Oceania,1952,Oslo,Norway,Winter,Skeleton,Skeleton Mass Start,Silver
3309,Yuna Taylor,F,39,JPN,Japan,Asia,1936,Berlin,Germany,Summer,Archery,Team Compound,Silver
3310,John Rodriguez,M,25,NGR,Nigeria,Africa,1932,Lake Placid,USA,Winter,Nordic Combined,Nordic Combined Downhill,Silver
3311,Chiara Adams,F,22,UZB,Uzbekistan,Asia,1912,Stockholm,Sweden,Summer,Boxing,81kg,Gold
3312,Rebecca Rodriguez,F,29,COL,Colombia,South America,1956,Cortina,Italy,Winter,Speed Skating,Speed Skating Pursuit,Bronze
3313,John Hall,M,29,COL,Colombia,South America,2010,Vancouver,Canada,Winter,Luge,Luge Pursuit,Bronze
3314,Svetlana Martin,F,34,ROM,Romania,Europe,1984,Sarajevo,Yugoslavia,Winter,Ice Hockey,Ice Hockey Mass Start,Bronze
3315,John Lewis,M,29,COL,Colombia,South America,1992,Albertville,France,Winter,Ski Jumping,Ski Jumping Giant Slalom,Gold
3316,Aisha Jackson,F,41,FRA,France,Europe,2002,Salt Lake City,USA,Winter,Curling,Curling Team,Bronze
3317,David Walker,M,31,CHN,China,Asia,1976,Montreal,Canada,Summer,Gymnastics,Floor Exercise,Gold
3318,Alexei Mitchell,M,24,USA,United States,North America,1976,Innsbruck,Austria,Winter,Nordic Combined,Nordic Combined Sprint,Silver
3319,David Walker,M,33,KAZ,Kazakhstan,Asia,2020,Tokyo,Japan,Summer,Badminton,Mixed Doubles,Bronze
3320,Kim Nelson,F,41,ETH,Ethiopia,Africa,1952,Helsinki,Finland,Summer,Taekwondo,80kg,Silver
3321,Fatima Taylor,F,36,NED,Netherlands,Europe,2016,Rio de Janeiro,Brazil,Summer,Tennis,Doubles,Bronze
3322,Ingrid White,F,40,ETH,Ethiopia,Africa,1992,Barcelona,Spain,Summer,Boxing,75kg,Gold
3323,Kim Hall,F,16,JPN,Japan,Asia,1992,Albertville,France,Winter,Biathlon,Biathlon Slalom,Bronze
3324,Darius Allen,M,21,COL,Colombia,South America,1948,St. Moritz,Switzerland,Winter,Curling,Curling Team,Bronze
3325,Lauren Allen,F,18,ROM,Romania,Europe,1964,Innsbruck,Austria,Winter,Nordic Combined,Nordic Combined Mass Start,Silver
3326,Carlos Harris,M,22,AZE,Azerbaijan,Europe,2002,Salt Lake City,USA,Winter,Skiing,Skiing Downhill,Bronze
3327,Diego Baker,M,27,FRA,France,Europe,1924,Paris,France,Summer,Swimming,400m Freestyle,Gold
3328,Jessica Williams,F,39,ROM,Romania,Europe,1924,Paris,France,Summer,Basketball,Basketball,Gold
3329,Mei Allen,F,22,KEN,Kenya,Africa,1932,Lake Placid,USA,Winter,Figure Skating,Figure Skating Pursuit,Silver
3330,James Baker,M,25,IRN,Iran,Asia,2000,Sydney,Australia,Summer,Rowing,Four,Bronze
3331,Ahmed Lopez,M,18,AUS,Australia,Oceania,2018,PyeongChang,South Korea,Winter,Nordic Combined,Nordic Combined Mass Start,Bronze
3332,Yuki Johnson,M,19,IRN,Iran,Asia,1936,Berlin,Germany,Summer,Swimming,200m Freestyle,Silver
3333,Elena Williams,F,36,RUS,Russia,Europe,1992,Barcelona,Spain,Summer,Taekwondo,58kg,Gold
3334,Alexei Williams,M,28,BEL,Belgium,Europe,1984,Los Angeles,USA,Summer,Archery,Team Compound,Bronze
3335,Anna Jackson,F,20,CUB,Cuba,North America,1908,London,Great Britain,Summer,Canoe,Canoe Sprint,Silver
3336,Emma White,F,20,ZIM,Zimbabwe,Africa,1980,Lake Placid,USA,Winter,Nordic Combined,Nordic Combined Super-G,Silver
3337,Katarina Davis,F,34,RUS,Russia,Europe,1932,Lake Placid,USA,Winter,Biathlon,Biathlon Downhill,Silver
3338,Lisa Clark,F,17,NOR,Norway,Europe,2022,Beijing,China,Winter,Snowboard,Snowboard Team,Silver
3339,Sven Robinson,M,34,JPN,Japan,Asia,1920,Antwerp,Belgium,Summer,Gymnastics,Team,Gold
3340,Ivan Adams,M,21,COL,Colombia,South America,1924,Chamonix,France,Winter,Speed Skating,Speed Skating Slalom,Bronze
3341,Claire Clark,F,36,RUS,Russia,Europe,1912,Stockholm,Sweden,Summer,Judo,66kg,Gold
3342,Ingrid Martinez,F,31,CHN,China,Asia,1980,Moscow,Russia,Summer,Gymnastics,Uneven Bars,Silver
3343,Darius Lopez,M,17,CUB,Cuba,North America,1932,Lake Placid,USA,Winter,Snowboard,Snowboard Team,Silver
3344,Yuna Taylor,F,21,ITA,Italy,Europe,1994,Lillehammer,Norway,Winter,Biathlon,Biathlon Downhill,Gold
3345,Carlos White,M,18,GER,Germany,Europe,1960,Squaw Valley,USA,Winter,Speed Skating,Speed Skating Individual,Silver
3346,Robert Allen,M,28,COL,Colombia,South America,1906,Athens,Greece,Summer,Football,Football,Bronze
3347,Thomas Lopez,M,26,UKR,Ukraine,Europe,1948,St. Moritz,Switzerland,Winter,Cross-Country Skiing,Cross-Country Skiing Super-G,Bronze
3348,Lisa King,F,39,CHN,China,Asia,1956,Melbourne,Australia,Summer,Gymnastics,Floor Exercise,Bronze
3349,Ingrid Carter,F,29,MEX,Mexico,North America,1984,Sarajevo,Yugoslavia,Winter,Snowboard,Snowboard Mass Start,Silver
3350,John Nelson,M,27,RUS,Russia,Europe,1980,Lake Placid,USA,Winter,Snowboard,Snowboard Pursuit,Bronze
3351,Ingrid White,F,37,FIN,Finland,Europe,2004,Athens,Greece,Summer,Fencing,Foil Team,Silver
3352,Darius Miller,M,30,KOR,South Korea,Asia,1964,Tokyo,Japan,Summer,Table Tennis,Team,Silver
3353,Olga Smith,F,28,JPN,Japan,Asia,1928,Amsterdam,Netherlands,Summer,Basketball,3x3 Basketball,Silver
3354,James Miller,M,37,IND,India,Asia,1964,Innsbruck,Austria,Winter,Cross-Country Skiing,Cross-Country Skiing Individual,Silver
3355,Ivan Allen,M,28,SWE,Sweden,Europe,2024,Paris,France,Summer,Shooting,10m Air Pistol,Gold
3356,Michael Allen,M,16,FIN,Finland,Europe,1948,St. Moritz,Switzerland,Winter,Skiing,Skiing Giant Slalom,Silver
3357,Isabella Davis,F,41,AZE,Azerbaijan,Europe,1984,Sarajevo,Yugoslavia,Winter,Snowboard,Snowboard Individual,Silver
3358,Elena Jackson,F,29,USA,United States,North America,1924,Chamonix,France,Winter,Curling,Curling Sprint,Bronze
3359,Steven Taylor,M,20,IRN,Iran,Asia,2008,Beijing,China,Summer,Weightlifting,62kg,Bronze
3360,Mark Wright,M,33,ETH,Ethiopia,Africa,1928,Amsterdam,Netherlands,Summer,Boxing,56kg,Silver
3361,Sarah Garcia,F,17,POL,Poland,Europe,1928,Amsterdam,Netherlands,Summer,Table Tennis,Singles,Gold
3362,Wei Davis,M,23,FIN,Finland,Europe,1904,St. Louis,USA,Summer,Archery,Individual Compound,Bronze
3363,Carlos Jackson,M,40,COL,Colombia,South America,1924,Paris,France,Summer,Cycling,Omnium,Silver
3364,Ahmed Martinez,M,16,CAN,Canada,North America,2014,Sochi,Russia,Winter,Skeleton,Skeleton Sprint,Gold
3365,Diego King,M,35,CZE,Czech Republic,Europe,1996,Atlanta,USA,Summer,Volleyball,Beach Volleyball,Bronze
3366,Chris Davis,M,16,CHN,China,Asia,1948,London,Great Britain,Summer,Athletics,1500m,Bronze
3367,Lauren Rodriguez,F,18,CUB,Cuba,North America,1952,Oslo,Norway,Winter,Cross-Country Skiing,Cross-Country Skiing Super-G,Gold
3368,Mei Adams,F,25,POR,Portugal,Europe,2016,Rio de Janeiro,Brazil,Summer,Table Tennis,Singles,Silver
3369,James Thomas,M,33,AUT,Austria,Europe,2018,PyeongChang,South Korea,Winter,Skeleton,Skeleton Mass Start,Gold
3370,Yuki Harris,M,16,GRE,Greece,Europe,1998,Nagano,Japan,Winter,Curling,Curling Giant Slalom,Silver
3371,Alexei Nelson,M,30,AZE,Azerbaijan,Europe,1980,Moscow,Russia,Summer,Archery,Individual Recurve,Gold
3372,Yuna Hall,F,24,IRN,Iran,Asia,2000,Sydney,Australia,Summer,Wrestling,Freestyle 65kg,Bronze
3373,Mei Lee,F,27,UKR,Ukraine,Europe,1988,Calgary,Canada,Winter,Skiing,Skiing Super-G,Bronze
3374,Jessica Johnson,F,21,IRN,Iran,Asia,1988,Calgary,Canada,Winter,Speed Skating,Speed Skating Individual,Silver
3375,Maria Scott,F,27,UZB,Uzbekistan,Asia,1992,Albertville,France,Winter,Luge,Luge Individual,Bronze
3376,Chiara Brown,F,18,USA,United States,North America,2018,PyeongChang,South Korea,Winter,Curling,Curling Downhill,Silver
3377,Diego Garcia,M,30,CUB,Cuba,North America,1960,Rome,Italy,Summer,Football,Football,Silver
3378,Sofia Allen,F,20,NZL,New Zealand,Oceania,1972,Sapporo,Japan,Winter,Skiing,Skiing Team,Gold
3379,Rebecca Brown,F,34,GER,Germany,Europe,1936,Garmisch,Germany,Winter,Luge,Luge Giant Slalom,Gold
3380,Mei Hall,F,22,ARG,Argentina,South America,1960,Squaw Valley,USA,Winter,Figure Skating,Figure Skating Individual,Bronze
3381,Sofia Lopez,F,25,ETH,Ethiopia,Africa,1994,Lillehammer,Norway,Winter,Ice Hockey,Ice Hockey Downhill,Gold
3382,Elena Martin,F,37,IRN,Iran,Asia,1956,Cortina,Italy,Winter,Ski Jumping,Ski Jumping Individual,Bronze
3383,Sarah Williams,F,32,NOR,Norway,Europe,1928,Amsterdam,Netherlands,Summer,Shooting,25m Pistol,Silver
3384,Chiara Rodriguez,F,19,JPN,Japan,Asia,1912,Stockholm,Sweden,Summer,Tennis,Mixed Doubles,Silver
3385,Sofia Martinez,F,26,JAM,Jamaica,North America,1948,London,Great Britain,Summer,Basketball,Basketball,Bronze
3386,Elena Garcia,F,16,NGR,Nigeria,Africa,1900,Paris,France,Summer,Basketball,Basketball,Gold
3387,Sven Taylor,M,23,CUB,Cuba,North America,1964,Tokyo,Japan,Summer,Tennis,Singles,Bronze
3388,Elena Harris,F,27,TUR,Turkey,Asia,2016,Rio de Janeiro,Brazil,Summer,Fencing,Sabre Team,Gold
3389,Emma Garcia,F,23,JPN,Japan,Asia,1956,Cortina,Italy,Winter,Freestyle Skiing,Freestyle Skiing Giant Slalom,Gold
3390,Kwame Carter,M,38,NZL,New Zealand,Oceania,2022,Beijing,China,Winter,Ice Hockey,Ice Hockey Downhill,Gold
3391,Lauren Moore,F,21,NGR,Nigeria,Africa,1972,Sapporo,Japan,Winter,Ice Hockey,Ice Hockey Team,Gold
3392,Wei Martin,M,19,IRN,Iran,Asia,1900,Paris,France,Summer,Judo,66kg,Bronze
3393,Michael Hall,M,31,TUR,Turkey,Asia,1932,Los Angeles,USA,Summer,Basketball,3x3 Basketball,Gold
3394,Steven Nelson,M,19,GBR,Great Britain,Europe,1924,Chamonix,France,Winter,Cross-Country Skiing,Cross-Country Skiing Super-G,Gold
3395,Elena Taylor,F,16,IRN,Iran,Asia,1980,Lake Placid,USA,Winter,Skiing,Skiing Mass Start,Gold
3396,Steven White,M,36,FRA,France,Europe,1968,Grenoble,France,Winter,Biathlon,Biathlon Individual,Silver
3397,Lauren Brown,F,18,TUR,Turkey,Asia,1994,Lillehammer,Norway,Winter,Figure Skating,Figure Skating Slalom,Gold
3398,Anna Walker,F,29,POR,Portugal,Europe,1906,Athens,Greece,Summer,Athletics,5000m,Gold
3399,Mei Jones,F,38,KAZ,Kazakhstan,Asia,1932,Los Angeles,USA,Summer,Fencing,Foil Team,Bronze
3400,Chiara Hernandez,F,16,TUR,Turkey,Asia,2010,Vancouver,Canada,Winter,Bobsled,Bobsled Super-G,Bronze
3401,Diego Lewis,M,25,SWE,Sweden,Europe,1994,Lillehammer,Norway,Winter,Ski Jumping,Ski Jumping Sprint,Bronze
3402,Darius King,M,28,SWE,Sweden,Europe,2018,PyeongChang,South Korea,Winter,Figure Skating,Figure Skating Sprint,Silver
3403,Claire Hernandez,F,28,ETH,Ethiopia,Africa,2016,Rio de Janeiro,Brazil,Summer,Archery,Individual Recurve,Bronze
3404,Marco Wilson,M,41,FIN,Finland,Europe,1952,Oslo,Norway,Winter,Cross-Country Skiing,Cross-Country Skiing Pursuit,Bronze
3405,Sven Hernandez,M,18,HUN,Hungary,Europe,1952,Oslo,Norway,Winter,Ski Jumping,Ski Jumping Super-G,Silver
3406,Thomas Wright,M,27,UKR,Ukraine,Europe,1972,Munich,Germany,Summer,Football,Football,Bronze
3407,Mohammed Anderson,M,41,JPN,Japan,Asia,2012,London,Great Britain,Summer,Football,Football,Bronze
3408,Sven Jones,M,29,CZE,Czech Republic,Europe,1912,Stockholm,Sweden,Summer,Fencing,Foil Team,Bronze
3409,Sven Wilson,M,18,JPN,Japan,Asia,1994,Lillehammer,Norway,Winter,Skiing,Skiing Sprint,Silver
3410,Ingrid Wright,F,16,AZE,Azerbaijan,Europe,1976,Innsbruck,Austria,Winter,Freestyle Skiing,Freestyle Skiing Giant Slalom,Bronze
3411,Peter Lopez,M,20,CUB,Cuba,North America,1972,Munich,Germany,Summer,Rowing,Eight,Gold
3412,Darius Scott,M,28,GER,Germany,Europe,1984,Sarajevo,Yugoslavia,Winter,Bobsled,Bobsled Sprint,Bronze
3413,Mei Miller,F,23,ESP,Spain,Europe,1952,Oslo,Norway,Winter,Freestyle Skiing,Freestyle Skiing Giant Slalom,Gold
3414,Sarah Williams,F,22,TUR,Turkey,Asia,1952,Oslo,Norway,Winter,Cross-Country Skiing,Cross-Country Skiing Sprint,Gold
3415,Diego Green,M,34,UKR,Ukraine,Europe,2010,Vancouver,Canada,Winter,Figure Skating,Figure Skating Slalom,Bronze
3416,Mark Young,M,20,GER,Germany,Europe,2004,Athens,Greece,Summer,Wrestling,Freestyle 86kg,Silver
3417,Kim Moore,F,35,RSA,South Africa,Africa,1992,Albertville,France,Winter,Freestyle Skiing,Freestyle Skiing Giant Slalom,Silver
3418,Rebecca Jackson,F,37,FRA,France,Europe,2012,London,Great Britain,Summer,Archery,Individual Compound,Bronze
3419,Peter Scott,M,26,ROM,Romania,Europe,1980,Moscow,Russia,Summer,Football,Football,Gold
3420,Wei Anderson,M,28,COL,Colombia,South America,1904,St. Louis,USA,Summer,Weightlifting,62kg,Bronze
3421,Yuna Lee,F,30,NED,Netherlands,Europe,1972,Munich,Germany,Summer,Basketball,3x3 Basketball,Gold
3422,Olga Harris,F,26,NED,Netherlands,Europe,2018,PyeongChang,South Korea,Winter,Ice Hockey,Ice Hockey Slalom,Gold
3423,Mei Allen,F,35,JAM,Jamaica,North America,1980,Moscow,Russia,Summer,Volleyball,Beach Volleyball,Silver
3424,Elena Garcia,F,21,ETH,Ethiopia,Africa,1984,Los Angeles,USA,Summer,Tennis,Mixed Doubles,Bronze
3425,Ahmed Moore,M,25,ITA,Italy,Europe,1952,Oslo,Norway,Winter,Nordic Combined,Nordic Combined Super-G,Silver
3426,Ingrid Green,F,26,ROM,Romania,Europe,1896,Athens,Greece,Summer,Football,Football,Silver
3427,Maria Hernandez,F,40,RUS,Russia,Europe,2024,Paris,France,Summer,Weightlifting,69kg,Silver
3428,Carlos Smith,M,39,TUR,Turkey,Asia,2006,Turin,Italy,Winter,Skeleton,Skeleton Sprint,Bronze
3429,Lisa Moore,F,20,BRA,Brazil,South America,1972,Sapporo,Japan,Winter,Snowboard,Snowboard Pursuit,Bronze
3430,Elena Taylor,F,16,COL,Colombia,South America,1924,Paris,France,Summer,Judo,+100kg,Gold
3431,Wei Lopez,M,25,CZE,Czech Republic,Europe,1952,Oslo,Norway,Winter,Skeleton,Skeleton Slalom,Bronze
3432,Chris Brown,M,32,ESP,Spain,Europe,1988,Calgary,Canada,Winter,Skeleton,Skeleton Sprint,Silver
3433,Chris Hernandez,M,18,POR,Portugal,Europe,1900,Paris,France,Summer,Rowing,Pair,Bronze
3434,Darius Taylor,M,30,CUB,Cuba,North America,2002,Salt Lake City,USA,Winter,Cross-Country Skiing,Cross-Country Skiing Sprint,Bronze
3435,Ingrid Hernandez,F,31,USA,United States,North America,1906,Athens,Greece,Summer,Taekwondo,+80kg,Gold
3436,David Scott,M,37,AUT,Austria,Europe,1968,Mexico City,Mexico,Summer,Rowing,Lightweight Double Sculls,Silver
3437,David Smith,M,41,GER,Germany,Europe,1932,Lake Placid,USA,Winter,Skiing,Skiing Team,Gold
3438,Ingrid Thompson,F,20,ARG,Argentina,South America,2008,Beijing,China,Summer,Table Tennis,Team,Bronze
3439,Jessica Walker,F,37,DEN,Denmark,Europe,1936,Berlin,Germany,Summer,Rowing,Pair,Gold
3440,Chiara Miller,F,31,UZB,Uzbekistan,Asia,2016,Rio de Janeiro,Brazil,Summer,Table Tennis,Singles,Bronze
3441,Claire Young,F,35,UKR,Ukraine,Europe,1936,Berlin,Germany,Summer,Basketball,Basketball,Bronze
3442,Jessica Brown,F,24,ESP,Spain,Europe,1924,Chamonix,France,Winter,Skiing,Skiing Giant Slalom,Gold
3443,Lisa Baker,F,40,GRE,Greece,Europe,1932,Lake Placid,USA,Winter,Ice Hockey,Ice Hockey Mass Start,Gold
3444,Anna Wright,F,28,HUN,Hungary,Europe,1964,Tokyo,Japan,Summer,Swimming,50m Freestyle,Silver
3445,Ivan Hill,M,22,IRN,Iran,Asia,2016,Rio de Janeiro,Brazil,Summer,Table Tennis,Singles,Bronze
3446,Fatima Martin,F,17,USA,United States,North America,1996,Atlanta,USA,Summer,Swimming,200m Breaststroke,Gold
3447,Katarina White,F,18,ARG,Argentina,South America,1960,Squaw Valley,USA,Winter,Luge,Luge Downhill,Silver
3448,Chris King,M,31,KEN,Kenya,Africa,1932,Lake Placid,USA,Winter,Curling,Curling Team,Silver
3449,Darius Johnson,M,35,HUN,Hungary,Europe,1960,Squaw Valley,USA,Winter,Curling,Curling Individual,Gold
3450,Anna Lopez,F,30,RSA,South Africa,Africa,1968,Mexico City,Mexico,Summer,Table Tennis,Team,Silver
3451,Pierre Davis,M,20,AUS,Australia,Oceania,1988,Seoul,South Korea,Summer,Shooting,10m Air Rifle,Silver
3452,Lars Davis,M,31,POR,Portugal,Europe,1992,Albertville,France,Winter,Curling,Curling Giant Slalom,Silver
3453,Aisha Young,F,41,RSA,South Africa,Africa,1912,Stockholm,Sweden,Summer,Weightlifting,94kg,Gold
3454,Jessica Scott,F,27,RSA,South Africa,Africa,1912,Stockholm,Sweden,Summer,Taekwondo,73kg,Gold
3455,James Clark,M,31,BEL,Belgium,Europe,2000,Sydney,Australia,Summer,Rowing,Quadruple Sculls,Gold
3456,Wei Green,M,24,ESP,Spain,Europe,1960,Rome,Italy,Summer,Archery,Team Recurve,Gold
3457,Maria Green,F,38,JAM,Jamaica,North America,1992,Barcelona,Spain,Summer,Volleyball,Beach Volleyball,Silver
3458,Thomas Walker,M,25,CUB,Cuba,North America,1948,London,Great Britain,Summer,Volleyball,Volleyball,Silver
3459,Rebecca Williams,F,26,UZB,Uzbekistan,Asia,2000,Sydney,Australia,Summer,Wrestling,Freestyle 65kg,Gold
3460,Rebecca Lopez,F,29,KEN,Kenya,Africa,2002,Salt Lake City,USA,Winter,Bobsled,Bobsled Giant Slalom,Bronze
3461,Elena King,F,22,USA,United States,North America,1936,Berlin,Germany,Summer,Athletics,50km Walk,Gold
3462,Carlos Jones,M,24,DEN,Denmark,Europe,1976,Innsbruck,Austria,Winter,Ski Jumping,Ski Jumping Downhill,Bronze
3463,Lucia Davis,F,25,CHN,China,Asia,1964,Tokyo,Japan,Summer,Swimming,1500m Freestyle,Gold
3464,Mohammed Wright,M,33,HUN,Hungary,Europe,1896,Athens,Greece,Summer,Archery,Team Compound,Gold
3465,Hans Wright,M,31,SWE,Sweden,Europe,2008,Beijing,China,Summer,Athletics,Heptathlon,Silver
3466,Nina Moore,F,20,ITA,Italy,Europe,2010,Vancouver,Canada,Winter,Ski Jumping,Ski Jumping Team,Bronze
3467,Sarah Carter,F,22,ARG,Argentina,South America,2008,Beijing,China,Summer,Badminton,Mixed Doubles,Gold
3468,David Garcia,M,17,KOR,South Korea,Asia,1896,Athens,Greece,Summer,Tennis,Singles,Gold
3469,James Lewis,M,37,NGR,Nigeria,Africa,1932,Lake Placid,USA,Winter,Speed Skating,Speed Skating Mass Start,Bronze
3470,Anna Mitchell,F,31,COL,Colombia,South America,2000,Sydney,Australia,Summer,Badminton,Mixed Doubles,Bronze
3471,Ingrid Lee,F,19,AUT,Austria,Europe,1972,Munich,Germany,Summer,Weightlifting,58kg,Bronze
3472,Sofia Allen,F,40,NZL,New Zealand,Oceania,1994,Lillehammer,Norway,Winter,Luge,Luge Super-G,Silver
3473,Chris Garcia,M,22,MEX,Mexico,North America,1904,St. Louis,USA,Summer,Canoe,Canoe Slalom,Gold
3474,David Walker,M,25,KOR,South Korea,Asia,1900,Paris,France,Summer,Canoe,Canoe Slalom,Bronze
3475,Thomas Moore,M,38,SUI,Switzerland,Europe,2006,Turin,Italy,Winter,Bobsled,Bobsled Pursuit,Gold
3476,Michael Lee,M,30,RUS,Russia,Europe,1992,Barcelona,Spain,Summer,Gymnastics,Parallel Bars,Bronze
3477,John Rodriguez,M,40,BEL,Belgium,Europe,1952,Oslo,Norway,Winter,Skeleton,Skeleton Pursuit,Silver
3478,Robert Hall,M,17,GBR,Great Britain,Europe,2016,Rio de Janeiro,Brazil,Summer,Taekwondo,58kg,Bronze
3479,James Moore,M,32,USA,United States,North America,2022,Beijing,China,Winter,Ice Hockey,Ice Hockey Downhill,Silver
3480,Nina Carter,F,30,COL,Colombia,South America,1960,Squaw Valley,USA,Winter,Curling,Curling Pursuit,Silver
3481,Aisha White,F,32,JAM,Jamaica,North America,1988,Seoul,South Korea,Summer,Rowing,Pair,Silver
3482,Jessica Miller,F,31,USA,United States,North America,1980,Moscow,Russia,Summer,Gymnastics,Uneven Bars,Silver
3483,Katarina Martin,F,25,BEL,Belgium,Europe,1964,Innsbruck,Austria,Winter,Figure Skating,Figure Skating Giant Slalom,Gold
3484,Ahmed Young,M,37,NGR,Nigeria,Africa,1900,Paris,France,Summer,Rowing,Double Sculls,Silver
3485,Nina Thompson,F,33,ZIM,Zimbabwe,Africa,1928,Amsterdam,Netherlands,Summer,Table Tennis,Singles,Bronze
3486,Michael Williams,M,25,COL,Colombia,South America,1928,St. Moritz,Switzerland,Winter,Nordic Combined,Nordic Combined Slalom,Gold
3487,Chris Walker,M,18,COL,Colombia,South America,2004,Athens,Greece,Summer,Wrestling,Freestyle 57kg,Gold
3488,Kim Taylor,F,24,CZE,Czech Republic,Europe,1956,Cortina,Italy,Winter,Biathlon,Biathlon Individual,Silver
3489,Carlos Allen,M,23,RUS,Russia,Europe,1924,Paris,France,Summer,Basketball,Basketball,Bronze
3490,James Williams,M,17,USA,United States,North America,1936,Berlin,Germany,Summer,Basketball,Basketball,Bronze
3491,Anna Johnson,F,32,GER,Germany,Europe,1906,Athens,Greece,Summer,Table Tennis,Singles,Silver
3492,Lars Garcia,M,26,NED,Netherlands,Europe,2024,Paris,France,Summer,Archery,Individual Recurve,Gold
3493,Marco Harris,M,35,GRE,Greece,Europe,1960,Rome,Italy,Summer,Archery,Team Recurve,Gold
3494,Lucia Miller,F,29,AUT,Austria,Europe,1948,St. Moritz,Switzerland,Winter,Nordic Combined,Nordic Combined Pursuit,Gold
3495,Robert Moore,M,32,CAN,Canada,North America,2014,Sochi,Russia,Winter,Luge,Luge Downhill,Gold
3496,Diego Baker,M,27,MEX,Mexico,North America,2002,Salt Lake City,USA,Winter,Freestyle Skiing,Freestyle Skiing Downhill,Silver
3497,Lars Harris,M,27,SUI,Switzerland,Europe,2014,Sochi,Russia,Winter,Skeleton,Skeleton Mass Start,Gold
3498,Rebecca White,F,37,GBR,Great Britain,Europe,2022,Beijing,China,Winter,Cross-Country Skiing,Cross-Country Skiing Team,Bronze
3499,Kim Carter,F,31,USA,United States,North America,2014,Sochi,Russia,Winter,Nordic Combined,Nordic Combined Pursuit,Silver
3500,Mohammed Wilson,M,33,JPN,Japan,Asia,1994,Lillehammer,Norway,Winter,Curling,Curling Mass Start,Bronze
3501,Chiara Lewis,F,29,SWE,Sweden,Europe,1956,Melbourne,Australia,Summer,Wrestling,Greco-Roman 130kg,Bronze
3502,Anna Hill,F,38,DEN,Denmark,Europe,1900,Paris,France,Summer,Weightlifting,105kg,Silver
3503,Steven Young,M,29,COL,Colombia,South America,1976,Innsbruck,Austria,Winter,Luge,Luge Sprint,Bronze
3504,Svetlana Anderson,F,40,AUS,Australia,Oceania,1984,Los Angeles,USA,Summer,Volleyball,Volleyball,Silver
3505,Aisha Hill,F,30,USA,United States,North America,1968,Mexico City,Mexico,Summer,Boxing,+91kg,Gold
3506,Ingrid Clark,F,18,FIN,Finland,Europe,1988,Calgary,Canada,Winter,Nordic Combined,Nordic Combined Pursuit,Gold
3507,Jessica Martin,F,34,SUI,Switzerland,Europe,1932,Los Angeles,USA,Summer,Archery,Individual Recurve,Silver
3508,Lauren Wright,F,26,JPN,Japan,Asia,1988,Calgary,Canada,Winter,Curling,Curling Team,Silver
3509,Claire Smith,F,28,IRN,Iran,Asia,1976,Montreal,Canada,Summer,Wrestling,Greco-Roman 60kg,Bronze
3510,Michael Jones,M,26,ESP,Spain,Europe,2022,Beijing,China,Winter,Figure Skating,Figure Skating Giant Slalom,Bronze
3511,Mei Adams,F,26,FRA,France,Europe,1952,Oslo,Norway,Winter,Biathlon,Biathlon Slalom,Bronze
3512,Olga Miller,F,28,JPN,Japan,Asia,1932,Lake Placid,USA,Winter,Snowboard,Snowboard Team,Bronze
3513,Ivan Young,M,25,POR,Portugal,Europe,1984,Sarajevo,Yugoslavia,Winter,Skeleton,Skeleton Team,Gold
3514,Mark Carter,M,24,USA,United States,North America,1906,Athens,Greece,Summer,Volleyball,Volleyball,Bronze
3515,Svetlana King,F,27,CZE,Czech Republic,Europe,1996,Atlanta,USA,Summer,Boxing,91kg,Gold
3516,John Davis,M,16,KOR,South Korea,Asia,1996,Atlanta,USA,Summer,Cycling,Road Race,Bronze
3517,Ivan Hall,M,36,USA,United States,North America,1928,Amsterdam,Netherlands,Summer,Fencing,Sabre Team,Bronze
3518,Sven Carter,M,28,CAN,Canada,North America,1904,St. Louis,USA,Summer,Badminton,Doubles,Silver
3519,Darius Adams,M,19,CUB,Cuba,North America,1928,Amsterdam,Netherlands,Summer,Boxing,56kg,Gold
3520,Kim Smith,F,36,USA,United States,North America,1964,Innsbruck,Austria,Winter,Ice Hockey,Ice Hockey Individual,Gold
3521,Fatima Baker,F,20,RSA,South Africa,Africa,2018,PyeongChang,South Korea,Winter,Speed Skating,Speed Skating Sprint,Silver
3522,Ingeborg Clark,F,16,AUT,Austria,Europe,1964,Tokyo,Japan,Summer,Cycling,BMX Racing,Silver
3523,Lauren Lee,F,37,ZIM,Zimbabwe,Africa,2016,Rio de Janeiro,Brazil,Summer,Gymnastics,Rhythmic Gymnastics,Silver
3524,Yuki Green,M,39,BRA,Brazil,South America,2002,Salt Lake City,USA,Winter,Ski Jumping,Ski Jumping Slalom,Silver
3525,Olga Harris,F,24,POR,Portugal,Europe,2016,Rio de Janeiro,Brazil,Summer,Rowing,Eight,Silver
3526,Aisha Jackson,F,27,CHN,China,Asia,1960,Rome,Italy,Summer,Gymnastics,Parallel Bars,Bronze
3527,Chris Adams,M,41,ARG,Argentina,South America,2010,Vancouver,Canada,Winter,Cross-Country Skiing,Cross-Country Skiing Mass Start,Bronze
3528,Elena Allen,F,36,POR,Portugal,Europe,2024,Paris,France,Summer,Cycling,Omnium,Silver
3529,Maria Smith,F,23,ZIM,Zimbabwe,Africa,1936,Berlin,Germany,Summer,Football,Football,Bronze
3530,Aisha Carter,F,16,ESP,Spain,Europe,2018,PyeongChang,South Korea,Winter,Skeleton,Skeleton Slalom,Silver
3531,Darius Thompson,M,37,GRE,Greece,Europe,1948,London,Great Britain,Summer,Boxing,75kg,Silver
3532,Michael Robinson,M,27,IRN,Iran,Asia,1948,London,Great Britain,Summer,Football,Football,Silver
3533,Mark Hall,M,33,GBR,Great Britain,Europe,2018,PyeongChang,South Korea,Winter,Skiing,Skiing Super-G,Silver
3534,Fatima Thomas,F,22,RUS,Russia,Europe,1928,St. Moritz,Switzerland,Winter,Nordic Combined,Nordic Combined Individual,Bronze
3535,Yuna Lopez,F,30,UZB,Uzbekistan,Asia,2012,London,Great Britain,Summer,Rowing,Single Sculls,Gold
3536,Svetlana Johnson,F,37,ESP,Spain,Europe,2024,Paris,France,Summer,Taekwondo,57kg,Gold
3537,Olga Williams,F,19,UKR,Ukraine,Europe,1988,Seoul,South Korea,Summer,Athletics,400m,Bronze
3538,Katarina Thomas,F,16,ZIM,Zimbabwe,Africa,1924,Chamonix,France,Winter,Nordic Combined,Nordic Combined Individual,Bronze
3539,Kwame Thompson,M,30,BRA,Brazil,South America,1920,Antwerp,Belgium,Summer,Judo,81kg,Bronze
3540,Isabella Rodriguez,F,35,SWE,Sweden,Europe,2002,Salt Lake City,USA,Winter,Freestyle Skiing,Freestyle Skiing Pursuit,Gold
3541,Thomas Hall,M,24,RUS,Russia,Europe,1912,Stockholm,Sweden,Summer,Weightlifting,62kg,Silver
3542,Ingrid Thomas,F,37,KOR,South Korea,Asia,1932,Los Angeles,USA,Summer,Tennis,Doubles,Bronze
3543,Yuna Scott,F,31,MEX,Mexico,North America,1960,Squaw Valley,USA,Winter,Biathlon,Biathlon Individual,Gold
3544,Fatima Young,F,18,ETH,Ethiopia,Africa,1988,Seoul,South Korea,Summer,Volleyball,Beach Volleyball,Gold
3545,John Miller,M,26,SVK,Slovakia,Europe,2018,PyeongChang,South Korea,Winter,Snowboard,Snowboard Team,Silver
3546,Pierre Williams,M,38,JAM,Jamaica,North America,2000,Sydney,Australia,Summer,Judo,100kg,Silver
3547,Pierre Jackson,M,29,IRN,Iran,Asia,1924,Chamonix,France,Winter,Skeleton,Skeleton Sprint,Gold
3548,Sven Clark,M,18,FRA,France,Europe,1972,Sapporo,Japan,Winter,Speed Skating,Speed Skating Downhill,Silver
3549,Elena Young,F,19,DEN,Denmark,Europe,1964,Tokyo,Japan,Summer,Football,Football,Gold
3550,Elena Johnson,F,28,ITA,Italy,Europe,1980,Lake Placid,USA,Winter,Speed Skating,Speed Skating Giant Slalom,Bronze
3551,Kwame Young,M,18,ROM,Romania,Europe,1994,Lillehammer,Norway,Winter,Skiing,Skiing Downhill,Gold
3552,Mei Brown,F,39,GER,Germany,Europe,1900,Paris,France,Summer,Cycling,Omnium,Silver
3553,Sven Allen,M,20,SVK,Slovakia,Europe,1960,Rome,Italy,Summer,Swimming,100m Butterfly,Silver
3554,Steven Scott,M,24,NED,Netherlands,Europe,1936,Garmisch,Germany,Winter,Freestyle Skiing,Freestyle Skiing Team,Bronze
3555,Maria Brown,F,36,AUS,Australia,Oceania,1984,Los Angeles,USA,Summer,Swimming,200m Breaststroke,Gold
3556,Emma Taylor,F,27,NZL,New Zealand,Oceania,1964,Tokyo,Japan,Summer,Canoe,Canoe Sprint,Bronze
3557,Mei Lee,F,20,CUB,Cuba,North America,1932,Los Angeles,USA,Summer,Cycling,Time Trial,Silver
3558,Lars Rodriguez,M,19,NED,Netherlands,Europe,1972,Sapporo,Japan,Winter,Luge,Luge Slalom,Silver
3559,Lars Jackson,M,32,USA,United States,North America,1992,Barcelona,Spain,Summer,Athletics,20km Walk,Bronze
3560,Lisa Williams,F,23,GRE,Greece,Europe,1956,Melbourne,Australia,Summer,Cycling,Mountain Bike,Bronze
3561,Anna Davis,F,31,COL,Colombia,South America,1998,Nagano,Japan,Winter,Cross-Country Skiing,Cross-Country Skiing Sprint,Silver
3562,Pierre Carter,M,37,AZE,Azerbaijan,Europe,1900,Paris,France,Summer,Football,Football,Gold
3563,Elena Hill,F,22,GER,Germany,Europe,1964,Innsbruck,Austria,Winter,Ski Jumping,Ski Jumping Super-G,Gold
3564,James Hill,M,39,AZE,Azerbaijan,Europe,2022,Beijing,China,Winter,Luge,Luge Sprint,Silver
3565,Alexei Martin,M,34,CAN,Canada,North America,1936,Garmisch,Germany,Winter,Cross-Country Skiing,Cross-Country Skiing Sprint,Silver
3566,Pierre Young,M,37,FIN,Finland,Europe,1988,Calgary,Canada,Winter,Biathlon,Biathlon Super-G,Silver
3567,Sarah Hernandez,F,31,KEN,Kenya,Africa,1924,Paris,France,Summer,Athletics,High Jump,Bronze
3568,Mark Garcia,M,17,ESP,Spain,Europe,1952,Oslo,Norway,Winter,Bobsled,Bobsled Team,Silver
3569,Aisha Martin,F,39,JAM,Jamaica,North America,1906,Athens,Greece,Summer,Athletics,5000m,Bronze
3570,Olga Brown,F,36,NOR,Norway,Europe,1980,Moscow,Russia,Summer,Archery,Individual Recurve,Gold
3571,Ingrid Brown,F,40,NZL,New Zealand,Oceania,1992,Albertville,France,Winter,Bobsled,Bobsled Giant Slalom,Gold
3572,Diego White,M,35,KEN,Kenya,Africa,1998,Nagano,Japan,Winter,Ski Jumping,Ski Jumping Individual,Silver
3573,Svetlana Jones,F,25,AZE,Azerbaijan,Europe,1968,Grenoble,France,Winter,Freestyle Skiing,Freestyle Skiing Slalom,Bronze
3574,Aisha Davis,F,33,CUB,Cuba,North America,2006,Turin,Italy,Winter,Nordic Combined,Nordic Combined Sprint,Gold
3575,Thomas Jones,M,30,COL,Colombia,South America,1908,London,Great Britain,Summer,Cycling,BMX Freestyle,Gold
3576,Yuki Brown,M,24,CUB,Cuba,North America,2012,London,Great Britain,Summer,Fencing,Foil Individual,Gold
3577,Steven Green,M,19,KOR,South Korea,Asia,1984,Sarajevo,Yugoslavia,Winter,Speed Skating,Speed Skating Sprint,Bronze
3578,Alexei Jackson,M,40,NED,Netherlands,Europe,1988,Seoul,South Korea,Summer,Boxing,69kg,Bronze
3579,Lucia Johnson,F,23,USA,United States,North America,2008,Beijing,China,Summer,Gymnastics,Rhythmic Gymnastics,Gold
3580,Chiara Walker,F,23,POR,Portugal,Europe,1984,Sarajevo,Yugoslavia,Winter,Snowboard,Snowboard Team,Bronze
3581,Mei Young,F,36,ARG,Argentina,South America,1896,Athens,Greece,Summer,Tennis,Mixed Doubles,Silver
3582,Ingeborg Davis,F,38,USA,United States,North America,1932,Los Angeles,USA,Summer,Swimming,100m Freestyle,Gold
3583,Fatima Adams,F,23,ITA,Italy,Europe,1976,Innsbruck,Austria,Winter,Skiing,Skiing Slalom,Silver
3584,Elena White,F,19,TUR,Turkey,Asia,2016,Rio de Janeiro,Brazil,Summer,Athletics,Heptathlon,Silver
3585,Mohammed Miller,M,40,AUS,Australia,Oceania,1896,Athens,Greece,Summer,Table Tennis,Team,Bronze
3586,Lucia Carter,F,27,ESP,Spain,Europe,1948,St. Moritz,Switzerland,Winter,Ski Jumping,Ski Jumping Mass Start,Silver
3587,Anna Carter,F,28,POL,Poland,Europe,1928,Amsterdam,Netherlands,Summer,Canoe,Canoe Slalom,Gold
3588,Pierre Wilson,M,30,AUS,Australia,Oceania,1976,Montreal,Canada,Summer,Football,Football,Bronze
3589,Jessica Lewis,F,23,KOR,South Korea,Asia,2012,London,Great Britain,Summer,Table Tennis,Team,Silver
3590,Yuna Smith,F,33,RSA,South Africa,Africa,1920,Antwerp,Belgium,Summer,Wrestling,Greco-Roman 60kg,Silver
3591,Alexei Scott,M,22,SUI,Switzerland,Europe,1964,Tokyo,Japan,Summer,Badminton,Singles,Silver
3592,Sven Martinez,M,22,CAN,Canada,North America,2010,Vancouver,Canada,Winter,Speed Skating,Speed Skating Individual,Bronze
3593,Elena Lopez,F,28,ZIM,Zimbabwe,Africa,1964,Innsbruck,Austria,Winter,Biathlon,Biathlon Mass Start,Silver
3594,Pierre Allen,M,18,ETH,Ethiopia,Africa,1936,Berlin,Germany,Summer,Rowing,Single Sculls,Gold
3595,Thomas Martinez,M,27,AUT,Austria,Europe,2002,Salt Lake City,USA,Winter,Speed Skating,Speed Skating Sprint,Bronze
3596,Lucia Thompson,F,22,IRN,Iran,Asia,1936,Garmisch,Germany,Winter,Biathlon,Biathlon Downhill,Silver
3597,Jessica Walker,F,33,JAM,Jamaica,North America,1900,Paris,France,Summer,Shooting,Trap,Bronze
3598,Rebecca Harris,F,33,NOR,Norway,Europe,1980,Lake Placid,USA,Winter,Skeleton,Skeleton Individual,Gold
3599,Lauren Harris,F,37,SWE,Sweden,Europe,1900,Paris,France,Summer,Shooting,Skeet,Silver
3600,David Carter,M,39,POL,Poland,Europe,2008,Beijing,China,Summer,Cycling,Time Trial,Gold
3601,Yuna Garcia,F,35,RSA,South Africa,Africa,2000,Sydney,Australia,Summer,Boxing,81kg,Gold
3602,John Miller,M,34,RSA,South Africa,Africa,1904,St. Louis,USA,Summer,Shooting,10m Air Rifle,Bronze
3603,Hans Wilson,M,24,ARG,Argentina,South America,1972,Sapporo,Japan,Winter,Ice Hockey,Ice Hockey Sprint,Bronze
3604,Lars Nelson,M,30,IRN,Iran,Asia,1932,Lake Placid,USA,Winter,Skiing,Skiing Team,Silver
3605,Lauren Scott,F,32,UKR,Ukraine,Europe,1998,Nagano,Japan,Winter,Skiing,Skiing Slalom,Bronze
3606,Lauren Brown,F,35,ETH,Ethiopia,Africa,1948,St. Moritz,Switzerland,Winter,Cross-Country Skiing,Cross-Country Skiing Slalom,Silver
3607,Anna Garcia,F,19,FRA,France,Europe,1928,St. Moritz,Switzerland,Winter,Cross-Country Skiing,Cross-Country Skiing Sprint,Bronze
3608,Chiara Davis,F,32,BEL,Belgium,Europe,2024,Paris,France,Summer,Football,Football,Bronze
3609,Mei White,F,18,USA,United States,North America,1994,Lillehammer,Norway,Winter,Curling,Curling Team,Bronze
3610,Ahmed Jackson,M,19,BEL,Belgium,Europe,2018,PyeongChang,South Korea,Winter,Freestyle Skiing,Freestyle Skiing Super-G,Gold
3611,Elena Allen,F,30,ESP,Spain,Europe,1928,St. Moritz,Switzerland,Winter,Snowboard,Snowboard Slalom,Gold
3612,Mei Adams,F,22,TUR,Turkey,Asia,1968,Grenoble,France,Winter,Snowboard,Snowboard Mass Start,Bronze
3613,Ivan Anderson,M,28,NOR,Norway,Europe,1908,London,Great Britain,Summer,Gymnastics,Uneven Bars,Bronze
3614,Lucia Lopez,F,18,IRN,Iran,Asia,1906,Athens,Greece,Summer,Weightlifting,75kg,Silver
3615,Ingeborg Jackson,F,23,ITA,Italy,Europe,1932,Lake Placid,USA,Winter,Ski Jumping,Ski Jumping Sprint,Silver
3616,Jessica Williams,F,24,IND,India,Asia,1924,Paris,France,Summer,Cycling,Time Trial,Gold
3617,Elena Carter,F,37,CUB,Cuba,North America,1956,Melbourne,Australia,Summer,Canoe,Canoe Sprint,Silver
3618,Yuna Rodriguez,F,32,MEX,Mexico,North America,2010,Vancouver,Canada,Winter,Speed Skating,Speed Skating Super-G,Bronze
3619,Hans Garcia,M,20,AZE,Azerbaijan,Europe,1968,Grenoble,France,Winter,Cross-Country Skiing,Cross-Country Skiing Pursuit,Bronze
3620,Nina Davis,F,40,KOR,South Korea,Asia,1936,Berlin,Germany,Summer,Canoe,Canoe Sprint,Silver
3621,Alexei Jones,M,26,TUR,Turkey,Asia,2018,PyeongChang,South Korea,Winter,Speed Skating,Speed Skating Team,Bronze
3622,Anna Thomas,F,21,NGR,Nigeria,Africa,2010,Vancouver,Canada,Winter,Cross-Country Skiing,Cross-Country Skiing Mass Start,Bronze
3623,Jessica Carter,F,23,ITA,Italy,Europe,1932,Lake Placid,USA,Winter,Luge,Luge Individual,Silver
3624,Yuna Davis,F,26,NOR,Norway,Europe,1960,Squaw Valley,USA,Winter,Speed Skating,Speed Skating Team,Silver
3625,Diego Wright,M,16,TUR,Turkey,Asia,1964,Innsbruck,Austria,Winter,Figure Skating,Figure Skating Individual,Bronze
3626,Mohammed Young,M,36,GRE,Greece,Europe,1968,Mexico City,Mexico,Summer,Table Tennis,Team,Bronze
3627,Svetlana Garcia,F,20,SVK,Slovakia,Europe,2000,Sydney,Australia,Summer,Judo,100kg,Bronze
3628,Hans Jackson,M,30,UZB,Uzbekistan,Asia,1904,St. Louis,USA,Summer,Archery,Team Recurve,Silver
3629,Lisa Jones,F,32,BEL,Belgium,Europe,1998,Nagano,Japan,Winter,Ski Jumping,Ski Jumping Team,Gold
3630,Sarah Wright,F,30,HUN,Hungary,Europe,1936,Berlin,Germany,Summer,Canoe,Canoe Slalom,Bronze
3631,Chris Johnson,M,38,COL,Colombia,South America,1924,Chamonix,France,Winter,Biathlon,Biathlon Slalom,Bronze
3632,Mark Davis,M,39,POR,Portugal,Europe,1932,Los Angeles,USA,Summer,Judo,73kg,Bronze
3633,Yuna Thomas,F,37,RUS,Russia,Europe,1994,Lillehammer,Norway,Winter,Curling,Curling Pursuit,Bronze
3634,Alexei Davis,M,19,ZIM,Zimbabwe,Africa,1948,London,Great Britain,Summer,Football,Football,Bronze
3635,Katarina Smith,F,20,JPN,Japan,Asia,2016,Rio de Janeiro,Brazil,Summer,Judo,90kg,Gold
3636,Kwame Robinson,M,38,ESP,Spain,Europe,2004,Athens,Greece,Summer,Shooting,50m Rifle 3 Positions,Silver
3637,Lisa Rodriguez,F,37,ITA,Italy,Europe,1968,Grenoble,France,Winter,Bobsled,Bobsled Team,Silver
3638,Hans Lewis,M,25,ETH,Ethiopia,Africa,1952,Helsinki,Finland,Summer,Athletics,Decathlon,Gold
3639,Nina Robinson,F,17,HUN,Hungary,Europe,1994,Lillehammer,Norway,Winter,Curling,Curling Team,Bronze
3640,Thomas Walker,M,32,AUS,Australia,Oceania,1924,Chamonix,France,Winter,Speed Skating,Speed Skating Super-G,Gold
3641,Lauren Garcia,F,26,JAM,Jamaica,North America,2000,Sydney,Australia,Summer,Gymnastics,Floor Exercise,Gold
3642,Hans Walker,M,23,GBR,Great Britain,Europe,2010,Vancouver,Canada,Winter,Snowboard,Snowboard Sprint,Bronze
3643,Thomas Baker,M,40,TUR,Turkey,Asia,1964,Innsbruck,Austria,Winter,Luge,Luge Downhill,Silver
3644,Mark Miller,M,34,RSA,South Africa,Africa,1936,Garmisch,Germany,Winter,Figure Skating,Figure Skating Giant Slalom,Gold
3645,Steven Robinson,M,35,TUR,Turkey,Asia,1996,Atlanta,USA,Summer,Archery,Team Recurve,Gold
3646,Marco Jackson,M,32,RUS,Russia,Europe,1952,Helsinki,Finland,Summer,Wrestling,Freestyle 97kg,Silver
3647,Mark White,M,23,ZIM,Zimbabwe,Africa,1968,Grenoble,France,Winter,Figure Skating,Figure Skating Pursuit,Silver
3648,Emma Hill,F,39,DEN,Denmark,Europe,1964,Tokyo,Japan,Summer,Weightlifting,63kg,Silver
3649,Steven Adams,M,25,ETH,Ethiopia,Africa,2014,Sochi,Russia,Winter,Ski Jumping,Ski Jumping Super-G,Gold
3650,Sarah Hernandez,F,26,CZE,Czech Republic,Europe,1964,Innsbruck,Austria,Winter,Snowboard,Snowboard Sprint,Silver
3651,Isabella Adams,F,21,ROM,Romania,Europe,1936,Berlin,Germany,Summer,Fencing,Foil Individual,Bronze
3652,Svetlana Johnson,F,31,TUR,Turkey,Asia,1984,Los Angeles,USA,Summer,Canoe,Canoe Slalom,Gold
3653,Nina Carter,F,22,ETH,Ethiopia,Africa,1988,Calgary,Canada,Winter,Luge,Luge Downhill,Gold
3654,Fatima King,F,17,NZL,New Zealand,Oceania,2022,Beijing,China,Winter,Cross-Country Skiing,Cross-Country Skiing Slalom,Gold
3655,Diego Nelson,M,17,HUN,Hungary,Europe,2018,PyeongChang,South Korea,Winter,Curling,Curling Giant Slalom,Bronze
3656,Fatima Martinez,F,22,CZE,Czech Republic,Europe,1960,Rome,Italy,Summer,Shooting,25m Pistol,Bronze
3657,Lucia Young,F,32,COL,Colombia,South America,2008,Beijing,China,Summer,Canoe,Canoe Slalom,Silver
3658,Lars Davis,M,29,SUI,Switzerland,Europe,1992,Barcelona,Spain,Summer,Archery,Individual Compound,Silver
3659,Sofia Miller,F,35,AUS,Australia,Oceania,2004,Athens,Greece,Summer,Athletics,Long Jump,Gold
3660,Nina Hall,F,19,KAZ,Kazakhstan,Asia,1900,Paris,France,Summer,Rowing,Four,Silver
3661,Svetlana Rodriguez,F,16,DEN,Denmark,Europe,2022,Beijing,China,Winter,Bobsled,Bobsled Downhill,Gold
3662,John Walker,M,37,DEN,Denmark,Europe,1984,Sarajevo,Yugoslavia,Winter,Nordic Combined,Nordic Combined Giant Slalom,Silver
3663,Chris White,M,22,AZE,Azerbaijan,Europe,2000,Sydney,Australia,Summer,Judo,90kg,Silver
3664,Fatima Clark,F,16,ROM,Romania,Europe,1994,Lillehammer,Norway,Winter,Freestyle Skiing,Freestyle Skiing Downhill,Gold
3665,Carlos Robinson,M,31,BEL,Belgium,Europe,1998,Nagano,Japan,Winter,Bobsled,Bobsled Downhill,Gold
3666,Mei Green,F,18,NED,Netherlands,Europe,1924,Chamonix,France,Winter,Cross-Country Skiing,Cross-Country Skiing Mass Start,Bronze
3667,Maria Rodriguez,F,17,ITA,Italy,Europe,1928,St. Moritz,Switzerland,Winter,Bobsled,Bobsled Slalom,Gold
3668,Mei Young,F,38,IRN,Iran,Asia,2002,Salt Lake City,USA,Winter,Cross-Country Skiing,Cross-Country Skiing Pursuit,Bronze
3669,Ahmed Martin,M,36,ARG,Argentina,South America,1932,Los Angeles,USA,Summer,Basketball,3x3 Basketball,Bronze
3670,Yuki Jackson,M,37,BEL,Belgium,Europe,1998,Nagano,Japan,Winter,Speed Skating,Speed Skating Pursuit,Silver
3671,Diego Miller,M,16,CHN,China,Asia,1980,Lake Placid,USA,Winter,Bobsled,Bobsled Pursuit,Gold
3672,Lauren White,F,18,TUR,Turkey,Asia,1972,Sapporo,Japan,Winter,Curling,Curling Downhill,Gold
3673,Hans King,M,38,ESP,Spain,Europe,2012,London,Great Britain,Summer,Judo,63kg,Silver
3674,Carlos Allen,M,28,RUS,Russia,Europe,1984,Los Angeles,USA,Summer,Basketball,3x3 Basketball,Gold
3675,Katarina Martinez,F,25,NOR,Norway,Europe,1906,Athens,Greece,Summer,Rowing,Lightweight Double Sculls,Gold
3676,Chiara Martin,F,39,NZL,New Zealand,Oceania,1996,Atlanta,USA,Summer,Canoe,Canoe Slalom,Gold
3677,Steven Lee,M,22,AZE,Azerbaijan,Europe,1920,Antwerp,Belgium,Summer,Archery,Individual Recurve,Silver
3678,Steven Wilson,M,30,IND,India,Asia,2002,Salt Lake City,USA,Winter,Luge,Luge Team,Silver
3679,Elena Allen,F,29,SUI,Switzerland,Europe,1956,Melbourne,Australia,Summer,Shooting,25m Rapid Fire Pistol,Gold
3680,Emma Hill,F,38,FIN,Finland,Europe,1964,Innsbruck,Austria,Winter,Figure Skating,Figure Skating Downhill,Bronze
3681,Mei Lee,F,41,NGR,Nigeria,Africa,1988,Seoul,South Korea,Summer,Canoe,Canoe Slalom,Bronze
3682,Jessica Lewis,F,20,JPN,Japan,Asia,1952,Helsinki,Finland,Summer,Judo,63kg,Gold
3683,Steven Wright,M,40,BRA,Brazil,South America,1972,Sapporo,Japan,Winter,Nordic Combined,Nordic Combined Slalom,Silver
3684,David Smith,M,24,ETH,Ethiopia,Africa,1976,Montreal,Canada,Summer,Football,Football,Silver
3685,Sofia Lewis,F,35,AUS,Australia,Oceania,1968,Grenoble,France,Winter,Skeleton,Skeleton Super-G,Gold
3686,Diego White,M,36,CHN,China,Asia,1956,Melbourne,Australia,Summer,Gymnastics,Pommel Horse,Gold
3687,Mark Williams,M,34,GBR,Great Britain,Europe,1994,Lillehammer,Norway,Winter,Snowboard,Snowboard Individual,Silver
3688,Marco Martinez,M,23,ARG,Argentina,South America,1964,Tokyo,Japan,Summer,Basketball,3x3 Basketball,Bronze
3689,Katarina Young,F,36,MEX,Mexico,North America,1948,St. Moritz,Switzerland,Winter,Bobsled,Bobsled Pursuit,Silver
3690,Ahmed Williams,M,29,HUN,Hungary,Europe,1948,London,Great Britain,Summer,Fencing,Epee Individual,Bronze
3691,Sarah Baker,F,30,GBR,Great Britain,Europe,2002,Salt Lake City,USA,Winter,Freestyle Skiing,Freestyle Skiing Individual,Bronze
3692,Lisa Miller,F,29,ZIM,Zimbabwe,Africa,1912,Stockholm,Sweden,Summer,Gymnastics,Floor Exercise,Bronze
3693,Alexei Davis,M,18,JAM,Jamaica,North America,2004,Athens,Greece,Summer,Canoe,Canoe Slalom,Bronze
3694,Lucia Jones,F,28,FIN,Finland,Europe,1956,Cortina,Italy,Winter,Curling,Curling Pursuit,Silver
3695,Mei Johnson,F,32,AUS,Australia,Oceania,2008,Beijing,China,Summer,Judo,48kg,Silver
3696,Katarina Walker,F,28,SVK,Slovakia,Europe,2008,Beijing,China,Summer,Tennis,Mixed Doubles,Bronze
3697,Yuki Rodriguez,M,27,ESP,Spain,Europe,1928,Amsterdam,Netherlands,Summer,Canoe,Canoe Sprint,Bronze
3698,Lars Anderson,M,24,MEX,Mexico,North America,1992,Barcelona,Spain,Summer,Volleyball,Volleyball,Bronze
3699,Lars Thomas,M,34,USA,United States,North America,1936,Garmisch,Germany,Winter,Nordic Combined,Nordic Combined Pursuit,Silver
3700,Yuna Mitchell,F,37,JPN,Japan,Asia,1972,Munich,Germany,Summer,Judo,+78kg,Bronze
3701,Robert Green,M,22,CUB,Cuba,North America,1972,Munich,Germany,Summer,Boxing,56kg,Silver
3702,Yuna White,F,30,NGR,Nigeria,Africa,1964,Innsbruck,Austria,Winter,Skiing,Skiing Mass Start,Bronze
3703,Fatima King,F,21,ARG,Argentina,South America,1992,Barcelona,Spain,Summer,Gymnastics,Parallel Bars,Silver
3704,Sarah Anderson,F,19,IRN,Iran,Asia,1956,Melbourne,Australia,Summer,Wrestling,Freestyle 57kg,Bronze
3705,Robert Green,M,27,IND,India,Asia,1936,Garmisch,Germany,Winter,Ski Jumping,Ski Jumping Giant Slalom,Bronze
3706,Mei Robinson,F,31,BEL,Belgium,Europe,2002,Salt Lake City,USA,Winter,Nordic Combined,Nordic Combined Downhill,Gold
3707,David Lewis,M,16,GER,Germany,Europe,1936,Berlin,Germany,Summer,Gymnastics,Vault,Bronze
3708,Lisa Lewis,F,33,BEL,Belgium,Europe,1964,Tokyo,Japan,Summer,Rowing,Four,Gold
3709,John Lopez,M,38,ESP,Spain,Europe,1994,Lillehammer,Norway,Winter,Curling,Curling Giant Slalom,Bronze
3710,Mohammed Scott,M,41,GRE,Greece,Europe,1992,Albertville,France,Winter,Bobsled,Bobsled Super-G,Silver
3711,Olga Scott,F,26,CAN,Canada,North America,2006,Turin,Italy,Winter,Freestyle Skiing,Freestyle Skiing Team,Gold
3712,Alexei White,M,22,GRE,Greece,Europe,1964,Innsbruck,Austria,Winter,Skeleton,Skeleton Super-G,Gold
3713,Lars Williams,M,33,IRN,Iran,Asia,1992,Barcelona,Spain,Summer,Cycling,Team Sprint,Bronze
3714,Fatima Moore,F,22,BRA,Brazil,South America,1906,Athens,Greece,Summer,Rowing,Double Sculls,Bronze
3715,Lars Carter,M,19,ZIM,Zimbabwe,Africa,1992,Albertville,France,Winter,Cross-Country Skiing,Cross-Country Skiing Sprint,Silver
3716,Robert Hill,M,21,RUS,Russia,Europe,1988,Calgary,Canada,Winter,Skeleton,Skeleton Pursuit,Silver
3717,Chris Hall,M,18,ETH,Ethiopia,Africa,1928,Amsterdam,Netherlands,Summer,Badminton,Singles,Gold
3718,Kim Brown,F,27,UKR,Ukraine,Europe,1932,Lake Placid,USA,Winter,Figure Skating,Figure Skating Team,Gold
3719,Chris Martinez,M,41,HUN,Hungary,Europe,1956,Cortina,Italy,Winter,Figure Skating,Figure Skating Individual,Gold
3720,Kwame Allen,M,17,AUS,Australia,Oceania,1972,Sapporo,Japan,Winter,Skeleton,Skeleton Giant Slalom,Silver
3721,Sofia Allen,F,26,COL,Colombia,South America,1994,Lillehammer,Norway,Winter,Curling,Curling Mass Start,Bronze
3722,Claire Wilson,F,26,CUB,Cuba,North America,2022,Beijing,China,Winter,Nordic Combined,Nordic Combined Downhill,Bronze
3723,Lauren Garcia,F,35,KOR,South Korea,Asia,2010,Vancouver,Canada,Winter,Ice Hockey,Ice Hockey Team,Silver
3724,Ahmed Davis,M,16,USA,United States,North America,1928,Amsterdam,Netherlands,Summer,Swimming,400m Individual Medley,Bronze
3725,James Scott,M,16,UZB,Uzbekistan,Asia,2010,Vancouver,Canada,Winter,Luge,Luge Downhill,Bronze
3726,Alexei Taylor,M,28,JPN,Japan,Asia,1924,Chamonix,France,Winter,Ice Hockey,Ice Hockey Mass Start,Silver
3727,Hans Lewis,M,36,KOR,South Korea,Asia,2020,Tokyo,Japan,Summer,Table Tennis,Singles,Bronze
3728,Sarah Scott,F,20,ROM,Romania,Europe,1968,Mexico City,Mexico,Summer,Boxing,75kg,Gold
3729,Michael Johnson,M,39,ROM,Romania,Europe,1996,Atlanta,USA,Summer,Shooting,Double Trap,Silver
3730,Maria Moore,F,31,COL,Colombia,South America,1988,Calgary,Canada,Winter,Figure Skating,Figure Skating Sprint,Bronze
3731,David Smith,M,21,KAZ,Kazakhstan,Asia,1996,Atlanta,USA,Summer,Tennis,Singles,Gold
3732,Mei Moore,F,35,KEN,Kenya,Africa,1998,Nagano,Japan,Winter,Freestyle Skiing,Freestyle Skiing Slalom,Silver
3733,Kwame Lewis,M,20,SUI,Switzerland,Europe,2018,PyeongChang,South Korea,Winter,Figure Skating,Figure Skating Giant Slalom,Gold
3734,Sven Hill,M,26,KAZ,Kazakhstan,Asia,1952,Oslo,Norway,Winter,Bobsled,Bobsled Sprint,Bronze
3735,Yuki Williams,M,41,NZL,New Zealand,Oceania,1900,Paris,France,Summer,Wrestling,Greco-Roman 130kg,Silver
3736,Lucia Lewis,F,16,NED,Netherlands,Europe,1988,Seoul,South Korea,Summer,Athletics,5000m,Silver
3737,Ingeborg Nelson,F,17,NZL,New Zealand,Oceania,1976,Innsbruck,Austria,Winter,Speed Skating,Speed Skating Slalom,Gold
3738,Ingrid Thompson,F,29,AUT,Austria,Europe,1948,St. Moritz,Switzerland,Winter,Cross-Country Skiing,Cross-Country Skiing Team,Gold
3739,Maria Harris,F,41,IRN,Iran,Asia,1904,St. Louis,USA,Summer,Weightlifting,105kg,Bronze
3740,Ingrid Lewis,F,39,ARG,Argentina,South America,1988,Seoul,South Korea,Summer,Badminton,Mixed Doubles,Silver
3741,Sven Brown,M,28,GER,Germany,Europe,2004,Athens,Greece,Summer,Canoe,Canoe Sprint,Silver
3742,John Jackson,M,18,SVK,Slovakia,Europe,1998,Nagano,Japan,Winter,Ice Hockey,Ice Hockey Sprint,Bronze
3743,Isabella Hernandez,F,37,IND,India,Asia,1964,Innsbruck,Austria,Winter,Skiing,Skiing Mass Start,Gold
3744,Isabella Thompson,F,19,KOR,South Korea,Asia,2012,London,Great Britain,Summer,Taekwondo,49kg,Bronze
3745,Mohammed Martinez,M,38,CUB,Cuba,North America,1992,Barcelona,Spain,Summer,Fencing,Sabre Team,Silver
3746,Steven Robinson,M,27,ESP,Spain,Europe,1908,London,Great Britain,Summer,Taekwondo,58kg,Silver
3747,Chiara Allen,F,18,SVK,Slovakia,Europe,1924,Chamonix,France,Winter,Curling,Curling Pursuit,Silver
3748,Sarah Adams,F,31,JPN,Japan,Asia,1936,Berlin,Germany,Summer,Swimming,100m Butterfly,Silver
3749,Nina Walker,F,41,NZL,New Zealand,Oceania,1980,Lake Placid,USA,Winter,Ski Jumping,Ski Jumping Giant Slalom,Bronze
3750,Ivan Anderson,M,21,ESP,Spain,Europe,2000,Sydney,Australia,Summer,Wrestling,Greco-Roman 97kg,Bronze
3751,Steven Lee,M,20,MEX,Mexico,North America,1984,Sarajevo,Yugoslavia,Winter,Skiing,Skiing Team,Gold
3752,Lucia Lopez,F,37,DEN,Denmark,Europe,1904,St. Louis,USA,Summer,Football,Football,Silver
3753,Nina Adams,F,24,CHN,China,Asia,1996,Atlanta,USA,Summer,Badminton,Mixed Doubles,Gold
3754,Mei Rodriguez,F,34,ROM,Romania,Europe,1976,Innsbruck,Austria,Winter,Speed Skating,Speed Skating Mass Start,Gold
3755,Hans Clark,M,18,AUT,Austria,Europe,1912,Stockholm,Sweden,Summer,Cycling,Omnium,Silver
3756,Lars Mitchell,M,32,TUR,Turkey,Asia,2002,Salt Lake City,USA,Winter,Ski Jumping,Ski Jumping Super-G,Silver
3757,Robert Martinez,M,37,KEN,Kenya,Africa,1952,Helsinki,Finland,Summer,Archery,Team Compound,Bronze
3758,Isabella Wilson,F,26,DEN,Denmark,Europe,1964,Innsbruck,Austria,Winter,Freestyle Skiing,Freestyle Skiing Sprint,Bronze
3759,Yuna Garcia,F,26,DEN,Denmark,Europe,1998,Nagano,Japan,Winter,Biathlon,Biathlon Slalom,Bronze
3760,Svetlana Young,F,40,GER,Germany,Europe,1968,Grenoble,France,Winter,Bobsled,Bobsled Super-G,Silver
3761,Chiara Johnson,F,23,FIN,Finland,Europe,1924,Paris,France,Summer,Canoe,Canoe Slalom,Gold
3762,John Hall,M,17,ARG,Argentina,South America,1988,Calgary,Canada,Winter,Figure Skating,Figure Skating Super-G,Gold
3763,Svetlana Taylor,F,36,JAM,Jamaica,North America,2022,Beijing,China,Winter,Skiing,Skiing Team,Gold
3764,Diego Carter,M,25,IRN,Iran,Asia,1952,Helsinki,Finland,Summer,Wrestling,Freestyle 74kg,Gold
3765,Darius Scott,M,34,CZE,Czech Republic,Europe,1976,Innsbruck,Austria,Winter,Luge,Luge Downhill,Silver
3766,Michael White,M,24,ARG,Argentina,South America,1972,Munich,Germany,Summer,Swimming,200m Freestyle,Gold
3767,Sofia Martin,F,23,GER,Germany,Europe,1956,Melbourne,Australia,Summer,Archery,Individual Recurve,Silver
3768,Olga Clark,F,19,NZL,New Zealand,Oceania,2016,Rio de Janeiro,Brazil,Summer,Table Tennis,Team,Silver
3769,David Hall,M,34,POL,Poland,Europe,1952,Helsinki,Finland,Summer,Football,Football,Gold
3770,Ingeborg Moore,F,36,KEN,Kenya,Africa,1994,Lillehammer,Norway,Winter,Luge,Luge Slalom,Silver
3771,Claire Mitchell,F,38,NOR,Norway,Europe,1924,Chamonix,France,Winter,Skiing,Skiing Super-G,Bronze
3772,Sofia Taylor,F,29,KAZ,Kazakhstan,Asia,1908,London,Great Britain,Summer,Weightlifting,53kg,Bronze
3773,Svetlana White,F,39,POL,Poland,Europe,1964,Tokyo,Japan,Summer,Swimming,1500m Freestyle,Bronze
3774,Maria Miller,F,33,UKR,Ukraine,Europe,1948,London,Great Britain,Summer,Athletics,4x100m Relay,Gold
3775,Wei Hall,M,35,BRA,Brazil,South America,1964,Innsbruck,Austria,Winter,Ice Hockey,Ice Hockey Downhill,Silver
3776,Sofia Adams,F,16,ETH,Ethiopia,Africa,1998,Nagano,Japan,Winter,Curling,Curling Mass Start,Bronze
3777,Katarina Baker,F,18,IND,India,Asia,2014,Sochi,Russia,Winter,Cross-Country Skiing,Cross-Country Skiing Individual,Bronze
3778,Olga Lee,F,31,GER,Germany,Europe,1988,Calgary,Canada,Winter,Biathlon,Biathlon Giant Slalom,Gold
3779,Peter Davis,M,26,ESP,Spain,Europe,1928,Amsterdam,Netherlands,Summer,Taekwondo,+80kg,Silver
3780,Diego Rodriguez,M,32,MEX,Mexico,North America,1952,Helsinki,Finland,Summer,Canoe,Canoe Sprint,Bronze
3781,Olga Walker,F,29,FIN,Finland,Europe,1988,Calgary,Canada,Winter,Skeleton,Skeleton Mass Start,Silver
3782,Ingeborg White,F,36,USA,United States,North America,1992,Barcelona,Spain,Summer,Swimming,4x200m Freestyle Relay,Bronze
3783,Mei Davis,F,37,DEN,Denmark,Europe,2022,Beijing,China,Winter,Speed Skating,Speed Skating Pursuit,Silver
3784,Mark Mitchell,M,34,KOR,South Korea,Asia,1968,Grenoble,France,Winter,Ski Jumping,Ski Jumping Sprint,Gold
3785,Peter Lee,M,27,ZIM,Zimbabwe,Africa,1980,Moscow,Russia,Summer,Basketball,Basketball,Bronze
3786,John Rodriguez,M,19,RUS,Russia,Europe,1976,Montreal,Canada,Summer,Tennis,Singles,Bronze
3787,Fatima Martin,F,35,SWE,Sweden,Europe,1948,St. Moritz,Switzerland,Winter,Skeleton,Skeleton Slalom,Bronze
3788,Wei Lee,M,21,IND,India,Asia,1908,London,Great Britain,Summer,Shooting,Skeet,Silver
3789,Carlos Garcia,M,23,BRA,Brazil,South America,1980,Lake Placid,USA,Winter,Bobsled,Bobsled Downhill,Bronze
3790,Nina Lee,F,33,FRA,France,Europe,2008,Beijing,China,Summer,Badminton,Doubles,Silver
3791,Alexei Lee,M,20,KOR,South Korea,Asia,1936,Berlin,Germany,Summer,Canoe,Canoe Slalom,Silver
3792,Chiara Carter,F,31,AZE,Azerbaijan,Europe,1960,Squaw Valley,USA,Winter,Curling,Curling Individual,Silver
3793,Ahmed Hall,M,36,ARG,Argentina,South America,2022,Beijing,China,Winter,Skeleton,Skeleton Super-G,Gold
3794,Peter Allen,M,40,AUT,Austria,Europe,1928,Amsterdam,Netherlands,Summer,Table Tennis,Team,Gold
3795,Michael King,M,25,FIN,Finland,Europe,1948,London,Great Britain,Summer,Rowing,Four,Gold
3796,Marco Lopez,M,24,AUT,Austria,Europe,1948,St. Moritz,Switzerland,Winter,Luge,Luge Slalom,Bronze
3797,John Adams,M,25,UZB,Uzbekistan,Asia,1992,Barcelona,Spain,Summer,Badminton,Mixed Doubles,Silver
3798,Chris Lee,M,31,GBR,Great Britain,Europe,2006,Turin,Italy,Winter,Bobsled,Bobsled Super-G,Bronze
3799,Kim Carter,F,16,ITA,Italy,Europe,2014,Sochi,Russia,Winter,Luge,Luge Individual,Silver
3800,James Davis,M,37,GRE,Greece,Europe,1920,Antwerp,Belgium,Summer,Athletics,400m,Silver
3801,Emma Lopez,F,34,SUI,Switzerland,Europe,2010,Vancouver,Canada,Winter,Skiing,Skiing Downhill,Bronze
3802,Katarina Davis,F,26,MEX,Mexico,North America,1972,Munich,Germany,Summer,Canoe,Canoe Sprint,Silver
3803,Alexei Nelson,M,37,ESP,Spain,Europe,2006,Turin,Italy,Winter,Ice Hockey,Ice Hockey Team,Silver
3804,Ahmed Lopez,M,41,POL,Poland,Europe,1972,Sapporo,Japan,Winter,Luge,Luge Pursuit,Gold
3805,Sofia Moore,F,17,GBR,Great Britain,Europe,1964,Tokyo,Japan,Summer,Volleyball,Beach Volleyball,Gold
3806,Steven Lewis,M,22,KEN,Kenya,Africa,1984,Sarajevo,Yugoslavia,Winter,Curling,Curling Pursuit,Gold
3807,Emma Carter,F,22,GER,Germany,Europe,2012,London,Great Britain,Summer,Rowing,Single Sculls,Silver
3808,Yuki Harris,M,29,ZIM,Zimbabwe,Africa,2024,Paris,France,Summer,Judo,73kg,Silver
3809,Mark Scott,M,38,FIN,Finland,Europe,1976,Innsbruck,Austria,Winter,Nordic Combined,Nordic Combined Downhill,Gold
3810,Sven Harris,M,30,COL,Colombia,South America,1932,Lake Placid,USA,Winter,Nordic Combined,Nordic Combined Individual,Silver
3811,Michael Hill,M,28,ESP,Spain,Europe,2014,Sochi,Russia,Winter,Freestyle Skiing,Freestyle Skiing Downhill,Gold
3812,Chiara Wright,F,23,COL,Colombia,South America,2024,Paris,France,Summer,Fencing,Epee Individual,Bronze
3813,Jessica Davis,F,29,KOR,South Korea,Asia,1948,St. Moritz,Switzerland,Winter,Nordic Combined,Nordic Combined Team,Gold
3814,Mark Anderson,M,18,HUN,Hungary,Europe,2018,PyeongChang,South Korea,Winter,Ice Hockey,Ice Hockey Sprint,Silver
3815,Hans Green,M,34,AUS,Australia,Oceania,1928,St. Moritz,Switzerland,Winter,Ski Jumping,Ski Jumping Downhill,Bronze
3816,Isabella Clark,F,28,GRE,Greece,Europe,2018,PyeongChang,South Korea,Winter,Ice Hockey,Ice Hockey Super-G,Silver
3817,Kim Thomas,F,38,RSA,South Africa,Africa,1948,St. Moritz,Switzerland,Winter,Freestyle Skiing,Freestyle Skiing Mass Start,Silver
3818,Anna Scott,F,18,KEN,Kenya,Africa,2002,Salt Lake City,USA,Winter,Cross-Country Skiing,Cross-Country Skiing Super-G,Gold
3819,Kim Walker,F,18,COL,Colombia,South America,2018,PyeongChang,South Korea,Winter,Ski Jumping,Ski Jumping Giant Slalom,Silver
3820,Emma White,F,20,AZE,Azerbaijan,Europe,1932,Lake Placid,USA,Winter,Curling,Curling Individual,Bronze
3821,Marco Young,M,30,UZB,Uzbekistan,Asia,2020,Tokyo,Japan,Summer,Archery,Individual Recurve,Bronze
3822,Fatima Walker,F,18,KEN,Kenya,Africa,1956,Melbourne,Australia,Summer,Weightlifting,48kg,Bronze
3823,Aisha Martin,F,37,GER,Germany,Europe,1924,Chamonix,France,Winter,Ice Hockey,Ice Hockey Individual,Gold
3824,Thomas Hernandez,M,19,RUS,Russia,Europe,1948,London,Great Britain,Summer,Fencing,Sabre Individual,Gold
3825,Ivan Wright,M,16,USA,United States,North America,1984,Sarajevo,Yugoslavia,Winter,Figure Skating,Figure Skating Downhill,Silver
3826,Sven Wright,M,29,GBR,Great Britain,Europe,1952,Oslo,Norway,Winter,Skeleton,Skeleton Slalom,Silver
3827,Chiara Carter,F,20,SUI,Switzerland,Europe,1920,Antwerp,Belgium,Summer,Archery,Team Recurve,Silver
3828,Lisa Allen,F,38,POR,Portugal,Europe,1896,Athens,Greece,Summer,Badminton,Doubles,Gold
3829,Aisha Scott,F,33,GBR,Great Britain,Europe,1920,Antwerp,Belgium,Summer,Badminton,Singles,Silver
3830,Steven Anderson,M,17,USA,United States,North America,1988,Seoul,South Korea,Summer,Swimming,200m Breaststroke,Silver
3831,Claire Davis,F,30,FRA,France,Europe,2024,Paris,France,Summer,Judo,63kg,Bronze
3832,Katarina Harris,F,38,GBR,Great Britain,Europe,1994,Lillehammer,Norway,Winter,Biathlon,Biathlon Downhill,Bronze
3833,Marco Lopez,M,34,BRA,Brazil,South America,2002,Salt Lake City,USA,Winter,Skiing,Skiing Downhill,Bronze
3834,Anna Carter,F,37,JPN,Japan,Asia,1896,Athens,Greece,Summer,Cycling,Team Sprint,Silver
3835,Wei Adams,M,39,CZE,Czech Republic,Europe,2002,Salt Lake City,USA,Winter,Skiing,Skiing Team,Bronze
3836,Yuki King,M,34,IRN,Iran,Asia,1920,Antwerp,Belgium,Summer,Rowing,Lightweight Double Sculls,Gold
3837,Lisa Carter,F,23,ITA,Italy,Europe,1976,Montreal,Canada,Summer,Shooting,25m Pistol,Gold
3838,Michael Moore,M,28,UKR,Ukraine,Europe,1996,Atlanta,USA,Summer,Basketball,Basketball,Gold
3839,Fatima Hill,F,27,CZE,Czech Republic,Europe,1924,Paris,France,Summer,Football,Football,Gold
3840,Yuna Hill,F,33,HUN,Hungary,Europe,1928,Amsterdam,Netherlands,Summer,Canoe,Canoe Sprint,Silver
3841,Sofia Martin,F,27,USA,United States,North America,1932,Lake Placid,USA,Winter,Freestyle Skiing,Freestyle Skiing Team,Silver
3842,Kim Lewis,F,34,GBR,Great Britain,Europe,2024,Paris,France,Summer,Gymnastics,Team,Gold
3843,Alexei Martin,M,20,KAZ,Kazakhstan,Asia,1900,Paris,France,Summer,Boxing,52kg,Gold
3844,Jessica Johnson,F,34,SVK,Slovakia,Europe,1912,Stockholm,Sweden,Summer,Taekwondo,57kg,Gold
3845,Lisa Lopez,F,31,FRA,France,Europe,1960,Rome,Italy,Summer,Canoe,Canoe Slalom,Bronze
3846,Sofia Brown,F,32,POL,Poland,Europe,1900,Paris,France,Summer,Rowing,Single Sculls,Bronze
3847,Nina Miller,F,16,GBR,Great Britain,Europe,1956,Melbourne,Australia,Summer,Gymnastics,Rings,Silver
3848,Yuna Hernandez,F,22,AUT,Austria,Europe,1948,St. Moritz,Switzerland,Winter,Curling,Curling Pursuit,Silver
3849,Ingrid King,F,40,CZE,Czech Republic,Europe,1988,Seoul,South Korea,Summer,Shooting,10m Air Pistol,Silver
3850,Yuna Robinson,F,24,USA,United States,North America,2000,Sydney,Australia,Summer,Football,Football,Silver
3851,Darius Wright,M,18,AZE,Azerbaijan,Europe,1998,Nagano,Japan,Winter,Cross-Country Skiing,Cross-Country Skiing Slalom,Gold
3852,Lucia Hernandez,F,34,NED,Netherlands,Europe,1904,St. Louis,USA,Summer,Cycling,Keirin,Silver
3853,Michael Robinson,M,40,UKR,Ukraine,Europe,2012,London,Great Britain,Summer,Badminton,Doubles,Bronze
3854,Sofia White,F,38,SVK,Slovakia,Europe,1952,Helsinki,Finland,Summer,Archery,Individual Recurve,Gold
3855,Chris Anderson,M,26,RSA,South Africa,Africa,1984,Sarajevo,Yugoslavia,Winter,Biathlon,Biathlon Super-G,Silver
3856,Ingeborg Robinson,F,34,SVK,Slovakia,Europe,1906,Athens,Greece,Summer,Tennis,Mixed Doubles,Silver
3857,Hans Baker,M,17,FRA,France,Europe,1968,Grenoble,France,Winter,Cross-Country Skiing,Cross-Country Skiing Team,Silver
3858,Nina King,F,29,KOR,South Korea,Asia,1968,Mexico City,Mexico,Summer,Judo,48kg,Gold
3859,Sven Baker,M,28,KOR,South Korea,Asia,1980,Lake Placid,USA,Winter,Snowboard,Snowboard Slalom,Gold
3860,Peter Nelson,M,40,KEN,Kenya,Africa,1952,Oslo,Norway,Winter,Curling,Curling Super-G,Gold
3861,Olga Allen,F,32,AZE,Azerbaijan,Europe,1992,Albertville,France,Winter,Curling,Curling Mass Start,Gold
3862,Lars Allen,M,36,SVK,Slovakia,Europe,2022,Beijing,China,Winter,Luge,Luge Downhill,Gold
3863,Lauren Hernandez,F,17,BEL,Belgium,Europe,1936,Berlin,Germany,Summer,Table Tennis,Singles,Silver
3864,Isabella White,F,17,ESP,Spain,Europe,1976,Montreal,Canada,Summer,Tennis,Mixed Doubles,Bronze
3865,Mei King,F,23,KOR,South Korea,Asia,1988,Calgary,Canada,Winter,Cross-Country Skiing,Cross-Country Skiing Downhill,Bronze
3866,Pierre Martin,M,17,COL,Colombia,South America,1932,Los Angeles,USA,Summer,Tennis,Singles,Silver
3867,James Allen,M,37,NED,Netherlands,Europe,1924,Paris,France,Summer,Wrestling,Greco-Roman 87kg,Bronze
3868,Peter Martin,M,23,HUN,Hungary,Europe,1998,Nagano,Japan,Winter,Ice Hockey,Ice Hockey Mass Start,Gold
3869,Ingrid Smith,F,24,SWE,Sweden,Europe,2016,Rio de Janeiro,Brazil,Summer,Wrestling,Freestyle 86kg,Silver
3870,Michael Hall,M,37,BRA,Brazil,South America,2020,Tokyo,Japan,Summer,Athletics,Pole Vault,Bronze
3871,Rebecca Hall,F,30,HUN,Hungary,Europe,1960,Squaw Valley,USA,Winter,Freestyle Skiing,Freestyle Skiing Sprint,Silver
3872,Carlos Martin,M,32,AUS,Australia,Oceania,2014,Sochi,Russia,Winter,Ice Hockey,Ice Hockey Mass Start,Silver
3873,Fatima Scott,F,24,GBR,Great Britain,Europe,2006,Turin,Italy,Winter,Cross-Country Skiing,Cross-Country Skiing Individual,Bronze
3874,John Nelson,M,19,UKR,Ukraine,Europe,1960,Rome,Italy,Summer,Judo,52kg,Bronze
3875,Wei Robinson,M,27,BRA,Brazil,South America,2012,London,Great Britain,Summer,Table Tennis,Singles,Gold
3876,Olga Rodriguez,F,20,KEN,Kenya,Africa,1984,Los Angeles,USA,Summer,Athletics,3000m Steeplechase,Gold
3877,Ingrid Smith,F,33,CZE,Czech Republic,Europe,1976,Innsbruck,Austria,Winter,Curling,Curling Downhill,Bronze
3878,Steven Jones,M,19,JPN,Japan,Asia,1932,Los Angeles,USA,Summer,Swimming,200m Backstroke,Silver
3879,Kim Nelson,F,29,JAM,Jamaica,North America,1904,St. Louis,USA,Summer,Gymnastics,Uneven Bars,Bronze
3880,Aisha Lopez,F,21,ROM,Romania,Europe,2000,Sydney,Australia,Summer,Wrestling,Greco-Roman 87kg,Gold
3881,Lucia Thomas,F,41,ZIM,Zimbabwe,Africa,2020,Tokyo,Japan,Summer,Gymnastics,Parallel Bars,Bronze
3882,Claire Wilson,F,25,ROM,Romania,Europe,2020,Tokyo,Japan,Summer,Weightlifting,+105kg,Silver
3883,Michael Smith,M,31,NED,Netherlands,Europe,1896,Athens,Greece,Summer,Cycling,Keirin,Silver
3884,Lisa Taylor,F,37,ZIM,Zimbabwe,Africa,1912,Stockholm,Sweden,Summer,Swimming,1500m Freestyle,Gold
3885,Olga Garcia,F,25,KAZ,Kazakhstan,Asia,1928,Amsterdam,Netherlands,Summer,Boxing,49kg,Gold
3886,Lars Jones,M,37,NGR,Nigeria,Africa,1968,Mexico City,Mexico,Summer,Shooting,Skeet,Gold
3887,Svetlana Smith,F,26,JPN,Japan,Asia,1952,Helsinki,Finland,Summer,Basketball,3x3 Basketball,Gold
3888,Fatima Anderson,F,24,AZE,Azerbaijan,Europe,1960,Squaw Valley,USA,Winter,Ice Hockey,Ice Hockey Downhill,Gold
3889,Isabella Rodriguez,F,33,RUS,Russia,Europe,1936,Garmisch,Germany,Winter,Cross-Country Skiing,Cross-Country Skiing Downhill,Silver
3890,Wei Hill,M,34,HUN,Hungary,Europe,2010,Vancouver,Canada,Winter,Curling,Curling Pursuit,Silver
3891,Ingeborg Johnson,F,33,NOR,Norway,Europe,1928,Amsterdam,Netherlands,Summer,Cycling,BMX Freestyle,Silver
3892,David Hall,M,23,GBR,Great Britain,Europe,1906,Athens,Greece,Summer,Gymnastics,Parallel Bars,Silver
3893,Darius King,M,35,UKR,Ukraine,Europe,1908,London,Great Britain,Summer,Shooting,Skeet,Gold
3894,Lauren Wright,F,31,FRA,France,Europe,1920,Antwerp,Belgium,Summer,Volleyball,Volleyball,Bronze
3895,David Williams,M,34,POL,Poland,Europe,1924,Chamonix,France,Winter,Skiing,Skiing Sprint,Gold
3896,Yuna Harris,F,20,CZE,Czech Republic,Europe,2024,Paris,France,Summer,Archery,Team Recurve,Bronze
3897,Hans Nelson,M,40,KEN,Kenya,Africa,1928,Amsterdam,Netherlands,Summer,Taekwondo,73kg,Silver
3898,Anna Jones,F,26,UKR,Ukraine,Europe,1980,Lake Placid,USA,Winter,Ice Hockey,Ice Hockey Team,Silver
3899,Elena Smith,F,35,AUS,Australia,Oceania,2022,Beijing,China,Winter,Figure Skating,Figure Skating Slalom,Silver
3900,Chris Thomas,M,41,UZB,Uzbekistan,Asia,1960,Rome,Italy,Summer,Tennis,Doubles,Silver
3901,Ingrid Moore,F,21,SVK,Slovakia,Europe,1988,Seoul,South Korea,Summer,Tennis,Singles,Silver
3902,Robert Thomas,M,38,IRN,Iran,Asia,1992,Albertville,France,Winter,Biathlon,Biathlon Giant Slalom,Silver
3903,Darius Young,M,40,FIN,Finland,Europe,1998,Nagano,Japan,Winter,Snowboard,Snowboard Slalom,Bronze
3904,Kim Robinson,F,25,CAN,Canada,North America,2016,Rio de Janeiro,Brazil,Summer,Tennis,Doubles,Gold
3905,Mei Anderson,F,32,GRE,Greece,Europe,1996,Atlanta,USA,Summer,Fencing,Sabre Individual,Bronze
3906,Isabella Robinson,F,28,ITA,Italy,Europe,1964,Innsbruck,Austria,Winter,Bobsled,Bobsled Slalom,Gold
3907,Steven Garcia,M,40,ROM,Romania,Europe,1984,Los Angeles,USA,Summer,Swimming,1500m Freestyle,Bronze
3908,Jessica Allen,F,31,JPN,Japan,Asia,1998,Nagano,Japan,Winter,Skiing,Skiing Mass Start,Gold
3909,Lars Lewis,M,29,USA,United States,North America,1996,Atlanta,USA,Summer,Athletics,20km Walk,Silver
3910,Ingrid Walker,F,21,JPN,Japan,Asia,1936,Garmisch,Germany,Winter,Skeleton,Skeleton Downhill,Bronze
3911,Lauren Taylor,F,24,JPN,Japan,Asia,2014,Sochi,Russia,Winter,Nordic Combined,Nordic Combined Sprint,Gold
3912,Mark Brown,M,38,RUS,Russia,Europe,1936,Garmisch,Germany,Winter,Luge,Luge Pursuit,Gold
3913,Lars Wilson,M,19,SUI,Switzerland,Europe,2002,Salt Lake City,USA,Winter,Bobsled,Bobsled Sprint,Silver
3914,Lucia Baker,F,26,CUB,Cuba,North America,1932,Los Angeles,USA,Summer,Boxing,75kg,Gold
3915,Carlos Mitchell,M,22,GBR,Great Britain,Europe,1896,Athens,Greece,Summer,Gymnastics,Balance Beam,Bronze
3916,Mohammed Green,M,21,ZIM,Zimbabwe,Africa,2010,Vancouver,Canada,Winter,Speed Skating,Speed Skating Slalom,Bronze
3917,Mei Wright,F,38,BEL,Belgium,Europe,1948,London,Great Britain,Summer,Fencing,Epee Team,Gold
3918,Diego Anderson,M,29,CAN,Canada,North America,1960,Squaw Valley,USA,Winter,Figure Skating,Figure Skating Individual,Bronze
3919,Sarah Williams,F,26,CUB,Cuba,North America,1956,Melbourne,Australia,Summer,Tennis,Mixed Doubles,Bronze
3920,Darius Brown,M,38,ROM,Romania,Europe,1932,Lake Placid,USA,Winter,Ice Hockey,Ice Hockey Individual,Silver
3921,Maria Hernandez,F,25,GER,Germany,Europe,1956,Melbourne,Australia,Summer,Tennis,Doubles,Bronze
3922,Emma Martinez,F,37,JAM,Jamaica,North America,1980,Moscow,Russia,Summer,Cycling,Omnium,Gold
3923,Maria Brown,F,35,NZL,New Zealand,Oceania,1998,Nagano,Japan,Winter,Figure Skating,Figure Skating Team,Bronze
3924,Peter Robinson,M,35,KEN,Kenya,Africa,1972,Munich,Germany,Summer,Tennis,Doubles,Gold
3925,Carlos White,M,24,SVK,Slovakia,Europe,2002,Salt Lake City,USA,Winter,Snowboard,Snowboard Downhill,Bronze
3926,Aisha Wright,F,21,UZB,Uzbekistan,Asia,2014,Sochi,Russia,Winter,Freestyle Skiing,Freestyle Skiing Sprint,Bronze
3927,Ivan Davis,M,23,SUI,Switzerland,Europe,2004,Athens,Greece,Summer,Cycling,Omnium,Gold
3928,Thomas Harris,M,17,KEN,Kenya,Africa,1948,London,Great Britain,Summer,Athletics,Shot Put,Silver
3929,Svetlana Baker,F,16,IRN,Iran,Asia,1956,Melbourne,Australia,Summer,Weightlifting,69kg,Bronze
3930,Steven Lewis,M,23,CAN,Canada,North America,1964,Tokyo,Japan,Summer,Rowing,Lightweight Four,Gold
3931,David Clark,M,23,RUS,Russia,Europe,1956,Cortina,Italy,Winter,Biathlon,Biathlon Downhill,Gold
3932,Rebecca Lopez,F,26,ESP,Spain,Europe,2020,Tokyo,Japan,Summer,Athletics,Shot Put,Gold
3933,David Taylor,M,24,AUT,Austria,Europe,2018,PyeongChang,South Korea,Winter,Snowboard,Snowboard Mass Start,Bronze
3934,Wei Miller,M,27,JPN,Japan,Asia,2020,Tokyo,Japan,Summer,Judo,100kg,Gold
3935,Aisha Jones,F,40,GBR,Great Britain,Europe,1956,Cortina,Italy,Winter,Figure Skating,Figure Skating Giant Slalom,Bronze
3936,Chiara Harris,F,38,CHN,China,Asia,1912,Stockholm,Sweden,Summer,Cycling,Omnium,Bronze
3937,Nina Lopez,F,19,GER,Germany,Europe,2004,Athens,Greece,Summer,Judo,57kg,Silver
3938,Yuna Thomas,F,41,NZL,New Zealand,Oceania,1960,Squaw Valley,USA,Winter,Skeleton,Skeleton Team,Bronze
3939,Chiara Allen,F,19,CHN,China,Asia,1996,Atlanta,USA,Summer,Wrestling,Freestyle 97kg,Gold
3940,Lucia Martin,F,38,IRN,Iran,Asia,2024,Paris,France,Summer,Gymnastics,Rhythmic Gymnastics,Silver
3941,Nina Williams,F,18,SUI,Switzerland,Europe,1924,Chamonix,France,Winter,Skiing,Skiing Individual,Silver
3942,Olga Allen,F,32,COL,Colombia,South America,1928,Amsterdam,Netherlands,Summer,Swimming,100m Butterfly,Bronze
3943,Peter Young,M,37,ZIM,Zimbabwe,Africa,1972,Sapporo,Japan,Winter,Skeleton,Skeleton Team,Gold
3944,Chris Allen,M,18,FRA,France,Europe,1980,Lake Placid,USA,Winter,Skiing,Skiing Individual,Bronze
3945,Kwame White,M,33,NGR,Nigeria,Africa,1920,Antwerp,Belgium,Summer,Swimming,100m Backstroke,Gold
3946,Ivan Wilson,M,33,RSA,South Africa,Africa,1952,Helsinki,Finland,Summer,Basketball,Basketball,Silver
3947,Sven Lewis,M,32,POL,Poland,Europe,1980,Lake Placid,USA,Winter,Skeleton,Skeleton Giant Slalom,Silver
3948,Mohammed Walker,M,37,AUT,Austria,Europe,1992,Albertville,France,Winter,Skiing,Skiing Super-G,Silver
3949,Aisha Williams,F,21,RSA,South Africa,Africa,1968,Mexico City,Mexico,Summer,Archery,Team Recurve,Gold
3950,Darius Adams,M,39,CAN,Canada,North America,1976,Innsbruck,Austria,Winter,Ice Hockey,Ice Hockey Slalom,Gold
3951,Peter King,M,36,FIN,Finland,Europe,2002,Salt Lake City,USA,Winter,Freestyle Skiing,Freestyle Skiing Mass Start,Gold
3952,Yuna Smith,F,32,CHN,China,Asia,1960,Squaw Valley,USA,Winter,Luge,Luge Mass Start,Bronze
3953,Isabella Carter,F,32,TUR,Turkey,Asia,1936,Garmisch,Germany,Winter,Skiing,Skiing Downhill,Bronze
3954,Rebecca White,F,35,KOR,South Korea,Asia,1996,Atlanta,USA,Summer,Taekwondo,57kg,Silver
3955,Yuki Scott,M,29,USA,United States,North America,1976,Montreal,Canada,Summer,Gymnastics,Parallel Bars,Bronze
3956,Carlos Lopez,M,33,ESP,Spain,Europe,2008,Beijing,China,Summer,Football,Football,Gold
3957,Olga Carter,F,17,POL,Poland,Europe,1912,Stockholm,Sweden,Summer,Football,Football,Silver
3958,Robert Hill,M,40,ZIM,Zimbabwe,Africa,2020,Tokyo,Japan,Summer,Basketball,Basketball,Gold
3959,Marco Williams,M,16,SVK,Slovakia,Europe,1996,Atlanta,USA,Summer,Tennis,Singles,Gold
3960,Kim Martin,F,40,DEN,Denmark,Europe,1960,Squaw Valley,USA,Winter,Curling,Curling Super-G,Silver
3961,Peter Davis,M,37,CUB,Cuba,North America,2006,Turin,Italy,Winter,Skeleton,Skeleton Slalom,Silver
3962,John Lee,M,29,FRA,France,Europe,1980,Moscow,Russia,Summer,Archery,Team Compound,Silver
3963,David Thompson,M,19,KOR,South Korea,Asia,1988,Seoul,South Korea,Summer,Badminton,Mixed Doubles,Bronze
3964,Sarah Brown,F,26,ETH,Ethiopia,Africa,1906,Athens,Greece,Summer,Wrestling,Freestyle 125kg,Silver
3965,Mohammed Nelson,M,37,ARG,Argentina,South America,1952,Oslo,Norway,Winter,Snowboard,Snowboard Individual,Bronze
3966,Aisha Hill,F,23,NZL,New Zealand,Oceania,2022,Beijing,China,Winter,Figure Skating,Figure Skating Slalom,Silver
3967,Sarah Jackson,F,22,FRA,France,Europe,1924,Chamonix,France,Winter,Speed Skating,Speed Skating Downhill,Silver
3968,Michael Nelson,M,16,COL,Colombia,South America,1948,London,Great Britain,Summer,Table Tennis,Singles,Gold
3969,Yuna Smith,F,35,CAN,Canada,North America,1952,Oslo,Norway,Winter,Figure Skating,Figure Skating Super-G,Silver
3970,Fatima Allen,F,26,FIN,Finland,Europe,2004,Athens,Greece,Summer,Shooting,10m Air Pistol,Silver
3971,John Scott,M,27,UZB,Uzbekistan,Asia,1928,Amsterdam,Netherlands,Summer,Table Tennis,Team,Bronze
3972,Sofia Clark,F,20,KOR,South Korea,Asia,2018,PyeongChang,South Korea,Winter,Luge,Luge Sprint,Bronze
3973,Chris Williams,M,23,USA,United States,North America,1968,Mexico City,Mexico,Summer,Swimming,50m Freestyle,Silver
3974,Wei Miller,M,21,FIN,Finland,Europe,1964,Innsbruck,Austria,Winter,Nordic Combined,Nordic Combined Slalom,Bronze
3975,Darius Anderson,M,32,BRA,Brazil,South America,1964,Tokyo,Japan,Summer,Table Tennis,Singles,Bronze
3976,Emma Green,F,29,BEL,Belgium,Europe,1896,Athens,Greece,Summer,Fencing,Foil Individual,Gold
3977,Fatima Lopez,F,40,NGR,Nigeria,Africa,2024,Paris,France,Summer,Boxing,60kg,Bronze
3978,Robert Clark,M,29,RSA,South Africa,Africa,1994,Lillehammer,Norway,Winter,Skiing,Skiing Giant Slalom,Gold
3979,Claire Taylor,F,25,CZE,Czech Republic,Europe,1976,Innsbruck,Austria,Winter,Luge,Luge Super-G,Gold
3980,Rebecca Hall,F,33,KOR,South Korea,Asia,1928,Amsterdam,Netherlands,Summer,Boxing,64kg,Gold
3981,Claire Lee,F,18,CUB,Cuba,North America,2008,Beijing,China,Summer,Gymnastics,Vault,Gold
3982,David Walker,M,38,IRN,Iran,Asia,1936,Garmisch,Germany,Winter,Biathlon,Biathlon Team,Bronze
3983,Diego Martin,M,35,BRA,Brazil,South America,1964,Innsbruck,Austria,Winter,Freestyle Skiing,Freestyle Skiing Team,Bronze
3984,Mark King,M,16,RSA,South Africa,Africa,1988,Calgary,Canada,Winter,Luge,Luge Individual,Gold
3985,Carlos Walker,M,39,FRA,France,Europe,1980,Lake Placid,USA,Winter,Snowboard,Snowboard Team,Bronze
3986,Rebecca Adams,F,29,ZIM,Zimbabwe,Africa,2002,Salt Lake City,USA,Winter,Snowboard,Snowboard Sprint,Bronze
3987,Mark Miller,M,23,GER,Germany,Europe,2014,Sochi,Russia,Winter,Figure Skating,Figure Skating Mass Start,Silver
3988,Alexei Davis,M,19,MEX,Mexico,North America,1912,Stockholm,Sweden,Summer,Rowing,Double Sculls,Silver
3989,Carlos Wilson,M,21,UZB,Uzbekistan,Asia,1896,Athens,Greece,Summer,Fencing,Foil Individual,Silver
3990,Sarah Baker,F,29,USA,United States,North America,1992,Barcelona,Spain,Summer,Athletics,400m Hurdles,Bronze
3991,Kim Jones,F,32,ETH,Ethiopia,Africa,1952,Helsinki,Finland,Summer,Swimming,200m Individual Medley,Gold
3992,Nina Wright,F,24,POL,Poland,Europe,1932,Lake Placid,USA,Winter,Biathlon,Biathlon Mass Start,Gold
3993,Emma King,F,41,KAZ,Kazakhstan,Asia,2012,London,Great Britain,Summer,Wrestling,Greco-Roman 77kg,Bronze
3994,Fatima Mitchell,F,24,GBR,Great Britain,Europe,1952,Helsinki,Finland,Summer,Athletics,Marathon,Bronze
3995,Kwame Davis,M,23,USA,United States,North America,1992,Barcelona,Spain,Summer,Canoe,Canoe Slalom,Bronze
3996,Yuki Robinson,M,36,AUS,Australia,Oceania,1936,Garmisch,Germany,Winter,Luge,Luge Mass Start,Gold
3997,Diego Hernandez,M,29,SWE,Sweden,Europe,1896,Athens,Greece,Summer,Basketball,Basketball,Silver
3998,Ingrid Martin,F,31,GBR,Great Britain,Europe,1936,Garmisch,Germany,Winter,Biathlon,Biathlon Giant Slalom,Gold
3999,Kwame Hall,M,33,AUS,Australia,Oceania,2002,Salt Lake City,USA,Winter,Cross-Country Skiing,Cross-Country Skiing Individual,Bronze
4000,Ingrid Williams,F,23,CAN,Canada,North America,1960,Rome,Italy,Summer,Judo,+100kg,Silver
4001,Aisha Hall,F,25,KEN,Kenya,Africa,1952,Oslo,Norway,Winter,Skiing,Skiing Individual,Silver
4002,Fatima Scott,F,32,RSA,South Africa,Africa,1992,Albertville,France,Winter,Speed Skating,Speed Skating Giant Slalom,Gold
4003,Pierre King,M,17,JAM,Jamaica,North America,1976,Montreal,Canada,Summer,Athletics,Heptathlon,Gold
4004,Jessica Robinson,F,26,SWE,Sweden,Europe,2012,London,Great Britain,Summer,Gymnastics,Team,Bronze
4005,Anna Wilson,F,32,GBR,Great Britain,Europe,1932,Lake Placid,USA,Winter,Ski Jumping,Ski Jumping Pursuit,Gold
4006,Kwame Smith,M,24,RUS,Russia,Europe,1972,Sapporo,Japan,Winter,Biathlon,Biathlon Downhill,Gold
4007,Wei Rodriguez,M,41,ETH,Ethiopia,Africa,1912,Stockholm,Sweden,Summer,Shooting,50m Rifle Prone,Bronze
4008,Sven Scott,M,23,SWE,Sweden,Europe,1972,Munich,Germany,Summer,Tennis,Doubles,Silver
4009,Yuna Baker,F,21,UKR,Ukraine,Europe,2000,Sydney,Australia,Summer,Taekwondo,67kg,Gold
4010,Steven Johnson,M,27,NOR,Norway,Europe,1976,Innsbruck,Austria,Winter,Ski Jumping,Ski Jumping Individual,Gold
4011,Kim Walker,F,27,RSA,South Africa,Africa,1956,Melbourne,Australia,Summer,Canoe,Canoe Sprint,Bronze
4012,Anna King,F,23,POR,Portugal,Europe,1924,Paris,France,Summer,Canoe,Canoe Slalom,Gold
4013,Ivan Lopez,M,24,DEN,Denmark,Europe,1988,Calgary,Canada,Winter,Cross-Country Skiing,Cross-Country Skiing Mass Start,Bronze
4014,Ingrid Rodriguez,F,32,CZE,Czech Republic,Europe,2008,Beijing,China,Summer,Wrestling,Freestyle 86kg,Bronze
4015,Sofia Miller,F,33,IND,India,Asia,1948,London,Great Britain,Summer,Canoe,Canoe Sprint,Silver
4016,Hans Carter,M,40,USA,United States,North America,2004,Athens,Greece,Summer,Gymnastics,Vault,Silver
4017,Rebecca Davis,F,27,USA,United States,North America,1972,Sapporo,Japan,Winter,Skiing,Skiing Downhill,Silver
4018,Lars Wilson,M,19,SUI,Switzerland,Europe,1936,Garmisch,Germany,Winter,Cross-Country Skiing,Cross-Country Skiing Super-G,Silver
4019,Diego Thompson,M,27,NZL,New Zealand,Oceania,1924,Chamonix,France,Winter,Bobsled,Bobsled Individual,Silver
4020,Anna Martinez,F,16,SVK,Slovakia,Europe,1956,Melbourne,Australia,Summer,Basketball,Basketball,Bronze
4021,Kwame Martin,M,23,NGR,Nigeria,Africa,1996,Atlanta,USA,Summer,Fencing,Sabre Individual,Silver
4022,Chiara Nelson,F,28,FRA,France,Europe,2000,Sydney,Australia,Summer,Wrestling,Greco-Roman 77kg,Gold
4023,Michael Mitchell,M,26,TUR,Turkey,Asia,1964,Tokyo,Japan,Summer,Fencing,Epee Individual,Gold
4024,John Brown,M,41,RUS,Russia,Europe,1964,Innsbruck,Austria,Winter,Skiing,Skiing Individual,Gold
4025,Jessica King,F,18,GER,Germany,Europe,2020,Tokyo,Japan,Summer,Fencing,Foil Team,Gold
4026,Robert Harris,M,20,GRE,Greece,Europe,1988,Seoul,South Korea,Summer,Shooting,50m Rifle Prone,Gold
4027,Chris Walker,M,32,POR,Portugal,Europe,1906,Athens,Greece,Summer,Archery,Team Recurve,Bronze
4028,Kim White,F,20,NZL,New Zealand,Oceania,1994,Lillehammer,Norway,Winter,Skiing,Skiing Giant Slalom,Gold
4029,Sven King,M,31,MEX,Mexico,North America,1906,Athens,Greece,Summer,Shooting,50m Rifle Prone,Bronze
4030,Lauren Moore,F,18,JAM,Jamaica,North America,1948,London,Great Britain,Summer,Football,Football,Gold
4031,Peter Miller,M,29,JPN,Japan,Asia,1908,London,Great Britain,Summer,Table Tennis,Singles,Bronze
4032,Lisa Harris,F,28,ITA,Italy,Europe,2008,Beijing,China,Summer,Basketball,3x3 Basketball,Gold
4033,Darius Young,M,38,BRA,Brazil,South America,1928,Amsterdam,Netherlands,Summer,Rowing,Lightweight Double Sculls,Bronze
4034,Pierre Young,M,29,JAM,Jamaica,North America,1948,London,Great Britain,Summer,Football,Football,Silver
4035,Mohammed Harris,M,38,SWE,Sweden,Europe,1896,Athens,Greece,Summer,Cycling,Sprint,Bronze
4036,Yuki King,M,36,IRN,Iran,Asia,1932,Los Angeles,USA,Summer,Fencing,Epee Individual,Gold
4037,Lauren Baker,F,35,SUI,Switzerland,Europe,1932,Los Angeles,USA,Summer,Basketball,Basketball,Silver
4038,Fatima Thompson,F,40,KAZ,Kazakhstan,Asia,2024,Paris,France,Summer,Boxing,56kg,Silver
4039,Ingeborg Green,F,40,CUB,Cuba,North America,2002,Salt Lake City,USA,Winter,Curling,Curling Mass Start,Silver
4040,Yuna Harris,F,41,GER,Germany,Europe,1980,Lake Placid,USA,Winter,Biathlon,Biathlon Team,Gold
4041,Alexei Lopez,M,26,TUR,Turkey,Asia,1972,Munich,Germany,Summer,Shooting,10m Air Rifle,Silver
4042,Katarina Brown,F,35,UZB,Uzbekistan,Asia,1912,Stockholm,Sweden,Summer,Fencing,Sabre Individual,Bronze
4043,Emma Anderson,F,35,IND,India,Asia,1964,Innsbruck,Austria,Winter,Nordic Combined,Nordic Combined Sprint,Silver
4044,Yuna King,F,28,CHN,China,Asia,1988,Calgary,Canada,Winter,Biathlon,Biathlon Sprint,Gold
4045,Sarah White,F,39,NZL,New Zealand,Oceania,1924,Paris,France,Summer,Football,Football,Gold
4046,Michael Thomas,M,33,ZIM,Zimbabwe,Africa,1932,Lake Placid,USA,Winter,Bobsled,Bobsled Giant Slalom,Bronze
4047,Pierre Baker,M,39,SUI,Switzerland,Europe,1956,Cortina,Italy,Winter,Bobsled,Bobsled Slalom,Gold
4048,Olga Jones,F,40,NGR,Nigeria,Africa,1992,Albertville,France,Winter,Cross-Country Skiing,Cross-Country Skiing Super-G,Bronze
4049,Katarina Miller,F,24,BRA,Brazil,South America,1998,Nagano,Japan,Winter,Cross-Country Skiing,Cross-Country Skiing Sprint,Gold
4050,Sarah White,F,30,NOR,Norway,Europe,1908,London,Great Britain,Summer,Badminton,Mixed Doubles,Bronze
4051,Sofia Young,F,36,POL,Poland,Europe,1984,Los Angeles,USA,Summer,Football,Football,Gold
4052,Peter Smith,M,22,ETH,Ethiopia,Africa,1920,Antwerp,Belgium,Summer,Boxing,69kg,Gold
4053,Marco Hill,M,17,NZL,New Zealand,Oceania,1984,Sarajevo,Yugoslavia,Winter,Skiing,Skiing Super-G,Bronze
4054,Pierre Harris,M,32,AUT,Austria,Europe,1928,Amsterdam,Netherlands,Summer,Taekwondo,68kg,Gold
4055,Thomas Hernandez,M,18,IND,India,Asia,2018,PyeongChang,South Korea,Winter,Biathlon,Biathlon Individual,Gold
4056,Elena Johnson,F,20,ETH,Ethiopia,Africa,2006,Turin,Italy,Winter,Luge,Luge Super-G,Silver
4057,Rebecca Martinez,F,16,GRE,Greece,Europe,1924,Chamonix,France,Winter,Skiing,Skiing Team,Gold
4058,Sven Anderson,M,29,AZE,Azerbaijan,Europe,1984,Sarajevo,Yugoslavia,Winter,Skeleton,Skeleton Mass Start,Silver
4059,Lisa Anderson,F,26,NOR,Norway,Europe,1994,Lillehammer,Norway,Winter,Nordic Combined,Nordic Combined Downhill,Bronze
4060,Lars Smith,M,37,UKR,Ukraine,Europe,2008,Beijing,China,Summer,Fencing,Sabre Individual,Gold
4061,Rebecca Thompson,F,38,GRE,Greece,Europe,1964,Tokyo,Japan,Summer,Gymnastics,Floor Exercise,Bronze
4062,James Johnson,M,38,NED,Netherlands,Europe,1924,Chamonix,France,Winter,Ice Hockey,Ice Hockey Downhill,Gold
4063,Carlos Williams,M,23,JPN,Japan,Asia,1968,Grenoble,France,Winter,Skiing,Skiing Slalom,Gold
4064,Peter Garcia,M,38,SWE,Sweden,Europe,2010,Vancouver,Canada,Winter,Freestyle Skiing,Freestyle Skiing Giant Slalom,Bronze
4065,Kim Baker,F,41,SUI,Switzerland,Europe,1928,Amsterdam,Netherlands,Summer,Shooting,50m Rifle 3 Positions,Gold
4066,John Allen,M,35,CZE,Czech Republic,Europe,1972,Munich,Germany,Summer,Taekwondo,68kg,Bronze
4067,Ingrid Adams,F,35,DEN,Denmark,Europe,1968,Mexico City,Mexico,Summer,Cycling,Time Trial,Silver
4068,Fatima Thompson,F,27,RUS,Russia,Europe,2008,Beijing,China,Summer,Judo,60kg,Gold
4069,Jessica King,F,24,DEN,Denmark,Europe,1900,Paris,France,Summer,Basketball,Basketball,Gold
4070,Sarah Davis,F,33,ETH,Ethiopia,Africa,1900,Paris,France,Summer,Archery,Individual Compound,Silver
4071,Elena Scott,F,38,KOR,South Korea,Asia,2008,Beijing,China,Summer,Weightlifting,+105kg,Gold
4072,Svetlana Mitchell,F,16,RUS,Russia,Europe,1992,Barcelona,Spain,Summer,Wrestling,Freestyle 97kg,Silver
4073,Carlos Anderson,M,19,FRA,France,Europe,1994,Lillehammer,Norway,Winter,Snowboard,Snowboard Downhill,Bronze
4074,Thomas Moore,M,38,UZB,Uzbekistan,Asia,1960,Rome,Italy,Summer,Volleyball,Volleyball,Bronze
4075,Darius Hernandez,M,30,JAM,Jamaica,North America,2016,Rio de Janeiro,Brazil,Summer,Archery,Individual Recurve,Bronze
4076,Lars Robinson,M,38,KEN,Kenya,Africa,1956,Melbourne,Australia,Summer,Cycling,Omnium,Silver
4077,Wei Williams,M,35,AZE,Azerbaijan,Europe,1968,Mexico City,Mexico,Summer,Boxing,69kg,Gold
4078,Katarina Young,F,32,JAM,Jamaica,North America,1912,Stockholm,Sweden,Summer,Weightlifting,94kg,Gold
4079,James Harris,M,28,IRN,Iran,Asia,1976,Montreal,Canada,Summer,Tennis,Mixed Doubles,Gold
4080,Michael Thompson,M,23,SVK,Slovakia,Europe,1972,Sapporo,Japan,Winter,Speed Skating,Speed Skating Giant Slalom,Silver
4081,Rebecca Young,F,19,USA,United States,North America,2018,PyeongChang,South Korea,Winter,Curling,Curling Giant Slalom,Gold
4082,Steven Lee,M,35,JPN,Japan,Asia,2018,PyeongChang,South Korea,Winter,Cross-Country Skiing,Cross-Country Skiing Mass Start,Bronze
4083,Carlos Lewis,M,17,TUR,Turkey,Asia,1960,Rome,Italy,Summer,Judo,63kg,Bronze
4084,Lauren Miller,F,35,FIN,Finland,Europe,1968,Grenoble,France,Winter,Skeleton,Skeleton Super-G,Gold
4085,Lars Robinson,M,16,SVK,Slovakia,Europe,2002,Salt Lake City,USA,Winter,Figure Skating,Figure Skating Slalom,Silver
4086,Isabella Davis,F,26,FIN,Finland,Europe,1976,Montreal,Canada,Summer,Football,Football,Gold
4087,Jessica King,F,32,ROM,Romania,Europe,1964,Innsbruck,Austria,Winter,Skiing,Skiing Giant Slalom,Gold
4088,John White,M,21,POL,Poland,Europe,2018,PyeongChang,South Korea,Winter,Ski Jumping,Ski Jumping Team,Gold
4089,Sarah Hill,F,17,TUR,Turkey,Asia,1964,Innsbruck,Austria,Winter,Nordic Combined,Nordic Combined Giant Slalom,Gold
4090,Sven Hill,M,20,AZE,Azerbaijan,Europe,1952,Helsinki,Finland,Summer,Tennis,Doubles,Bronze
4091,Ingrid Davis,F,24,USA,United States,North America,1988,Calgary,Canada,Winter,Curling,Curling Pursuit,Bronze
4092,John Rodriguez,M,30,ROM,Romania,Europe,1924,Paris,France,Summer,Cycling,BMX Racing,Bronze
4093,Aisha Lee,F,20,GBR,Great Britain,Europe,1968,Mexico City,Mexico,Summer,Swimming,200m Backstroke,Bronze
4094,Diego Thompson,M,33,NZL,New Zealand,Oceania,1998,Nagano,Japan,Winter,Curling,Curling Giant Slalom,Gold
4095,Lars Baker,M,17,UZB,Uzbekistan,Asia,1988,Calgary,Canada,Winter,Skeleton,Skeleton Downhill,Gold
4096,Claire Mitchell,F,34,CUB,Cuba,North America,1998,Nagano,Japan,Winter,Skiing,Skiing Slalom,Bronze
4097,Katarina Thompson,F,30,KEN,Kenya,Africa,1994,Lillehammer,Norway,Winter,Cross-Country Skiing,Cross-Country Skiing Mass Start,Silver
4098,Ahmed Moore,M,39,SVK,Slovakia,Europe,1952,Helsinki,Finland,Summer,Weightlifting,56kg,Silver
4099,Diego Hernandez,M,25,POR,Portugal,Europe,1996,Atlanta,USA,Summer,Fencing,Sabre Individual,Silver
4100,Nina Nelson,F,23,CHN,China,Asia,1988,Calgary,Canada,Winter,Biathlon,Biathlon Downhill,Bronze
4101,Kwame Baker,M,30,UKR,Ukraine,Europe,1980,Lake Placid,USA,Winter,Figure Skating,Figure Skating Giant Slalom,Silver
4102,Hans Rodriguez,M,37,FIN,Finland,Europe,1964,Tokyo,Japan,Summer,Table Tennis,Team,Silver
4103,Claire White,F,32,RSA,South Africa,Africa,2000,Sydney,Australia,Summer,Archery,Individual Recurve,Silver
4104,Pierre Davis,M,17,UZB,Uzbekistan,Asia,2002,Salt Lake City,USA,Winter,Skiing,Skiing Slalom,Bronze
4105,Darius Jackson,M,37,RSA,South Africa,Africa,2022,Beijing,China,Winter,Skeleton,Skeleton Slalom,Silver
4106,Mohammed Anderson,M,28,NGR,Nigeria,Africa,2000,Sydney,Australia,Summer,Athletics,Heptathlon,Gold
4107,Yuna Jackson,F,16,JAM,Jamaica,North America,1932,Lake Placid,USA,Winter,Figure Skating,Figure Skating Giant Slalom,Silver
4108,Thomas Harris,M,39,CHN,China,Asia,1992,Barcelona,Spain,Summer,Taekwondo,57kg,Gold
4109,Pierre Martin,M,21,JAM,Jamaica,North America,2012,London,Great Britain,Summer,Wrestling,Greco-Roman 130kg,Silver
4110,Fatima Carter,F,20,ETH,Ethiopia,Africa,2004,Athens,Greece,Summer,Fencing,Foil Individual,Bronze
4111,Hans Lopez,M,24,JPN,Japan,Asia,1906,Athens,Greece,Summer,Rowing,Quadruple Sculls,Gold
4112,Wei Clark,M,38,GBR,Great Britain,Europe,1952,Oslo,Norway,Winter,Luge,Luge Super-G,Silver
4113,James Allen,M,17,GBR,Great Britain,Europe,1960,Squaw Valley,USA,Winter,Nordic Combined,Nordic Combined Slalom,Gold
4114,Fatima Lee,F,25,HUN,Hungary,Europe,1976,Innsbruck,Austria,Winter,Speed Skating,Speed Skating Team,Bronze
4115,Alexei Baker,M,19,ITA,Italy,Europe,1952,Helsinki,Finland,Summer,Badminton,Doubles,Gold
4116,Sven Johnson,M,31,AUT,Austria,Europe,2000,Sydney,Australia,Summer,Canoe,Canoe Sprint,Silver
4117,Thomas Taylor,M,20,NZL,New Zealand,Oceania,1956,Cortina,Italy,Winter,Skiing,Skiing Slalom,Bronze
4118,Claire Allen,F,25,ESP,Spain,Europe,1998,Nagano,Japan,Winter,Figure Skating,Figure Skating Individual,Bronze
4119,Wei Lee,M,24,COL,Colombia,South America,2004,Athens,Greece,Summer,Volleyball,Volleyball,Silver
4120,Peter Rodriguez,M,29,RUS,Russia,Europe,2018,PyeongChang,South Korea,Winter,Bobsled,Bobsled Super-G,Silver
4121,Kim Harris,F,41,NGR,Nigeria,Africa,1896,Athens,Greece,Summer,Badminton,Doubles,Bronze
4122,Sven Allen,M,24,HUN,Hungary,Europe,1924,Chamonix,France,Winter,Skeleton,Skeleton Downhill,Gold
4123,Mohammed Walker,M,28,UZB,Uzbekistan,Asia,1900,Paris,France,Summer,Table Tennis,Singles,Bronze
4124,Sven Thomas,M,21,ROM,Romania,Europe,2000,Sydney,Australia,Summer,Wrestling,Greco-Roman 60kg,Gold
4125,John King,M,28,KOR,South Korea,Asia,1906,Athens,Greece,Summer,Taekwondo,73kg,Bronze
4126,Sven Davis,M,26,CHN,China,Asia,1904,St. Louis,USA,Summer,Football,Football,Gold
4127,Lauren Williams,F,25,NOR,Norway,Europe,1904,St. Louis,USA,Summer,Swimming,100m Backstroke,Silver
4128,Thomas Jones,M,28,CAN,Canada,North America,1972,Munich,Germany,Summer,Canoe,Canoe Slalom,Bronze
4129,Marco Jones,M,34,AZE,Azerbaijan,Europe,1998,Nagano,Japan,Winter,Figure Skating,Figure Skating Pursuit,Bronze
4130,Michael Rodriguez,M,19,POR,Portugal,Europe,1992,Albertville,France,Winter,Ice Hockey,Ice Hockey Downhill,Gold
4131,James Brown,M,29,CAN,Canada,North America,1900,Paris,France,Summer,Badminton,Singles,Bronze
4132,Chiara Garcia,F,30,SWE,Sweden,Europe,1924,Chamonix,France,Winter,Ice Hockey,Ice Hockey Giant Slalom,Gold
4133,Rebecca Green,F,39,AUS,Australia,Oceania,1976,Montreal,Canada,Summer,Swimming,100m Butterfly,Silver
4134,Maria Anderson,F,22,RUS,Russia,Europe,2016,Rio de Janeiro,Brazil,Summer,Boxing,91kg,Bronze
4135,Mohammed Adams,M,29,AUS,Australia,Oceania,2000,Sydney,Australia,Summer,Table Tennis,Singles,Gold
4136,Aisha Nelson,F,27,KAZ,Kazakhstan,Asia,1952,Oslo,Norway,Winter,Speed Skating,Speed Skating Downhill,Silver
4137,Jessica Allen,F,16,NGR,Nigeria,Africa,1924,Chamonix,France,Winter,Nordic Combined,Nordic Combined Mass Start,Bronze
4138,Ingeborg Thompson,F,20,BRA,Brazil,South America,2020,Tokyo,Japan,Summer,Athletics,Heptathlon,Silver
4139,Sofia Thompson,F,33,NOR,Norway,Europe,1932,Los Angeles,USA,Summer,Volleyball,Beach Volleyball,Silver
4140,Ingeborg Carter,F,16,USA,United States,North America,1980,Moscow,Russia,Summer,Archery,Individual Compound,Silver
4141,Emma Young,F,40,SUI,Switzerland,Europe,1968,Grenoble,France,Winter,Bobsled,Bobsled Slalom,Gold
4142,Ingrid Scott,F,20,KOR,South Korea,Asia,1928,Amsterdam,Netherlands,Summer,Canoe,Canoe Slalom,Gold
4143,Sven Jones,M,28,ARG,Argentina,South America,2016,Rio de Janeiro,Brazil,Summer,Canoe,Canoe Sprint,Bronze
4144,Michael Johnson,M,30,BRA,Brazil,South America,1998,Nagano,Japan,Winter,Ski Jumping,Ski Jumping Downhill,Silver
4145,Nina Walker,F,17,GER,Germany,Europe,1932,Lake Placid,USA,Winter,Cross-Country Skiing,Cross-Country Skiing Slalom,Bronze
4146,Peter Jones,M,41,ARG,Argentina,South America,2006,Turin,Italy,Winter,Luge,Luge Giant Slalom,Bronze
4147,Jessica Lee,F,31,RSA,South Africa,Africa,2022,Beijing,China,Winter,Freestyle Skiing,Freestyle Skiing Downhill,Bronze
4148,Diego Thompson,M,21,HUN,Hungary,Europe,1908,London,Great Britain,Summer,Wrestling,Greco-Roman 77kg,Gold
4149,Ingrid Smith,F,18,ESP,Spain,Europe,1988,Seoul,South Korea,Summer,Volleyball,Volleyball,Gold
4150,Sarah Scott,F,33,GRE,Greece,Europe,1988,Calgary,Canada,Winter,Snowboard,Snowboard Team,Silver
4151,Anna Lee,F,31,KOR,South Korea,Asia,1896,Athens,Greece,Summer,Weightlifting,+105kg,Gold
4152,James Wright,M,39,POR,Portugal,Europe,1904,St. Louis,USA,Summer,Badminton,Doubles,Silver
4153,Sofia Carter,F,39,BRA,Brazil,South America,1906,Athens,Greece,Summer,Judo,81kg,Silver
4154,Lisa Brown,F,29,POR,Portugal,Europe,1972,Sapporo,Japan,Winter,Nordic Combined,Nordic Combined Sprint,Silver
4155,Sven Wright,M,17,ROM,Romania,Europe,1908,London,Great Britain,Summer,Gymnastics,Floor Exercise,Gold
4156,Thomas Johnson,M,39,ESP,Spain,Europe,2020,Tokyo,Japan,Summer,Weightlifting,+105kg,Silver
4157,Katarina Harris,F,21,ROM,Romania,Europe,1906,Athens,Greece,Summer,Wrestling,Freestyle 125kg,Bronze
4158,Sven Thomas,M,16,GBR,Great Britain,Europe,2002,Salt Lake City,USA,Winter,Snowboard,Snowboard Sprint,Bronze
4159,Ingeborg Rodriguez,F,37,KEN,Kenya,Africa,1976,Innsbruck,Austria,Winter,Bobsled,Bobsled Slalom,Bronze
4160,Claire Thompson,F,39,JAM,Jamaica,North America,1936,Garmisch,Germany,Winter,Cross-Country Skiing,Cross-Country Skiing Downhill,Gold
4161,Svetlana Anderson,F,37,COL,Colombia,South America,1960,Squaw Valley,USA,Winter,Ice Hockey,Ice Hockey Downhill,Gold
4162,Diego White,M,27,ETH,Ethiopia,Africa,1952,Oslo,Norway,Winter,Biathlon,Biathlon Downhill,Silver
4163,Pierre Mitchell,M,23,AUS,Australia,Oceania,1952,Oslo,Norway,Winter,Skiing,Skiing Super-G,Gold
4164,Rebecca Wilson,F,28,NZL,New Zealand,Oceania,1972,Sapporo,Japan,Winter,Ski Jumping,Ski Jumping Downhill,Bronze
4165,Mei Miller,F,26,MEX,Mexico,North America,2002,Salt Lake City,USA,Winter,Luge,Luge Individual,Silver
4166,Chiara Hall,F,35,ESP,Spain,Europe,1956,Melbourne,Australia,Summer,Canoe,Canoe Sprint,Bronze
4167,James White,M,32,KEN,Kenya,Africa,1980,Lake Placid,USA,Winter,Biathlon,Biathlon Mass Start,Silver
4168,Wei Hernandez,M,37,ETH,Ethiopia,Africa,1980,Lake Placid,USA,Winter,Luge,Luge Sprint,Silver
4169,Elena Thompson,F,22,ROM,Romania,Europe,1948,St. Moritz,Switzerland,Winter,Bobsled,Bobsled Individual,Silver
4170,Jessica Davis,F,39,KOR,South Korea,Asia,2012,London,Great Britain,Summer,Cycling,Omnium,Gold
4171,Ingeborg Jones,F,41,UZB,Uzbekistan,Asia,1924,Paris,France,Summer,Gymnastics,Trampoline,Bronze
4172,Yuna Anderson,F,35,ARG,Argentina,South America,1948,St. Moritz,Switzerland,Winter,Luge,Luge Downhill,Gold
4173,Sven King,M,17,ITA,Italy,Europe,1948,London,Great Britain,Summer,Volleyball,Beach Volleyball,Bronze
4174,James Taylor,M,40,UZB,Uzbekistan,Asia,2004,Athens,Greece,Summer,Rowing,Four,Gold
4175,Mei Moore,F,35,KOR,South Korea,Asia,2000,Sydney,Australia,Summer,Football,Football,Gold
4176,Ivan Wright,M,34,IRN,Iran,Asia,1960,Rome,Italy,Summer,Fencing,Sabre Individual,Bronze
4177,Katarina Thompson,F,31,GER,Germany,Europe,1920,Antwerp,Belgium,Summer,Canoe,Canoe Sprint,Bronze
4178,Sarah Martinez,F,28,FIN,Finland,Europe,2008,Beijing,China,Summer,Archery,Individual Compound,Gold
4179,Rebecca Thompson,F,39,FRA,France,Europe,1992,Barcelona,Spain,Summer,Cycling,BMX Racing,Bronze
4180,Lisa King,F,29,AUS,Australia,Oceania,1976,Innsbruck,Austria,Winter,Ski Jumping,Ski Jumping Sprint,Gold
4181,Maria Mitchell,F,27,RUS,Russia,Europe,1980,Moscow,Russia,Summer,Fencing,Epee Team,Gold
4182,Rebecca Scott,F,34,GRE,Greece,Europe,1972,Munich,Germany,Summer,Tennis,Doubles,Silver
4183,Fatima Hernandez,F,32,KEN,Kenya,Africa,1976,Innsbruck,Austria,Winter,Bobsled,Bobsled Mass Start,Silver
4184,David Nelson,M,35,USA,United States,North America,1908,London,Great Britain,Summer,Cycling,Team Sprint,Bronze
4185,Lucia Thomas,F,35,UZB,Uzbekistan,Asia,1936,Berlin,Germany,Summer,Football,Football,Bronze
4186,Yuki Martin,M,24,GER,Germany,Europe,1976,Montreal,Canada,Summer,Fencing,Sabre Team,Bronze
4187,Claire Martinez,F,32,KOR,South Korea,Asia,1992,Albertville,France,Winter,Skiing,Skiing Team,Silver
4188,Anna Jones,F,29,COL,Colombia,South America,1992,Albertville,France,Winter,Figure Skating,Figure Skating Downhill,Silver
4189,Steven Brown,M,38,JPN,Japan,Asia,1968,Grenoble,France,Winter,Curling,Curling Downhill,Silver
4190,Sarah Clark,F,32,GRE,Greece,Europe,1900,Paris,France,Summer,Football,Football,Gold
4191,Darius Robinson,M,30,JPN,Japan,Asia,1920,Antwerp,Belgium,Summer,Basketball,Basketball,Gold
4192,Darius Lopez,M,41,AZE,Azerbaijan,Europe,1948,London,Great Britain,Summer,Swimming,100m Backstroke,Gold
4193,Olga Allen,F,30,ETH,Ethiopia,Africa,1984,Sarajevo,Yugoslavia,Winter,Luge,Luge Sprint,Gold
4194,Alexei Thomas,M,31,NOR,Norway,Europe,1908,London,Great Britain,Summer,Weightlifting,69kg,Bronze
4195,Nina Robinson,F,18,NZL,New Zealand,Oceania,1980,Moscow,Russia,Summer,Archery,Individual Recurve,Silver
4196,Yuna Lewis,F,28,UKR,Ukraine,Europe,1994,Lillehammer,Norway,Winter,Cross-Country Skiing,Cross-Country Skiing Giant Slalom,Silver
4197,Darius Adams,M,21,AUS,Australia,Oceania,1956,Cortina,Italy,Winter,Nordic Combined,Nordic Combined Mass Start,Bronze
4198,Jessica Williams,F,29,KAZ,Kazakhstan,Asia,1984,Los Angeles,USA,Summer,Boxing,69kg,Silver
4199,Rebecca Hill,F,21,RSA,South Africa,Africa,2022,Beijing,China,Winter,Snowboard,Snowboard Mass Start,Gold
4200,David Williams,M,26,FIN,Finland,Europe,2004,Athens,Greece,Summer,Archery,Individual Compound,Gold
4201,Chiara Anderson,F,18,GRE,Greece,Europe,1912,Stockholm,Sweden,Summer,Cycling,Sprint,Gold
4202,Aisha Young,F,28,NOR,Norway,Europe,2010,Vancouver,Canada,Winter,Ice Hockey,Ice Hockey Individual,Silver
4203,Lucia Green,F,20,IND,India,Asia,1924,Chamonix,France,Winter,Ski Jumping,Ski Jumping Slalom,Bronze
4204,Pierre Walker,M,32,IND,India,Asia,2000,Sydney,Australia,Summer,Fencing,Epee Individual,Gold
4205,Rebecca Harris,F,30,USA,United States,North America,2008,Beijing,China,Summer,Cycling,Sprint,Silver
4206,Alexei Harris,M,37,BEL,Belgium,Europe,1972,Sapporo,Japan,Winter,Biathlon,Biathlon Individual,Gold
4207,Ahmed Thomas,M,26,IND,India,Asia,1952,Helsinki,Finland,Summer,Volleyball,Beach Volleyball,Gold
4208,Mark Rodriguez,M,17,NGR,Nigeria,Africa,1998,Nagano,Japan,Winter,Ice Hockey,Ice Hockey Slalom,Gold
4209,Emma Moore,F,22,KAZ,Kazakhstan,Asia,1960,Rome,Italy,Summer,Table Tennis,Team,Silver
4210,Sofia Smith,F,41,CAN,Canada,North America,1936,Garmisch,Germany,Winter,Nordic Combined,Nordic Combined Sprint,Silver
4211,Carlos Rodriguez,M,26,GBR,Great Britain,Europe,2006,Turin,Italy,Winter,Ice Hockey,Ice Hockey Mass Start,Silver
4212,Svetlana Williams,F,30,SVK,Slovakia,Europe,1968,Grenoble,France,Winter,Curling,Curling Pursuit,Silver
4213,Mohammed Allen,M,27,CZE,Czech Republic,Europe,1920,Antwerp,Belgium,Summer,Weightlifting,105kg,Bronze
4214,Yuki Rodriguez,M,32,SUI,Switzerland,Europe,2016,Rio de Janeiro,Brazil,Summer,Judo,+100kg,Silver
4215,Katarina Young,F,39,KEN,Kenya,Africa,1992,Albertville,France,Winter,Skiing,Skiing Mass Start,Silver
4216,Robert Anderson,M,35,NED,Netherlands,Europe,2010,Vancouver,Canada,Winter,Figure Skating,Figure Skating Pursuit,Silver
4217,Sofia Smith,F,38,POL,Poland,Europe,1984,Sarajevo,Yugoslavia,Winter,Snowboard,Snowboard Super-G,Gold
4218,Jessica Nelson,F,26,CUB,Cuba,North America,2000,Sydney,Australia,Summer,Football,Football,Bronze
4219,Mei Allen,F,17,BEL,Belgium,Europe,2022,Beijing,China,Winter,Speed Skating,Speed Skating Sprint,Gold
4220,David Brown,M,18,NOR,Norway,Europe,1996,Atlanta,USA,Summer,Archery,Individual Compound,Gold
4221,Isabella Walker,F,18,KOR,South Korea,Asia,1948,London,Great Britain,Summer,Taekwondo,+73kg,Gold
4222,Lauren Brown,F,33,POL,Poland,Europe,1984,Sarajevo,Yugoslavia,Winter,Figure Skating,Figure Skating Pursuit,Silver
4223,Peter White,M,27,CHN,China,Asia,1988,Seoul,South Korea,Summer,Gymnastics,Floor Exercise,Silver
4224,Maria Hernandez,F,16,NZL,New Zealand,Oceania,1952,Helsinki,Finland,Summer,Rowing,Eight,Silver
4225,Olga Carter,F,28,GER,Germany,Europe,1928,St. Moritz,Switzerland,Winter,Curling,Curling Slalom,Silver
4226,Mei Rodriguez,F,27,SUI,Switzerland,Europe,2000,Sydney,Australia,Summer,Canoe,Canoe Slalom,Bronze
4227,Carlos Martin,M,26,ESP,Spain,Europe,1960,Rome,Italy,Summer,Canoe,Canoe Slalom,Bronze
4228,John Robinson,M,30,ROM,Romania,Europe,1996,Atlanta,USA,Summer,Basketball,Basketball,Bronze
4229,Ingeborg Clark,F,21,GRE,Greece,Europe,1964,Tokyo,Japan,Summer,Judo,66kg,Gold
4230,Sven Scott,M,30,KOR,South Korea,Asia,2010,Vancouver,Canada,Winter,Cross-Country Skiing,Cross-Country Skiing Super-G,Bronze
4231,Lisa Mitchell,F,19,NZL,New Zealand,Oceania,1980,Lake Placid,USA,Winter,Ice Hockey,Ice Hockey Team,Bronze
4232,Claire Martinez,F,31,ZIM,Zimbabwe,Africa,2006,Turin,Italy,Winter,Ice Hockey,Ice Hockey Team,Silver
4233,Darius Walker,M,31,CHN,China,Asia,1928,Amsterdam,Netherlands,Summer,Swimming,100m Backstroke,Bronze
4234,James Jackson,M,25,CHN,China,Asia,1948,St. Moritz,Switzerland,Winter,Skeleton,Skeleton Pursuit,Bronze
4235,Chris Martinez,M,39,AUS,Australia,Oceania,1964,Tokyo,Japan,Summer,Cycling,Sprint,Gold
4236,Ahmed Harris,M,40,SVK,Slovakia,Europe,2010,Vancouver,Canada,Winter,Nordic Combined,Nordic Combined Sprint,Silver
4237,Elena Miller,F,18,ROM,Romania,Europe,1998,Nagano,Japan,Winter,Cross-Country Skiing,Cross-Country Skiing Individual,Bronze
4238,Nina Nelson,F,34,POL,Poland,Europe,1904,St. Louis,USA,Summer,Volleyball,Volleyball,Bronze
4239,Maria Martin,F,18,IND,India,Asia,1906,Athens,Greece,Summer,Athletics,400m Hurdles,Gold
4240,Kwame Miller,M,33,USA,United States,North America,1956,Cortina,Italy,Winter,Speed Skating,Speed Skating Downhill,Gold
4241,Aisha Lee,F,41,SWE,Sweden,Europe,1936,Berlin,Germany,Summer,Judo,70kg,Silver
4242,Elena King,F,38,TUR,Turkey,Asia,1908,London,Great Britain,Summer,Rowing,Pair,Silver
4243,Claire Moore,F,23,NED,Netherlands,Europe,1984,Sarajevo,Yugoslavia,Winter,Luge,Luge Team,Gold
4244,Robert White,M,35,CHN,China,Asia,2014,Sochi,Russia,Winter,Biathlon,Biathlon Sprint,Bronze
4245,Claire Adams,F,34,AUS,Australia,Oceania,1912,Stockholm,Sweden,Summer,Cycling,Road Race,Gold
4246,Alexei Scott,M,33,TUR,Turkey,Asia,1928,St. Moritz,Switzerland,Winter,Snowboard,Snowboard Giant Slalom,Bronze
4247,Kim Wilson,F,21,ZIM,Zimbabwe,Africa,1908,London,Great Britain,Summer,Taekwondo,67kg,Bronze
4248,Carlos Hall,M,22,GER,Germany,Europe,1920,Antwerp,Belgium,Summer,Taekwondo,49kg,Bronze
4249,Diego Young,M,23,FIN,Finland,Europe,2008,Beijing,China,Summer,Rowing,Double Sculls,Bronze
4250,Robert Johnson,M,31,ZIM,Zimbabwe,Africa,1968,Mexico City,Mexico,Summer,Badminton,Singles,Bronze
4251,Diego Wright,M,32,GRE,Greece,Europe,1936,Berlin,Germany,Summer,Archery,Individual Recurve,Silver
4252,Peter Anderson,M,39,ITA,Italy,Europe,1904,St. Louis,USA,Summer,Fencing,Foil Individual,Gold
4253,Sarah Lopez,F,29,BRA,Brazil,South America,2012,London,Great Britain,Summer,Cycling,Team Sprint,Gold
4254,Ingeborg Lopez,F,17,NZL,New Zealand,Oceania,1948,St. Moritz,Switzerland,Winter,Curling,Curling Slalom,Silver
4255,Yuna Jones,F,20,POL,Poland,Europe,1960,Squaw Valley,USA,Winter,Ski Jumping,Ski Jumping Sprint,Silver
4256,Sven Lopez,M,22,NZL,New Zealand,Oceania,2012,London,Great Britain,Summer,Rowing,Double Sculls,Bronze
4257,Diego Hernandez,M,26,AUS,Australia,Oceania,1980,Lake Placid,USA,Winter,Nordic Combined,Nordic Combined Team,Gold
4258,Yuki King,M,29,NOR,Norway,Europe,1932,Lake Placid,USA,Winter,Ski Jumping,Ski Jumping Downhill,Gold
4259,Katarina Carter,F,28,NZL,New Zealand,Oceania,1896,Athens,Greece,Summer,Volleyball,Beach Volleyball,Gold
4260,Sarah Lopez,F,17,NOR,Norway,Europe,2006,Turin,Italy,Winter,Ice Hockey,Ice Hockey Pursuit,Gold
4261,Michael Nelson,M,41,MEX,Mexico,North America,2010,Vancouver,Canada,Winter,Freestyle Skiing,Freestyle Skiing Super-G,Silver
4262,Yuna Thomas,F,22,CZE,Czech Republic,Europe,1908,London,Great Britain,Summer,Shooting,10m Air Rifle,Gold
4263,Isabella Lopez,F,33,NZL,New Zealand,Oceania,1956,Melbourne,Australia,Summer,Rowing,Single Sculls,Silver
4264,Darius Anderson,M,35,UZB,Uzbekistan,Asia,1952,Oslo,Norway,Winter,Nordic Combined,Nordic Combined Giant Slalom,Gold
4265,Maria Scott,F,21,USA,United States,North America,1976,Montreal,Canada,Summer,Fencing,Epee Team,Silver
4266,Nina Garcia,F,33,AZE,Azerbaijan,Europe,1984,Sarajevo,Yugoslavia,Winter,Cross-Country Skiing,Cross-Country Skiing Sprint,Silver
4267,Ahmed Smith,M,34,NOR,Norway,Europe,1956,Cortina,Italy,Winter,Cross-Country Skiing,Cross-Country Skiing Team,Gold
4268,Rebecca Adams,F,31,CUB,Cuba,North America,1956,Melbourne,Australia,Summer,Table Tennis,Singles,Gold
4269,Steven Green,M,20,NZL,New Zealand,Oceania,1988,Seoul,South Korea,Summer,Badminton,Singles,Gold
4270,Olga Scott,F,30,BEL,Belgium,Europe,1904,St. Louis,USA,Summer,Shooting,50m Rifle 3 Positions,Silver
4271,Mei Garcia,F,39,MEX,Mexico,North America,1968,Grenoble,France,Winter,Luge,Luge Mass Start,Gold
4272,Yuki Harris,M,17,AUS,Australia,Oceania,1968,Mexico City,Mexico,Summer,Cycling,BMX Racing,Gold
4273,Ingrid Williams,F,31,CAN,Canada,North America,1976,Montreal,Canada,Summer,Fencing,Sabre Individual,Gold
4274,John Wilson,M,32,ZIM,Zimbabwe,Africa,1948,St. Moritz,Switzerland,Winter,Bobsled,Bobsled Giant Slalom,Bronze
4275,Elena Green,F,30,AUS,Australia,Oceania,2014,Sochi,Russia,Winter,Speed Skating,Speed Skating Mass Start,Gold
4276,Lisa Allen,F,18,UZB,Uzbekistan,Asia,2006,Turin,Italy,Winter,Speed Skating,Speed Skating Pursuit,Bronze
4277,Kim Walker,F,16,ZIM,Zimbabwe,Africa,1964,Innsbruck,Austria,Winter,Biathlon,Biathlon Team,Gold
4278,Carlos Rodriguez,M,41,NZL,New Zealand,Oceania,1912,Stockholm,Sweden,Summer,Table Tennis,Singles,Silver
4279,Elena Hall,F,24,RSA,South Africa,Africa,2006,Turin,Italy,Winter,Freestyle Skiing,Freestyle Skiing Mass Start,Bronze
4280,Lisa Garcia,F,30,SWE,Sweden,Europe,1948,London,Great Britain,Summer,Basketball,3x3 Basketball,Gold
4281,Nina Baker,F,24,AUT,Austria,Europe,1932,Lake Placid,USA,Winter,Speed Skating,Speed Skating Mass Start,Silver
4282,Michael Miller,M,23,CHN,China,Asia,2002,Salt Lake City,USA,Winter,Luge,Luge Downhill,Gold
4283,Maria Harris,F,40,KOR,South Korea,Asia,1992,Albertville,France,Winter,Luge,Luge Sprint,Bronze
4284,John Hernandez,M,38,KEN,Kenya,Africa,1964,Innsbruck,Austria,Winter,Ski Jumping,Ski Jumping Slalom,Bronze
4285,Wei Brown,M,33,MEX,Mexico,North America,2018,PyeongChang,South Korea,Winter,Figure Skating,Figure Skating Downhill,Bronze
4286,Michael Carter,M,24,CHN,China,Asia,1956,Cortina,Italy,Winter,Cross-Country Skiing,Cross-Country Skiing Slalom,Bronze
4287,Peter Allen,M,18,GBR,Great Britain,Europe,1912,Stockholm,Sweden,Summer,Football,Football,Bronze
4288,Svetlana Thompson,F,32,CUB,Cuba,North America,2016,Rio de Janeiro,Brazil,Summer,Shooting,10m Air Rifle,Bronze
4289,Lars Allen,M,16,SUI,Switzerland,Europe,1952,Helsinki,Finland,Summer,Rowing,Lightweight Four,Gold
4290,Anna Robinson,F,38,KAZ,Kazakhstan,Asia,2018,PyeongChang,South Korea,Winter,Skeleton,Skeleton Super-G,Gold
4291,Jessica Rodriguez,F,29,ETH,Ethiopia,Africa,1992,Albertville,France,Winter,Bobsled,Bobsled Mass Start,Silver
4292,Ingeborg Lewis,F,38,UZB,Uzbekistan,Asia,1924,Chamonix,France,Winter,Cross-Country Skiing,Cross-Country Skiing Team,Silver
4293,John Allen,M,16,CAN,Canada,North America,1924,Chamonix,France,Winter,Skeleton,Skeleton Super-G,Bronze
4294,Fatima Robinson,F,22,POR,Portugal,Europe,2006,Turin,Italy,Winter,Cross-Country Skiing,Cross-Country Skiing Team,Silver
4295,Carlos Wilson,M,23,SVK,Slovakia,Europe,1992,Barcelona,Spain,Summer,Judo,70kg,Silver
4296,Mark Hill,M,29,SWE,Sweden,Europe,2006,Turin,Italy,Winter,Figure Skating,Figure Skating Giant Slalom,Bronze
4297,Pierre Johnson,M,18,GBR,Great Britain,Europe,1980,Moscow,Russia,Summer,Gymnastics,Rhythmic Gymnastics,Silver
4298,Svetlana Rodriguez,F,36,GRE,Greece,Europe,1988,Seoul,South Korea,Summer,Weightlifting,69kg,Silver
4299,Jessica Robinson,F,40,GBR,Great Britain,Europe,1968,Mexico City,Mexico,Summer,Gymnastics,Trampoline,Bronze
4300,Lars Lewis,M,26,NED,Netherlands,Europe,1952,Oslo,Norway,Winter,Biathlon,Biathlon Mass Start,Gold
4301,Thomas Green,M,31,AUT,Austria,Europe,2016,Rio de Janeiro,Brazil,Summer,Archery,Team Recurve,Silver
4302,Rebecca Wilson,F,34,COL,Colombia,South America,2006,Turin,Italy,Winter,Bobsled,Bobsled Downhill,Bronze
4303,Svetlana King,F,24,JAM,Jamaica,North America,1936,Berlin,Germany,Summer,Swimming,800m Freestyle,Bronze
4304,Marco Jones,M,39,UKR,Ukraine,Europe,1976,Innsbruck,Austria,Winter,Biathlon,Biathlon Team,Bronze
4305,Michael Lopez,M,39,KEN,Kenya,Africa,1976,Montreal,Canada,Summer,Swimming,4x100m Medley Relay,Bronze
4306,Chris Hall,M,18,BEL,Belgium,Europe,1988,Calgary,Canada,Winter,Biathlon,Biathlon Team,Silver
4307,Diego Baker,M,17,FRA,France,Europe,1948,St. Moritz,Switzerland,Winter,Luge,Luge Team,Silver
4308,Chiara Scott,F,22,ZIM,Zimbabwe,Africa,1964,Tokyo,Japan,Summer,Judo,73kg,Bronze
4309,Marco Wright,M,31,NED,Netherlands,Europe,2024,Paris,France,Summer,Fencing,Sabre Team,Silver
4310,Alexei Adams,M,31,USA,United States,North America,1988,Seoul,South Korea,Summer,Badminton,Doubles,Gold
4311,Robert Adams,M,21,RUS,Russia,Europe,1996,Atlanta,USA,Summer,Wrestling,Freestyle 125kg,Gold
4312,Ahmed Hall,M,35,ROM,Romania,Europe,1988,Seoul,South Korea,Summer,Boxing,56kg,Silver
4313,Peter Baker,M,33,ESP,Spain,Europe,2008,Beijing,China,Summer,Athletics,1500m,Bronze
4314,Isabella Scott,F,28,BEL,Belgium,Europe,1964,Tokyo,Japan,Summer,Tennis,Singles,Gold
4315,Isabella Nelson,F,16,GBR,Great Britain,Europe,1920,Antwerp,Belgium,Summer,Athletics,100m,Gold
4316,Darius Hill,M,32,NGR,Nigeria,Africa,1972,Sapporo,Japan,Winter,Skiing,Skiing Pursuit,Bronze
4317,James Lopez,M,21,SVK,Slovakia,Europe,1968,Grenoble,France,Winter,Nordic Combined,Nordic Combined Downhill,Bronze
4318,Lars Young,M,37,CHN,China,Asia,1904,St. Louis,USA,Summer,Taekwondo,+73kg,Silver
4319,Ahmed Lewis,M,35,BEL,Belgium,Europe,2008,Beijing,China,Summer,Judo,52kg,Gold
4320,Nina Hall,F,41,AZE,Azerbaijan,Europe,2024,Paris,France,Summer,Badminton,Doubles,Silver
4321,Katarina Garcia,F,27,IND,India,Asia,1972,Sapporo,Japan,Winter,Ice Hockey,Ice Hockey Downhill,Gold
4322,Mohammed Garcia,M,30,CAN,Canada,North America,2014,Sochi,Russia,Winter,Snowboard,Snowboard Giant Slalom,Silver
4323,Chris Rodriguez,M,22,USA,United States,North America,1976,Innsbruck,Austria,Winter,Snowboard,Snowboard Super-G,Gold
4324,Yuna Brown,F,35,KAZ,Kazakhstan,Asia,2012,London,Great Britain,Summer,Wrestling,Freestyle 57kg,Gold
4325,Elena Lee,F,27,COL,Colombia,South America,1924,Chamonix,France,Winter,Cross-Country Skiing,Cross-Country Skiing Downhill,Silver
4326,Diego Thompson,M,30,GRE,Greece,Europe,1936,Garmisch,Germany,Winter,Figure Skating,Figure Skating Individual,Gold
4327,Ivan Rodriguez,M,29,UKR,Ukraine,Europe,2008,Beijing,China,Summer,Basketball,Basketball,Gold
4328,Mei Lee,F,39,SUI,Switzerland,Europe,1998,Nagano,Japan,Winter,Ice Hockey,Ice Hockey Mass Start,Gold
4329,Svetlana Baker,F,40,HUN,Hungary,Europe,1924,Chamonix,France,Winter,Bobsled,Bobsled Giant Slalom,Bronze
4330,Isabella Allen,F,39,NOR,Norway,Europe,1900,Paris,France,Summer,Swimming,200m Butterfly,Bronze
4331,Kim Thompson,F,23,NGR,Nigeria,Africa,1936,Berlin,Germany,Summer,Rowing,Quadruple Sculls,Gold
4332,Isabella Scott,F,21,UZB,Uzbekistan,Asia,1928,Amsterdam,Netherlands,Summer,Archery,Individual Compound,Gold
4333,Diego Nelson,M,26,NED,Netherlands,Europe,1976,Montreal,Canada,Summer,Wrestling,Freestyle 86kg,Gold
4334,Chiara Brown,F,40,KAZ,Kazakhstan,Asia,1920,Antwerp,Belgium,Summer,Swimming,200m Backstroke,Gold
4335,James White,M,24,KOR,South Korea,Asia,1984,Sarajevo,Yugoslavia,Winter,Nordic Combined,Nordic Combined Mass Start,Bronze
4336,Diego Jackson,M,23,HUN,Hungary,Europe,1972,Sapporo,Japan,Winter,Skiing,Skiing Mass Start,Bronze
4337,Ingrid Miller,F,27,IRN,Iran,Asia,1924,Paris,France,Summer,Archery,Team Recurve,Gold
4338,Pierre Harris,M,24,AUT,Austria,Europe,1964,Tokyo,Japan,Summer,Badminton,Mixed Doubles,Silver
4339,Katarina Wilson,F,40,POR,Portugal,Europe,1920,Antwerp,Belgium,Summer,Taekwondo,+73kg,Silver
4340,Darius Walker,M,36,IRN,Iran,Asia,1968,Grenoble,France,Winter,Snowboard,Snowboard Downhill,Silver
4341,Wei Lopez,M,19,ZIM,Zimbabwe,Africa,1964,Tokyo,Japan,Summer,Volleyball,Beach Volleyball,Bronze
4342,Chris Smith,M,29,SUI,Switzerland,Europe,2004,Athens,Greece,Summer,Archery,Team Recurve,Silver
4343,Aisha Lee,F,32,HUN,Hungary,Europe,1936,Berlin,Germany,Summer,Wrestling,Greco-Roman 130kg,Bronze
4344,Mohammed Williams,M,36,MEX,Mexico,North America,1936,Berlin,Germany,Summer,Shooting,25m Pistol,Gold
4345,Peter Miller,M,37,AZE,Azerbaijan,Europe,1992,Albertville,France,Winter,Skeleton,Skeleton Slalom,Bronze
4346,Jessica Allen,F,40,ETH,Ethiopia,Africa,1964,Tokyo,Japan,Summer,Athletics,Marathon,Silver
4347,Carlos Johnson,M,20,AZE,Azerbaijan,Europe,2018,PyeongChang,South Korea,Winter,Bobsled,Bobsled Team,Silver
4348,Darius King,M,28,AUT,Austria,Europe,1972,Munich,Germany,Summer,Football,Football,Gold
4349,Mohammed Baker,M,25,IND,India,Asia,1956,Melbourne,Australia,Summer,Badminton,Doubles,Bronze
4350,Lauren Miller,F,39,KOR,South Korea,Asia,1984,Sarajevo,Yugoslavia,Winter,Luge,Luge Pursuit,Bronze
4351,David Wright,M,25,UKR,Ukraine,Europe,1896,Athens,Greece,Summer,Cycling,BMX Freestyle,Silver
4352,Isabella Hall,F,34,JAM,Jamaica,North America,1928,St. Moritz,Switzerland,Winter,Ice Hockey,Ice Hockey Team,Gold
4353,Lauren Carter,F,23,NOR,Norway,Europe,2002,Salt Lake City,USA,Winter,Skeleton,Skeleton Mass Start,Silver
4354,Mohammed Lewis,M,33,USA,United States,North America,1994,Lillehammer,Norway,Winter,Bobsled,Bobsled Mass Start,Silver
4355,Lisa Wright,F,22,RUS,Russia,Europe,2016,Rio de Janeiro,Brazil,Summer,Judo,+100kg,Gold
4356,Marco Miller,M,20,GBR,Great Britain,Europe,1980,Lake Placid,USA,Winter,Skeleton,Skeleton Pursuit,Gold
4357,Katarina Anderson,F,23,RSA,South Africa,Africa,2000,Sydney,Australia,Summer,Wrestling,Greco-Roman 77kg,Silver
4358,Marco White,M,21,NOR,Norway,Europe,2010,Vancouver,Canada,Winter,Luge,Luge Slalom,Silver
4359,Robert Young,M,35,ROM,Romania,Europe,1980,Lake Placid,USA,Winter,Skeleton,Skeleton Mass Start,Bronze
4360,Alexei Scott,M,25,GBR,Great Britain,Europe,1968,Mexico City,Mexico,Summer,Athletics,800m,Silver
4361,Claire Hernandez,F,25,KOR,South Korea,Asia,1968,Mexico City,Mexico,Summer,Athletics,20km Walk,Bronze
4362,Olga Mitchell,F,32,COL,Colombia,South America,1988,Calgary,Canada,Winter,Freestyle Skiing,Freestyle Skiing Pursuit,Silver
4363,Emma Mitchell,F,41,IND,India,Asia,1996,Atlanta,USA,Summer,Shooting,10m Air Pistol,Bronze
4364,Chris Lee,M,29,NGR,Nigeria,Africa,1900,Paris,France,Summer,Canoe,Canoe Sprint,Bronze
4365,Mark Allen,M,38,IRN,Iran,Asia,1988,Seoul,South Korea,Summer,Weightlifting,56kg,Silver
4366,Kim Harris,F,41,BRA,Brazil,South America,1988,Calgary,Canada,Winter,Cross-Country Skiing,Cross-Country Skiing Mass Start,Bronze
4367,Aisha Baker,F,20,RUS,Russia,Europe,1972,Sapporo,Japan,Winter,Ski Jumping,Ski Jumping Giant Slalom,Gold
4368,Rebecca Jackson,F,18,DEN,Denmark,Europe,2000,Sydney,Australia,Summer,Fencing,Foil Team,Silver
4369,Jessica Scott,F,18,FIN,Finland,Europe,1984,Sarajevo,Yugoslavia,Winter,Ski Jumping,Ski Jumping Mass Start,Bronze
4370,Wei Williams,M,24,KEN,Kenya,Africa,1980,Lake Placid,USA,Winter,Figure Skating,Figure Skating Slalom,Bronze
4371,James Hall,M,32,GRE,Greece,Europe,2020,Tokyo,Japan,Summer,Basketball,3x3 Basketball,Gold
4372,Ivan Baker,M,17,KOR,South Korea,Asia,2010,Vancouver,Canada,Winter,Bobsled,Bobsled Individual,Bronze
4373,Steven Robinson,M,24,NZL,New Zealand,Oceania,1992,Barcelona,Spain,Summer,Basketball,3x3 Basketball,Gold
4374,Anna Thomas,F,21,NZL,New Zealand,Oceania,1960,Squaw Valley,USA,Winter,Speed Skating,Speed Skating Giant Slalom,Gold
4375,Pierre Jones,M,32,GBR,Great Britain,Europe,2002,Salt Lake City,USA,Winter,Bobsled,Bobsled Downhill,Gold
4376,Lucia Mitchell,F,25,NOR,Norway,Europe,1984,Los Angeles,USA,Summer,Archery,Individual Recurve,Silver
4377,Hans Hall,M,22,ZIM,Zimbabwe,Africa,1964,Innsbruck,Austria,Winter,Luge,Luge Individual,Silver
4378,Marco Miller,M,37,DEN,Denmark,Europe,1972,Sapporo,Japan,Winter,Speed Skating,Speed Skating Slalom,Silver
4379,Mohammed Hall,M,39,USA,United States,North America,1912,Stockholm,Sweden,Summer,Boxing,56kg,Bronze
4380,Mohammed Williams,M,36,BEL,Belgium,Europe,1956,Cortina,Italy,Winter,Bobsled,Bobsled Giant Slalom,Gold
4381,Wei Moore,M,22,KOR,South Korea,Asia,2016,Rio de Janeiro,Brazil,Summer,Judo,66kg,Bronze
4382,Ivan Clark,M,23,USA,United States,North America,1968,Grenoble,France,Winter,Nordic Combined,Nordic Combined Downhill,Silver
4383,Mei Jackson,F,41,CAN,Canada,North America,2010,Vancouver,Canada,Winter,Skiing,Skiing Individual,Bronze
4384,Anna Green,F,30,IRN,Iran,Asia,1896,Athens,Greece,Summer,Weightlifting,56kg,Gold
4385,Chris Carter,M,35,RSA,South Africa,Africa,1964,Tokyo,Japan,Summer,Archery,Individual Recurve,Bronze
4386,Chiara Lee,F,36,HUN,Hungary,Europe,2014,Sochi,Russia,Winter,Snowboard,Snowboard Team,Gold
4387,Marco Nelson,M,37,ROM,Romania,Europe,1960,Squaw Valley,USA,Winter,Bobsled,Bobsled Team,Gold
4388,Aisha Young,F,18,IRN,Iran,Asia,2022,Beijing,China,Winter,Snowboard,Snowboard Downhill,Bronze
4389,Maria Carter,F,35,USA,United States,North America,1980,Moscow,Russia,Summer,Gymnastics,Team,Gold
4390,Mei Davis,F,16,KAZ,Kazakhstan,Asia,2006,Turin,Italy,Winter,Ice Hockey,Ice Hockey Giant Slalom,Bronze
4391,Robert Jackson,M,20,SWE,Sweden,Europe,1972,Munich,Germany,Summer,Gymnastics,Rings,Silver
4392,Diego Thompson,M,34,JPN,Japan,Asia,1988,Calgary,Canada,Winter,Bobsled,Bobsled Sprint,Gold
4393,Hans Lee,M,31,AZE,Azerbaijan,Europe,2000,Sydney,Australia,Summer,Swimming,100m Backstroke,Bronze
4394,Rebecca Johnson,F,24,KOR,South Korea,Asia,1988,Seoul,South Korea,Summer,Volleyball,Beach Volleyball,Silver
4395,Chiara Moore,F,41,NED,Netherlands,Europe,1968,Mexico City,Mexico,Summer,Weightlifting,62kg,Bronze
4396,Lucia Clark,F,18,RSA,South Africa,Africa,1904,St. Louis,USA,Summer,Cycling,Road Race,Silver
4397,Ahmed Brown,M,33,ITA,Italy,Europe,2002,Salt Lake City,USA,Winter,Biathlon,Biathlon Sprint,Bronze
4398,Lars Harris,M,37,ITA,Italy,Europe,1908,London,Great Britain,Summer,Archery,Individual Recurve,Bronze
4399,Carlos Lewis,M,21,HUN,Hungary,Europe,1994,Lillehammer,Norway,Winter,Cross-Country Skiing,Cross-Country Skiing Pursuit,Bronze
4400,Ahmed Taylor,M,17,SVK,Slovakia,Europe,2010,Vancouver,Canada,Winter,Curling,Curling Slalom,Gold
4401,Katarina Hill,F,33,TUR,Turkey,Asia,1924,Paris,France,Summer,Judo,+78kg,Bronze
4402,Anna Baker,F,36,CHN,China,Asia,1992,Albertville,France,Winter,Cross-Country Skiing,Cross-Country Skiing Team,Silver
4403,David Brown,M,18,USA,United States,North America,1988,Seoul,South Korea,Summer,Swimming,200m Breaststroke,Gold
4404,Mark Davis,M,28,MEX,Mexico,North America,2016,Rio de Janeiro,Brazil,Summer,Football,Football,Bronze
4405,Rebecca Jones,F,17,JAM,Jamaica,North America,1988,Seoul,South Korea,Summer,Athletics,110m Hurdles,Bronze
4406,Diego Adams,M,41,BRA,Brazil,South America,1994,Lillehammer,Norway,Winter,Skeleton,Skeleton Team,Gold
4407,Olga Smith,F,34,BRA,Brazil,South America,1952,Helsinki,Finland,Summer,Football,Football,Silver
4408,David King,M,29,ARG,Argentina,South America,1896,Athens,Greece,Summer,Taekwondo,57kg,Silver
4409,Kwame Green,M,37,TUR,Turkey,Asia,1960,Rome,Italy,Summer,Basketball,3x3 Basketball,Silver
4410,Lauren Garcia,F,20,NGR,Nigeria,Africa,1988,Calgary,Canada,Winter,Freestyle Skiing,Freestyle Skiing Individual,Gold
4411,Olga King,F,35,CHN,China,Asia,1956,Melbourne,Australia,Summer,Wrestling,Greco-Roman 130kg,Bronze
4412,Diego Green,M,37,JAM,Jamaica,North America,1972,Sapporo,Japan,Winter,Luge,Luge Sprint,Silver
4413,Wei Jackson,M,35,TUR,Turkey,Asia,1976,Montreal,Canada,Summer,Basketball,3x3 Basketball,Gold
4414,Darius Hall,M,32,NGR,Nigeria,Africa,1920,Antwerp,Belgium,Summer,Basketball,3x3 Basketball,Gold
4415,Sarah Moore,F,34,MEX,Mexico,North America,1976,Innsbruck,Austria,Winter,Speed Skating,Speed Skating Downhill,Bronze
4416,Diego Walker,M,19,RSA,South Africa,Africa,1964,Innsbruck,Austria,Winter,Ice Hockey,Ice Hockey Slalom,Silver
4417,Isabella Jackson,F,16,NZL,New Zealand,Oceania,1924,Chamonix,France,Winter,Ski Jumping,Ski Jumping Giant Slalom,Silver
4418,Lauren Allen,F,33,KEN,Kenya,Africa,1992,Albertville,France,Winter,Curling,Curling Sprint,Silver
4419,Elena Lopez,F,28,NZL,New Zealand,Oceania,1998,Nagano,Japan,Winter,Skiing,Skiing Team,Bronze
4420,Kim Miller,F,20,BRA,Brazil,South America,1980,Moscow,Russia,Summer,Judo,60kg,Bronze
4421,Carlos Taylor,M,22,KEN,Kenya,Africa,1928,Amsterdam,Netherlands,Summer,Fencing,Epee Individual,Silver
4422,Aisha Mitchell,F,39,USA,United States,North America,2020,Tokyo,Japan,Summer,Basketball,Basketball,Silver
4423,Wei Brown,M,19,FIN,Finland,Europe,1992,Albertville,France,Winter,Luge,Luge Team,Silver
4424,Yuna Rodriguez,F,39,AUT,Austria,Europe,2014,Sochi,Russia,Winter,Ice Hockey,Ice Hockey Individual,Gold
4425,Lucia Smith,F,27,ITA,Italy,Europe,2014,Sochi,Russia,Winter,Biathlon,Biathlon Pursuit,Silver
4426,David Moore,M,23,ETH,Ethiopia,Africa,1994,Lillehammer,Norway,Winter,Cross-Country Skiing,Cross-Country Skiing Pursuit,Bronze
4427,Mohammed Garcia,M,20,USA,United States,North America,2006,Turin,Italy,Winter,Nordic Combined,Nordic Combined Team,Silver
4428,Michael Green,M,24,KEN,Kenya,Africa,2010,Vancouver,Canada,Winter,Figure Skating,Figure Skating Team,Silver
4429,Darius King,M,37,UZB,Uzbekistan,Asia,1980,Lake Placid,USA,Winter,Figure Skating,Figure Skating Mass Start,Silver
4430,Isabella Taylor,F,17,UZB,Uzbekistan,Asia,1992,Barcelona,Spain,Summer,Archery,Team Recurve,Gold
4431,Hans Mitchell,M,22,SWE,Sweden,Europe,1924,Paris,France,Summer,Football,Football,Bronze
4432,Michael Williams,M,36,AUS,Australia,Oceania,2002,Salt Lake City,USA,Winter,Nordic Combined,Nordic Combined Giant Slalom,Bronze
4433,Wei King,M,29,ZIM,Zimbabwe,Africa,1988,Calgary,Canada,Winter,Luge,Luge Sprint,Bronze
4434,Aisha Wright,F,27,NOR,Norway,Europe,2014,Sochi,Russia,Winter,Snowboard,Snowboard Downhill,Silver
4435,Isabella Robinson,F,22,JPN,Japan,Asia,1952,Oslo,Norway,Winter,Ski Jumping,Ski Jumping Super-G,Bronze
4436,Maria Clark,F,36,HUN,Hungary,Europe,1984,Los Angeles,USA,Summer,Archery,Team Recurve,Silver
4437,Nina Wilson,F,22,JPN,Japan,Asia,1952,Oslo,Norway,Winter,Nordic Combined,Nordic Combined Sprint,Gold
4438,James Martin,M,26,CZE,Czech Republic,Europe,1976,Montreal,Canada,Summer,Table Tennis,Singles,Silver
4439,Hans Anderson,M,32,CZE,Czech Republic,Europe,1960,Rome,Italy,Summer,Volleyball,Volleyball,Gold
4440,Ingrid Williams,F,28,IND,India,Asia,1948,St. Moritz,Switzerland,Winter,Skeleton,Skeleton Downhill,Bronze
4441,Ingeborg Hill,F,26,NGR,Nigeria,Africa,1924,Chamonix,France,Winter,Curling,Curling Giant Slalom,Silver
4442,Sven White,M,18,JAM,Jamaica,North America,1912,Stockholm,Sweden,Summer,Wrestling,Freestyle 57kg,Bronze
4443,Wei Moore,M,19,TUR,Turkey,Asia,1964,Innsbruck,Austria,Winter,Curling,Curling Super-G,Silver
4444,Lisa Thompson,F,38,IND,India,Asia,1924,Chamonix,France,Winter,Biathlon,Biathlon Individual,Silver
4445,Fatima Martinez,F,18,USA,United States,North America,1936,Garmisch,Germany,Winter,Skiing,Skiing Team,Silver
4446,Fatima White,F,25,POL,Poland,Europe,1928,Amsterdam,Netherlands,Summer,Taekwondo,67kg,Gold
4447,Wei Harris,M,37,FRA,France,Europe,1908,London,Great Britain,Summer,Canoe,Canoe Slalom,Gold
4448,Lauren Young,F,21,SVK,Slovakia,Europe,2020,Tokyo,Japan,Summer,Cycling,Team Sprint,Bronze
4449,Darius Robinson,M,41,USA,United States,North America,1976,Montreal,Canada,Summer,Athletics,400m,Gold
4450,Ingeborg Allen,F,33,ESP,Spain,Europe,1952,Oslo,Norway,Winter,Speed Skating,Speed Skating Slalom,Bronze
4451,Ingeborg Moore,F,17,IND,India,Asia,1908,London,Great Britain,Summer,Table Tennis,Singles,Gold
4452,Ahmed Harris,M,30,BRA,Brazil,South America,1964,Tokyo,Japan,Summer,Taekwondo,68kg,Bronze
4453,Peter Wilson,M,22,SVK,Slovakia,Europe,1924,Chamonix,France,Winter,Skeleton,Skeleton Mass Start,Gold
4454,Rebecca Williams,F,24,TUR,Turkey,Asia,1928,St. Moritz,Switzerland,Winter,Ice Hockey,Ice Hockey Pursuit,Silver
4455,Chiara Scott,F,39,JPN,Japan,Asia,1896,Athens,Greece,Summer,Judo,48kg,Gold
4456,Mei Lopez,F,30,SUI,Switzerland,Europe,2018,PyeongChang,South Korea,Winter,Luge,Luge Giant Slalom,Silver
4457,Lucia Lewis,F,28,SWE,Sweden,Europe,1896,Athens,Greece,Summer,Tennis,Singles,Silver
4458,Alexei Taylor,M,21,RSA,South Africa,Africa,1896,Athens,Greece,Summer,Athletics,4x100m Relay,Gold
4459,Ahmed Green,M,32,ITA,Italy,Europe,1932,Los Angeles,USA,Summer,Archery,Team Recurve,Gold
4460,Mark White,M,29,FIN,Finland,Europe,1976,Innsbruck,Austria,Winter,Curling,Curling Mass Start,Bronze
4461,Jessica Young,F,36,ZIM,Zimbabwe,Africa,1936,Berlin,Germany,Summer,Rowing,Single Sculls,Bronze
4462,Ingrid Williams,F,37,NZL,New Zealand,Oceania,1928,St. Moritz,Switzerland,Winter,Freestyle Skiing,Freestyle Skiing Individual,Silver
4463,Mark Thompson,M,22,FRA,France,Europe,1984,Sarajevo,Yugoslavia,Winter,Bobsled,Bobsled Pursuit,Gold
4464,Ivan Robinson,M,19,SVK,Slovakia,Europe,1960,Rome,Italy,Summer,Table Tennis,Team,Silver
4465,Michael Walker,M,19,BRA,Brazil,South America,1960,Squaw Valley,USA,Winter,Biathlon,Biathlon Sprint,Bronze
4466,Diego Smith,M,31,AZE,Azerbaijan,Europe,1948,London,Great Britain,Summer,Tennis,Mixed Doubles,Silver
4467,Lars Allen,M,18,BRA,Brazil,South America,1988,Seoul,South Korea,Summer,Cycling,Mountain Bike,Bronze
4468,Fatima Anderson,F,34,CZE,Czech Republic,Europe,1960,Rome,Italy,Summer,Taekwondo,57kg,Gold
4469,Peter Allen,M,19,ROM,Romania,Europe,1994,Lillehammer,Norway,Winter,Figure Skating,Figure Skating Slalom,Gold
4470,Mei Hall,F,21,ROM,Romania,Europe,2004,Athens,Greece,Summer,Basketball,3x3 Basketball,Silver
4471,Jessica White,F,27,IND,India,Asia,1972,Munich,Germany,Summer,Table Tennis,Team,Silver
4472,Chris Miller,M,40,GER,Germany,Europe,2016,Rio de Janeiro,Brazil,Summer,Archery,Team Compound,Silver
4473,Isabella Adams,F,23,SVK,Slovakia,Europe,1948,St. Moritz,Switzerland,Winter,Snowboard,Snowboard Team,Gold
4474,Mei Moore,F,41,NED,Netherlands,Europe,1988,Seoul,South Korea,Summer,Archery,Individual Compound,Gold
4475,Anna Lee,F,28,AZE,Azerbaijan,Europe,1932,Lake Placid,USA,Winter,Snowboard,Snowboard Individual,Gold
4476,Aisha Johnson,F,25,RUS,Russia,Europe,1904,St. Louis,USA,Summer,Weightlifting,62kg,Silver
4477,Lauren Anderson,F,31,BEL,Belgium,Europe,1952,Oslo,Norway,Winter,Ice Hockey,Ice Hockey Pursuit,Gold
4478,Ivan Hall,M,39,AUS,Australia,Oceania,1948,St. Moritz,Switzerland,Winter,Snowboard,Snowboard Individual,Gold
4479,Darius Carter,M,25,SUI,Switzerland,Europe,2018,PyeongChang,South Korea,Winter,Luge,Luge Mass Start,Bronze
4480,Pierre Mitchell,M,28,SWE,Sweden,Europe,1912,Stockholm,Sweden,Summer,Fencing,Foil Team,Bronze
4481,Emma Nelson,F,21,RSA,South Africa,Africa,1964,Innsbruck,Austria,Winter,Skeleton,Skeleton Pursuit,Bronze
4482,Lucia Robinson,F,21,HUN,Hungary,Europe,1968,Mexico City,Mexico,Summer,Weightlifting,56kg,Gold
4483,Jessica Hernandez,F,34,ESP,Spain,Europe,2002,Salt Lake City,USA,Winter,Ice Hockey,Ice Hockey Individual,Gold
4484,Katarina Hernandez,F,27,FRA,France,Europe,1952,Helsinki,Finland,Summer,Volleyball,Beach Volleyball,Bronze
4485,John Rodriguez,M,19,SUI,Switzerland,Europe,1932,Lake Placid,USA,Winter,Ice Hockey,Ice Hockey Slalom,Silver
4486,Svetlana Thomas,F,22,SUI,Switzerland,Europe,2002,Salt Lake City,USA,Winter,Snowboard,Snowboard Team,Bronze
4487,Nina Allen,F,32,USA,United States,North America,2022,Beijing,China,Winter,Cross-Country Skiing,Cross-Country Skiing Downhill,Bronze
4488,Ivan Rodriguez,M,40,GER,Germany,Europe,1988,Seoul,South Korea,Summer,Archery,Team Compound,Bronze
4489,Jessica Martinez,F,31,POL,Poland,Europe,1992,Albertville,France,Winter,Skeleton,Skeleton Pursuit,Gold
4490,Emma Anderson,F,31,KEN,Kenya,Africa,2004,Athens,Greece,Summer,Rowing,Lightweight Double Sculls,Silver
4491,Lucia Lewis,F,37,NZL,New Zealand,Oceania,1932,Lake Placid,USA,Winter,Ice Hockey,Ice Hockey Slalom,Bronze
4492,Chiara Walker,F,36,MEX,Mexico,North America,1968,Mexico City,Mexico,Summer,Shooting,25m Rapid Fire Pistol,Silver
4493,Wei Martin,M,27,FIN,Finland,Europe,1994,Lillehammer,Norway,Winter,Speed Skating,Speed Skating Mass Start,Silver
4494,Darius Moore,M,38,JAM,Jamaica,North America,2024,Paris,France,Summer,Tennis,Doubles,Silver
4495,Lauren Johnson,F,21,FIN,Finland,Europe,1900,Paris,France,Summer,Volleyball,Volleyball,Bronze
4496,Yuna Mitchell,F,26,GRE,Greece,Europe,2008,Beijing,China,Summer,Shooting,Skeet,Silver
4497,Emma Wright,F,33,POL,Poland,Europe,1960,Rome,Italy,Summer,Athletics,Marathon,Bronze
4498,Marco Green,M,22,IRN,Iran,Asia,1896,Athens,Greece,Summer,Volleyball,Volleyball,Silver
4499,Kwame Walker,M,29,USA,United States,North America,1968,Mexico City,Mexico,Summer,Taekwondo,80kg,Silver
4500,Isabella Smith,F,41,UZB,Uzbekistan,Asia,2010,Vancouver,Canada,Winter,Curling,Curling Individual,Silver
4501,Olga Johnson,F,18,RUS,Russia,Europe,1936,Garmisch,Germany,Winter,Skeleton,Skeleton Pursuit,Bronze
4502,Nina Davis,F,16,KAZ,Kazakhstan,Asia,1964,Innsbruck,Austria,Winter,Figure Skating,Figure Skating Sprint,Gold
4503,Yuna Green,F,32,BEL,Belgium,Europe,2018,PyeongChang,South Korea,Winter,Nordic Combined,Nordic Combined Sprint,Silver
4504,Svetlana Young,F,24,NZL,New Zealand,Oceania,1996,Atlanta,USA,Summer,Taekwondo,67kg,Silver
4505,David Lopez,M,22,GBR,Great Britain,Europe,2004,Athens,Greece,Summer,Basketball,3x3 Basketball,Gold
4506,James Baker,M,41,KOR,South Korea,Asia,2020,Tokyo,Japan,Summer,Taekwondo,73kg,Silver
4507,Hans Young,M,36,CHN,China,Asia,2020,Tokyo,Japan,Summer,Gymnastics,Floor Exercise,Gold
4508,Ingrid Robinson,F,19,ITA,Italy,Europe,1976,Innsbruck,Austria,Winter,Ski Jumping,Ski Jumping Giant Slalom,Bronze
4509,Aisha Jackson,F,22,IND,India,Asia,1948,St. Moritz,Switzerland,Winter,Snowboard,Snowboard Slalom,Gold
4510,Kim Clark,F,24,AUS,Australia,Oceania,2022,Beijing,China,Winter,Skiing,Skiing Downhill,Silver
4511,Jessica White,F,32,KAZ,Kazakhstan,Asia,1998,Nagano,Japan,Winter,Bobsled,Bobsled Mass Start,Silver
4512,Diego King,M,21,BEL,Belgium,Europe,1900,Paris,France,Summer,Volleyball,Volleyball,Gold
4513,Mei Brown,F,40,UKR,Ukraine,Europe,2008,Beijing,China,Summer,Basketball,3x3 Basketball,Silver
4514,Marco Hall,M,23,CAN,Canada,North America,1912,Stockholm,Sweden,Summer,Archery,Individual Recurve,Gold
4515,Lauren Nelson,F,27,CHN,China,Asia,1936,Berlin,Germany,Summer,Taekwondo,58kg,Bronze
4516,Ahmed Hill,M,31,NOR,Norway,Europe,1956,Melbourne,Australia,Summer,Weightlifting,63kg,Silver
4517,Mohammed Jones,M,31,ARG,Argentina,South America,1896,Athens,Greece,Summer,Fencing,Sabre Team,Gold
4518,Mark Williams,M,29,ITA,Italy,Europe,1996,Atlanta,USA,Summer,Basketball,3x3 Basketball,Silver
4519,Aisha Garcia,F,30,NOR,Norway,Europe,1904,St. Louis,USA,Summer,Tennis,Mixed Doubles,Bronze
4520,Isabella Lewis,F,32,SWE,Sweden,Europe,1932,Lake Placid,USA,Winter,Ski Jumping,Ski Jumping Individual,Silver
4521,Katarina Johnson,F,38,COL,Colombia,South America,1936,Berlin,Germany,Summer,Football,Football,Silver
4522,James Mitchell,M,32,IND,India,Asia,1948,St. Moritz,Switzerland,Winter,Snowboard,Snowboard Sprint,Gold
4523,Sven Walker,M,41,CZE,Czech Republic,Europe,1932,Lake Placid,USA,Winter,Biathlon,Biathlon Slalom,Silver
4524,Lauren Hill,F,39,MEX,Mexico,North America,1948,London,Great Britain,Summer,Gymnastics,All-Around,Silver
4525,Jessica White,F,39,CZE,Czech Republic,Europe,1948,St. Moritz,Switzerland,Winter,Speed Skating,Speed Skating Individual,Gold
4526,Sarah Rodriguez,F,29,SUI,Switzerland,Europe,1932,Lake Placid,USA,Winter,Ice Hockey,Ice Hockey Individual,Gold
4527,Kim Williams,F,21,ITA,Italy,Europe,1972,Munich,Germany,Summer,Canoe,Canoe Sprint,Gold
4528,Michael Carter,M,23,RSA,South Africa,Africa,1992,Albertville,France,Winter,Snowboard,Snowboard Downhill,Gold
4529,Yuna Smith,F,16,POL,Poland,Europe,1948,London,Great Britain,Summer,Volleyball,Beach Volleyball,Silver
4530,Emma Thomas,F,41,POL,Poland,Europe,1992,Albertville,France,Winter,Freestyle Skiing,Freestyle Skiing Team,Bronze
4531,Darius Carter,M,20,CHN,China,Asia,1976,Montreal,Canada,Summer,Rowing,Quadruple Sculls,Silver
4532,Chris Moore,M,16,JAM,Jamaica,North America,1936,Berlin,Germany,Summer,Gymnastics,Balance Beam,Gold
4533,Lars Walker,M,40,UZB,Uzbekistan,Asia,1912,Stockholm,Sweden,Summer,Archery,Team Recurve,Bronze
4534,Lars Williams,M,41,ZIM,Zimbabwe,Africa,1924,Chamonix,France,Winter,Ski Jumping,Ski Jumping Individual,Bronze
4535,Aisha Lewis,F,22,USA,United States,North America,1948,London,Great Britain,Summer,Swimming,200m Butterfly,Silver
4536,Ivan Taylor,M,34,FIN,Finland,Europe,2012,London,Great Britain,Summer,Badminton,Mixed Doubles,Silver
4537,Aisha Davis,F,23,AUT,Austria,Europe,2022,Beijing,China,Winter,Nordic Combined,Nordic Combined Super-G,Silver
4538,Ivan Moore,M,40,USA,United States,North America,2024,Paris,France,Summer,Gymnastics,Balance Beam,Silver
4539,Olga Lee,F,21,KAZ,Kazakhstan,Asia,1952,Helsinki,Finland,Summer,Wrestling,Greco-Roman 97kg,Bronze
4540,Emma Martin,F,34,UKR,Ukraine,Europe,1976,Montreal,Canada,Summer,Football,Football,Gold
4541,Fatima Hill,F,25,GRE,Greece,Europe,1980,Lake Placid,USA,Winter,Biathlon,Biathlon Downhill,Silver
4542,Rebecca Martinez,F,32,USA,United States,North America,1964,Innsbruck,Austria,Winter,Biathlon,Biathlon Super-G,Bronze
4543,Mark Martinez,M,36,CHN,China,Asia,2010,Vancouver,Canada,Winter,Biathlon,Biathlon Super-G,Silver
4544,Sofia Allen,F,16,CUB,Cuba,North America,2006,Turin,Italy,Winter,Speed Skating,Speed Skating Individual,Bronze
4545,Carlos Hill,M,27,TUR,Turkey,Asia,1964,Tokyo,Japan,Summer,Volleyball,Beach Volleyball,Bronze
4546,Pierre Rodriguez,M,30,JPN,Japan,Asia,1908,London,Great Britain,Summer,Swimming,4x100m Medley Relay,Silver
4547,Fatima Lee,F,31,AUT,Austria,Europe,1972,Sapporo,Japan,Winter,Ski Jumping,Ski Jumping Slalom,Bronze
4548,Peter Hill,M,20,KAZ,Kazakhstan,Asia,1932,Los Angeles,USA,Summer,Volleyball,Beach Volleyball,Silver
4549,Mei Mitchell,F,35,CUB,Cuba,North America,1928,Amsterdam,Netherlands,Summer,Judo,70kg,Gold
4550,Olga Carter,F,26,KAZ,Kazakhstan,Asia,1900,Paris,France,Summer,Badminton,Singles,Silver
4551,Chiara Davis,F,24,BEL,Belgium,Europe,1988,Seoul,South Korea,Summer,Judo,57kg,Silver
4552,Mei Wilson,F,37,UKR,Ukraine,Europe,1972,Munich,Germany,Summer,Wrestling,Freestyle 86kg,Gold
4553,Diego Hernandez,M,21,UKR,Ukraine,Europe,1960,Rome,Italy,Summer,Volleyball,Volleyball,Silver
4554,Maria Taylor,F,19,RSA,South Africa,Africa,1972,Sapporo,Japan,Winter,Speed Skating,Speed Skating Individual,Silver
4555,Robert Martinez,M,41,ESP,Spain,Europe,1928,Amsterdam,Netherlands,Summer,Badminton,Doubles,Silver
4556,Emma Brown,F,36,FRA,France,Europe,1924,Paris,France,Summer,Rowing,Four,Silver
4557,Chris Lewis,M,41,CZE,Czech Republic,Europe,1952,Oslo,Norway,Winter,Bobsled,Bobsled Super-G,Silver
4558,Ahmed Adams,M,19,DEN,Denmark,Europe,1994,Lillehammer,Norway,Winter,Bobsled,Bobsled Super-G,Bronze
4559,Isabella Allen,F,38,COL,Colombia,South America,1936,Berlin,Germany,Summer,Rowing,Eight,Silver
4560,Sarah Robinson,F,40,GRE,Greece,Europe,1980,Lake Placid,USA,Winter,Skiing,Skiing Giant Slalom,Bronze
4561,Peter Miller,M,25,KAZ,Kazakhstan,Asia,1992,Barcelona,Spain,Summer,Gymnastics,Floor Exercise,Silver
4562,Nina Anderson,F,33,AZE,Azerbaijan,Europe,1912,Stockholm,Sweden,Summer,Volleyball,Beach Volleyball,Gold
4563,Ingrid Williams,F,33,SWE,Sweden,Europe,1996,Atlanta,USA,Summer,Taekwondo,73kg,Bronze
4564,Aisha Baker,F,17,COL,Colombia,South America,2002,Salt Lake City,USA,Winter,Figure Skating,Figure Skating Team,Bronze
4565,James Lee,M,18,POR,Portugal,Europe,1980,Lake Placid,USA,Winter,Curling,Curling Super-G,Silver
4566,John Lee,M,18,TUR,Turkey,Asia,2016,Rio de Janeiro,Brazil,Summer,Archery,Team Recurve,Gold
4567,Lars Jackson,M,35,RUS,Russia,Europe,1932,Los Angeles,USA,Summer,Swimming,1500m Freestyle,Bronze
4568,Ahmed Martin,M,34,KAZ,Kazakhstan,Asia,2002,Salt Lake City,USA,Winter,Nordic Combined,Nordic Combined Pursuit,Silver
4569,Alexei Hernandez,M,33,COL,Colombia,South America,1992,Barcelona,Spain,Summer,Swimming,1500m Freestyle,Bronze
4570,Chris Martinez,M,32,CZE,Czech Republic,Europe,1928,St. Moritz,Switzerland,Winter,Freestyle Skiing,Freestyle Skiing Team,Silver
4571,Yuna Garcia,F,28,FIN,Finland,Europe,1984,Los Angeles,USA,Summer,Weightlifting,75kg,Gold
4572,Ingeborg Miller,F,32,SWE,Sweden,Europe,2010,Vancouver,Canada,Winter,Skiing,Skiing Giant Slalom,Gold
4573,Fatima Taylor,F,31,DEN,Denmark,Europe,1952,Oslo,Norway,Winter,Ice Hockey,Ice Hockey Downhill,Bronze
4574,Pierre Adams,M,24,KEN,Kenya,Africa,2020,Tokyo,Japan,Summer,Football,Football,Gold
4575,Yuna Hernandez,F,29,NGR,Nigeria,Africa,2014,Sochi,Russia,Winter,Freestyle Skiing,Freestyle Skiing Sprint,Bronze
4576,Claire Garcia,F,30,AUS,Australia,Oceania,2016,Rio de Janeiro,Brazil,Summer,Fencing,Epee Team,Bronze
4577,Lisa Robinson,F,37,RSA,South Africa,Africa,1988,Calgary,Canada,Winter,Ice Hockey,Ice Hockey Mass Start,Silver
4578,Lisa Clark,F,23,ROM,Romania,Europe,1964,Innsbruck,Austria,Winter,Cross-Country Skiing,Cross-Country Skiing Pursuit,Silver
4579,Kwame Garcia,M,22,ZIM,Zimbabwe,Africa,2018,PyeongChang,South Korea,Winter,Luge,Luge Downhill,Gold
4580,Isabella Nelson,F,24,CZE,Czech Republic,Europe,1928,Amsterdam,Netherlands,Summer,Basketball,Basketball,Silver
4581,Alexei Thomas,M,37,GER,Germany,Europe,1964,Innsbruck,Austria,Winter,Luge,Luge Giant Slalom,Gold
4582,Yuki Adams,M,24,CUB,Cuba,North America,1988,Calgary,Canada,Winter,Ski Jumping,Ski Jumping Sprint,Silver
4583,Yuna Lopez,F,22,SWE,Sweden,Europe,1924,Chamonix,France,Winter,Ice Hockey,Ice Hockey Individual,Bronze
4584,Ivan Allen,M,22,RSA,South Africa,Africa,1988,Seoul,South Korea,Summer,Shooting,10m Air Rifle,Silver
4585,Mark Rodriguez,M,17,NGR,Nigeria,Africa,1956,Melbourne,Australia,Summer,Table Tennis,Team,Silver
4586,Ingrid Lee,F,37,AZE,Azerbaijan,Europe,1992,Barcelona,Spain,Summer,Basketball,3x3 Basketball,Silver
4587,Wei Rodriguez,M,17,AZE,Azerbaijan,Europe,1980,Lake Placid,USA,Winter,Luge,Luge Giant Slalom,Gold
4588,Svetlana Thompson,F,24,IND,India,Asia,2024,Paris,France,Summer,Wrestling,Greco-Roman 60kg,Bronze
4589,James Lee,M,30,SWE,Sweden,Europe,1948,St. Moritz,Switzerland,Winter,Figure Skating,Figure Skating Downhill,Silver
4590,Mark Thomas,M,24,POL,Poland,Europe,1920,Antwerp,Belgium,Summer,Shooting,Trap,Gold
4591,Fatima King,F,30,KOR,South Korea,Asia,1906,Athens,Greece,Summer,Judo,73kg,Bronze
4592,Robert Baker,M,26,RUS,Russia,Europe,1920,Antwerp,Belgium,Summer,Volleyball,Volleyball,Gold
4593,Carlos Allen,M,41,COL,Colombia,South America,1988,Calgary,Canada,Winter,Curling,Curling Super-G,Silver
4594,Rebecca Miller,F,17,IRN,Iran,Asia,1996,Atlanta,USA,Summer,Weightlifting,77kg,Bronze
4595,Lucia White,F,29,NED,Netherlands,Europe,1948,St. Moritz,Switzerland,Winter,Figure Skating,Figure Skating Sprint,Gold
4596,Mark Moore,M,40,SVK,Slovakia,Europe,2024,Paris,France,Summer,Badminton,Mixed Doubles,Gold
4597,Chiara Hill,F,17,USA,United States,North America,1936,Berlin,Germany,Summer,Archery,Individual Recurve,Bronze
4598,Maria Carter,F,20,GBR,Great Britain,Europe,1908,London,Great Britain,Summer,Badminton,Singles,Gold
4599,Isabella Allen,F,34,SUI,Switzerland,Europe,1984,Los Angeles,USA,Summer,Shooting,25m Rapid Fire Pistol,Silver
4600,Michael Thomas,M,31,UKR,Ukraine,Europe,1994,Lillehammer,Norway,Winter,Snowboard,Snowboard Individual,Silver
4601,Chris White,M,41,FRA,France,Europe,1994,Lillehammer,Norway,Winter,Snowboard,Snowboard Downhill,Silver
4602,Svetlana Wright,F,16,GBR,Great Britain,Europe,1980,Lake Placid,USA,Winter,Cross-Country Skiing,Cross-Country Skiing Pursuit,Silver
4603,Robert Johnson,M,29,SWE,Sweden,Europe,2008,Beijing,China,Summer,Volleyball,Volleyball,Bronze
4604,Nina Jackson,F,25,IRN,Iran,Asia,2012,London,Great Britain,Summer,Wrestling,Freestyle 74kg,Silver
4605,Steven Miller,M,25,RUS,Russia,Europe,1924,Paris,France,Summer,Judo,48kg,Bronze
4606,Ahmed Young,M,21,CUB,Cuba,North America,1924,Chamonix,France,Winter,Skeleton,Skeleton Mass Start,Silver
4607,Yuki Miller,M,22,NED,Netherlands,Europe,1960,Squaw Valley,USA,Winter,Luge,Luge Individual,Silver
4608,Maria Thompson,F,40,CHN,China,Asia,1960,Squaw Valley,USA,Winter,Bobsled,Bobsled Giant Slalom,Silver
4609,Maria Brown,F,30,KOR,South Korea,Asia,1956,Cortina,Italy,Winter,Bobsled,Bobsled Super-G,Bronze
4610,Marco Clark,M,30,RUS,Russia,Europe,1948,London,Great Britain,Summer,Basketball,3x3 Basketball,Gold
4611,Mei Williams,F,33,AZE,Azerbaijan,Europe,1896,Athens,Greece,Summer,Athletics,High Jump,Silver
4612,Robert Scott,M,21,GER,Germany,Europe,1992,Barcelona,Spain,Summer,Athletics,3000m Steeplechase,Gold
4613,Thomas Martin,M,41,UZB,Uzbekistan,Asia,2024,Paris,France,Summer,Basketball,3x3 Basketball,Silver
4614,Lars Harris,M,40,ROM,Romania,Europe,2018,PyeongChang,South Korea,Winter,Ski Jumping,Ski Jumping Pursuit,Gold
4615,Jessica Clark,F,39,MEX,Mexico,North America,1996,Atlanta,USA,Summer,Volleyball,Beach Volleyball,Gold
4616,Claire Jackson,F,34,RUS,Russia,Europe,1968,Grenoble,France,Winter,Bobsled,Bobsled Slalom,Gold
4617,Thomas Hall,M,24,GBR,Great Britain,Europe,1920,Antwerp,Belgium,Summer,Table Tennis,Singles,Bronze
4618,Anna Baker,F,39,UKR,Ukraine,Europe,1948,St. Moritz,Switzerland,Winter,Luge,Luge Giant Slalom,Gold
4619,Lars Robinson,M,26,CHN,China,Asia,1928,Amsterdam,Netherlands,Summer,Swimming,200m Breaststroke,Bronze
4620,Steven Jackson,M,35,FRA,France,Europe,1980,Lake Placid,USA,Winter,Skiing,Skiing Super-G,Silver
4621,Isabella Martin,F,22,SWE,Sweden,Europe,1968,Mexico City,Mexico,Summer,Volleyball,Volleyball,Gold
4622,Sofia Brown,F,22,UZB,Uzbekistan,Asia,1956,Cortina,Italy,Winter,Skeleton,Skeleton Super-G,Gold
4623,Diego Thompson,M,28,ETH,Ethiopia,Africa,1988,Calgary,Canada,Winter,Cross-Country Skiing,Cross-Country Skiing Giant Slalom,Gold
4624,Pierre Johnson,M,19,AUT,Austria,Europe,1972,Sapporo,Japan,Winter,Skeleton,Skeleton Individual,Bronze
4625,Lars Mitchell,M,26,ITA,Italy,Europe,1952,Helsinki,Finland,Summer,Tennis,Singles,Gold
4626,Sofia Green,F,18,AUT,Austria,Europe,1988,Seoul,South Korea,Summer,Cycling,Keirin,Silver
4627,Sofia Lee,F,35,SUI,Switzerland,Europe,1964,Innsbruck,Austria,Winter,Curling,Curling Team,Gold
4628,Diego Baker,M,38,NGR,Nigeria,Africa,1960,Squaw Valley,USA,Winter,Snowboard,Snowboard Team,Gold
4629,Yuki Carter,M,40,ESP,Spain,Europe,1900,Paris,France,Summer,Gymnastics,Floor Exercise,Bronze
4630,Chris Lopez,M,28,NGR,Nigeria,Africa,1932,Lake Placid,USA,Winter,Figure Skating,Figure Skating Team,Gold
4631,Wei Martinez,M,28,ZIM,Zimbabwe,Africa,1984,Los Angeles,USA,Summer,Canoe,Canoe Slalom,Silver
4632,Katarina Lopez,F,16,ESP,Spain,Europe,2020,Tokyo,Japan,Summer,Wrestling,Freestyle 125kg,Silver
4633,Alexei Clark,M,31,USA,United States,North America,1964,Tokyo,Japan,Summer,Athletics,Javelin Throw,Silver
4634,Michael Moore,M,29,RUS,Russia,Europe,1928,Amsterdam,Netherlands,Summer,Boxing,81kg,Bronze
4635,Sarah Wilson,F,32,ITA,Italy,Europe,2000,Sydney,Australia,Summer,Basketball,Basketball,Gold
4636,Darius Jones,M,34,DEN,Denmark,Europe,1992,Albertville,France,Winter,Ski Jumping,Ski Jumping Pursuit,Bronze
4637,Emma Jackson,F,17,GER,Germany,Europe,1952,Helsinki,Finland,Summer,Taekwondo,49kg,Gold
4638,Sven Scott,M,27,MEX,Mexico,North America,1980,Moscow,Russia,Summer,Basketball,Basketball,Silver
4639,Sven Nelson,M,24,RUS,Russia,Europe,1976,Montreal,Canada,Summer,Badminton,Doubles,Silver
4640,John Baker,M,19,ARG,Argentina,South America,1924,Chamonix,France,Winter,Nordic Combined,Nordic Combined Downhill,Silver
4641,Mei Hernandez,F,16,ZIM,Zimbabwe,Africa,1972,Munich,Germany,Summer,Canoe,Canoe Slalom,Gold
4642,Jessica Wilson,F,38,ESP,Spain,Europe,1996,Atlanta,USA,Summer,Fencing,Epee Team,Bronze
4643,Wei Hall,M,22,KAZ,Kazakhstan,Asia,2020,Tokyo,Japan,Summer,Boxing,56kg,Gold
4644,James Brown,M,27,MEX,Mexico,North America,2024,Paris,France,Summer,Taekwondo,73kg,Silver
4645,Chiara Scott,F,41,SUI,Switzerland,Europe,1960,Squaw Valley,USA,Winter,Biathlon,Biathlon Downhill,Silver
4646,David Wilson,M,33,ESP,Spain,Europe,1996,Atlanta,USA,Summer,Badminton,Singles,Silver
4647,Mei Hernandez,F,25,ARG,Argentina,South America,2008,Beijing,China,Summer,Badminton,Doubles,Bronze
4648,Rebecca Martin,F,22,POR,Portugal,Europe,1948,London,Great Britain,Summer,Volleyball,Beach Volleyball,Silver
4649,David Williams,M,27,ITA,Italy,Europe,1964,Innsbruck,Austria,Winter,Snowboard,Snowboard Slalom,Gold
4650,Lucia Baker,F,24,UZB,Uzbekistan,Asia,1994,Lillehammer,Norway,Winter,Figure Skating,Figure Skating Individual,Gold
4651,Ahmed Nelson,M,34,ITA,Italy,Europe,1928,Amsterdam,Netherlands,Summer,Basketball,3x3 Basketball,Bronze
4652,Darius Jones,M,22,CUB,Cuba,North America,1932,Lake Placid,USA,Winter,Figure Skating,Figure Skating Super-G,Gold
4653,Carlos Hall,M,17,CZE,Czech Republic,Europe,2012,London,Great Britain,Summer,Archery,Team Compound,Bronze
4654,Carlos Rodriguez,M,23,ESP,Spain,Europe,1924,Chamonix,France,Winter,Curling,Curling Slalom,Gold
4655,Mei Hill,F,24,RUS,Russia,Europe,1972,Munich,Germany,Summer,Boxing,49kg,Gold
4656,Marco Lee,M,25,RUS,Russia,Europe,1924,Paris,France,Summer,Boxing,91kg,Gold
4657,Steven Miller,M,34,JPN,Japan,Asia,1972,Sapporo,Japan,Winter,Figure Skating,Figure Skating Sprint,Silver
4658,Yuna Baker,F,16,DEN,Denmark,Europe,1998,Nagano,Japan,Winter,Skeleton,Skeleton Giant Slalom,Bronze
4659,Carlos Wright,M,26,POR,Portugal,Europe,1952,Helsinki,Finland,Summer,Tennis,Doubles,Bronze
4660,Chris White,M,30,IND,India,Asia,2000,Sydney,Australia,Summer,Badminton,Mixed Doubles,Gold
4661,Nina White,F,36,NOR,Norway,Europe,1924,Chamonix,France,Winter,Freestyle Skiing,Freestyle Skiing Mass Start,Silver
4662,Olga Williams,F,31,GER,Germany,Europe,1948,London,Great Britain,Summer,Table Tennis,Singles,Bronze
4663,Emma Jackson,F,32,RUS,Russia,Europe,1928,Amsterdam,Netherlands,Summer,Tennis,Singles,Silver
4664,Elena Mitchell,F,29,POR,Portugal,Europe,1992,Barcelona,Spain,Summer,Volleyball,Beach Volleyball,Silver
4665,Sofia Johnson,F,41,BEL,Belgium,Europe,1932,Lake Placid,USA,Winter,Figure Skating,Figure Skating Team,Bronze
4666,Isabella Garcia,F,34,CHN,China,Asia,1984,Sarajevo,Yugoslavia,Winter,Bobsled,Bobsled Super-G,Gold
4667,Lars Jones,M,17,KEN,Kenya,Africa,2014,Sochi,Russia,Winter,Snowboard,Snowboard Mass Start,Gold
4668,Lauren Jackson,F,24,SVK,Slovakia,Europe,1956,Melbourne,Australia,Summer,Wrestling,Greco-Roman 77kg,Silver
4669,Alexei Mitchell,M,32,FRA,France,Europe,1952,Helsinki,Finland,Summer,Taekwondo,68kg,Silver
4670,Darius Nelson,M,40,NOR,Norway,Europe,1994,Lillehammer,Norway,Winter,Snowboard,Snowboard Team,Gold
4671,Aisha Jones,F,41,NOR,Norway,Europe,1964,Tokyo,Japan,Summer,Tennis,Doubles,Gold
4672,Chris King,M,22,NGR,Nigeria,Africa,1912,Stockholm,Sweden,Summer,Fencing,Sabre Team,Silver
4673,Elena Walker,F,37,BEL,Belgium,Europe,1968,Mexico City,Mexico,Summer,Swimming,200m Freestyle,Gold
4674,Sarah Thomas,F,21,ETH,Ethiopia,Africa,1956,Melbourne,Australia,Summer,Fencing,Sabre Individual,Gold
4675,Ingrid Mitchell,F,41,KAZ,Kazakhstan,Asia,2022,Beijing,China,Winter,Figure Skating,Figure Skating Super-G,Bronze
4676,Mei Miller,F,16,ROM,Romania,Europe,2004,Athens,Greece,Summer,Boxing,56kg,Silver
4677,Kwame Rodriguez,M,41,JPN,Japan,Asia,1948,London,Great Britain,Summer,Judo,81kg,Silver
4678,James Martin,M,29,COL,Colombia,South America,1976,Innsbruck,Austria,Winter,Freestyle Skiing,Freestyle Skiing Individual,Bronze
4679,Peter Rodriguez,M,28,POL,Poland,Europe,1984,Los Angeles,USA,Summer,Gymnastics,Floor Exercise,Gold
4680,Thomas Martinez,M,21,NED,Netherlands,Europe,1908,London,Great Britain,Summer,Shooting,10m Air Pistol,Bronze
4681,Ivan Williams,M,28,NZL,New Zealand,Oceania,1920,Antwerp,Belgium,Summer,Badminton,Doubles,Bronze
4682,Marco Rodriguez,M,32,COL,Colombia,South America,1960,Rome,Italy,Summer,Football,Football,Silver
4683,Yuki Lee,M,29,AZE,Azerbaijan,Europe,1924,Paris,France,Summer,Rowing,Pair,Bronze
4684,Lisa Rodriguez,F,35,MEX,Mexico,North America,2018,PyeongChang,South Korea,Winter,Skiing,Skiing Sprint,Silver
4685,Lauren Davis,F,36,ITA,Italy,Europe,2004,Athens,Greece,Summer,Fencing,Epee Team,Bronze
4686,Carlos Thomas,M,38,CAN,Canada,North America,1964,Tokyo,Japan,Summer,Badminton,Mixed Doubles,Bronze
4687,John Davis,M,34,CAN,Canada,North America,2018,PyeongChang,South Korea,Winter,Speed Skating,Speed Skating Sprint,Bronze
4688,John Martinez,M,25,ARG,Argentina,South America,1952,Oslo,Norway,Winter,Ice Hockey,Ice Hockey Mass Start,Gold
4689,Jessica Jackson,F,34,ESP,Spain,Europe,2012,London,Great Britain,Summer,Gymnastics,Vault,Bronze
4690,Thomas Smith,M,19,JPN,Japan,Asia,1924,Paris,France,Summer,Judo,+78kg,Gold
4691,Ivan Robinson,M,35,KOR,South Korea,Asia,1972,Sapporo,Japan,Winter,Speed Skating,Speed Skating Individual,Bronze
4692,Claire Green,F,35,NZL,New Zealand,Oceania,1956,Melbourne,Australia,Summer,Football,Football,Gold
4693,Kwame Wilson,M,41,SUI,Switzerland,Europe,2004,Athens,Greece,Summer,Archery,Team Recurve,Gold
4694,Anna Allen,F,35,COL,Colombia,South America,2000,Sydney,Australia,Summer,Basketball,3x3 Basketball,Silver
4695,David Wilson,M,41,JAM,Jamaica,North America,1952,Helsinki,Finland,Summer,Taekwondo,58kg,Bronze
4696,Ivan Clark,M,17,FRA,France,Europe,1998,Nagano,Japan,Winter,Skiing,Skiing Team,Gold
4697,Chris Thomas,M,23,IRN,Iran,Asia,1936,Berlin,Germany,Summer,Weightlifting,94kg,Bronze
4698,Marco Thompson,M,39,JPN,Japan,Asia,1948,St. Moritz,Switzerland,Winter,Nordic Combined,Nordic Combined Individual,Silver
4699,Thomas Johnson,M,40,AUS,Australia,Oceania,1932,Los Angeles,USA,Summer,Basketball,3x3 Basketball,Gold
4700,Ahmed Hernandez,M,33,CAN,Canada,North America,1956,Cortina,Italy,Winter,Figure Skating,Figure Skating Mass Start,Gold
4701,Diego Moore,M,25,RSA,South Africa,Africa,2020,Tokyo,Japan,Summer,Tennis,Doubles,Bronze
4702,Ingrid Wright,F,38,AUT,Austria,Europe,2008,Beijing,China,Summer,Rowing,Lightweight Four,Silver
4703,James Hernandez,M,18,NGR,Nigeria,Africa,1906,Athens,Greece,Summer,Archery,Team Compound,Bronze
4704,Peter Williams,M,23,RUS,Russia,Europe,1960,Rome,Italy,Summer,Boxing,64kg,Silver
4705,Claire King,F,20,TUR,Turkey,Asia,2024,Paris,France,Summer,Gymnastics,Floor Exercise,Gold
4706,Lisa Young,F,25,DEN,Denmark,Europe,1960,Squaw Valley,USA,Winter,Speed Skating,Speed Skating Sprint,Bronze
4707,Thomas Lopez,M,34,SVK,Slovakia,Europe,2018,PyeongChang,South Korea,Winter,Freestyle Skiing,Freestyle Skiing Giant Slalom,Silver
4708,Alexei Davis,M,23,JAM,Jamaica,North America,2012,London,Great Britain,Summer,Cycling,BMX Freestyle,Bronze
4709,Darius Jackson,M,28,ROM,Romania,Europe,1928,St. Moritz,Switzerland,Winter,Ski Jumping,Ski Jumping Giant Slalom,Bronze
4710,Marco Williams,M,31,DEN,Denmark,Europe,1996,Atlanta,USA,Summer,Boxing,81kg,Silver
4711,Ivan Mitchell,M,18,SUI,Switzerland,Europe,1932,Los Angeles,USA,Summer,Cycling,Omnium,Bronze
4712,Jessica Nelson,F,37,KOR,South Korea,Asia,1964,Tokyo,Japan,Summer,Taekwondo,80kg,Gold
4713,Lars King,M,25,JAM,Jamaica,North America,2002,Salt Lake City,USA,Winter,Biathlon,Biathlon Pursuit,Bronze
4714,Hans Lee,M,31,IND,India,Asia,1906,Athens,Greece,Summer,Volleyball,Volleyball,Gold
4715,Jessica Mitchell,F,37,ROM,Romania,Europe,2008,Beijing,China,Summer,Archery,Individual Compound,Bronze
4716,Aisha Allen,F,28,POL,Poland,Europe,2016,Rio de Janeiro,Brazil,Summer,Basketball,Basketball,Bronze
4717,Carlos Nelson,M,41,CUB,Cuba,North America,1968,Grenoble,France,Winter,Ice Hockey,Ice Hockey Team,Silver
4718,Olga Garcia,F,39,CZE,Czech Republic,Europe,1908,London,Great Britain,Summer,Canoe,Canoe Slalom,Bronze
4719,Anna Jackson,F,26,SVK,Slovakia,Europe,1928,St. Moritz,Switzerland,Winter,Ice Hockey,Ice Hockey Super-G,Gold
4720,Chris Davis,M,27,GRE,Greece,Europe,2006,Turin,Italy,Winter,Skiing,Skiing Super-G,Bronze
4721,Kwame Allen,M,16,ITA,Italy,Europe,1968,Grenoble,France,Winter,Figure Skating,Figure Skating Super-G,Silver
4722,Ahmed Harris,M,41,AZE,Azerbaijan,Europe,1956,Melbourne,Australia,Summer,Fencing,Foil Individual,Silver
4723,Robert Lopez,M,24,UKR,Ukraine,Europe,2012,London,Great Britain,Summer,Volleyball,Volleyball,Gold
4724,Sofia Williams,F,32,USA,United States,North America,1980,Moscow,Russia,Summer,Wrestling,Freestyle 74kg,Bronze
4725,Ivan Miller,M,20,NOR,Norway,Europe,1932,Lake Placid,USA,Winter,Cross-Country Skiing,Cross-Country Skiing Sprint,Silver
4726,Sofia Clark,F,37,POL,Poland,Europe,1908,London,Great Britain,Summer,Table Tennis,Singles,Gold
4727,Lucia Martin,F,34,FIN,Finland,Europe,2020,Tokyo,Japan,Summer,Weightlifting,62kg,Silver
4728,Kim Martin,F,35,AUS,Australia,Oceania,2020,Tokyo,Japan,Summer,Rowing,Double Sculls,Gold
4729,Ahmed Rodriguez,M,17,CAN,Canada,North America,1900,Paris,France,Summer,Archery,Team Compound,Bronze
4730,John Hill,M,33,CHN,China,Asia,1948,St. Moritz,Switzerland,Winter,Freestyle Skiing,Freestyle Skiing Individual,Gold
4731,Lisa Williams,F,38,CZE,Czech Republic,Europe,1948,London,Great Britain,Summer,Football,Football,Gold
4732,Ingeborg Thompson,F,18,KOR,South Korea,Asia,1924,Chamonix,France,Winter,Biathlon,Biathlon Giant Slalom,Gold
4733,Mark Young,M,32,GBR,Great Britain,Europe,1984,Sarajevo,Yugoslavia,Winter,Biathlon,Biathlon Slalom,Gold
4734,Svetlana Jackson,F,36,IRN,Iran,Asia,1972,Munich,Germany,Summer,Archery,Team Compound,Gold
4735,Kim Moore,F,16,ROM,Romania,Europe,2012,London,Great Britain,Summer,Gymnastics,Parallel Bars,Gold
4736,Kim White,F,24,COL,Colombia,South America,1952,Helsinki,Finland,Summer,Rowing,Four,Silver
4737,Michael Martinez,M,41,RUS,Russia,Europe,1956,Melbourne,Australia,Summer,Wrestling,Freestyle 65kg,Silver
4738,Steven Rodriguez,M,19,ITA,Italy,Europe,1896,Athens,Greece,Summer,Gymnastics,Floor Exercise,Silver
4739,Marco Wright,M,17,ZIM,Zimbabwe,Africa,1960,Rome,Italy,Summer,Tennis,Mixed Doubles,Gold
4740,Wei Young,M,35,AZE,Azerbaijan,Europe,2002,Salt Lake City,USA,Winter,Freestyle Skiing,Freestyle Skiing Sprint,Bronze
4741,Ivan Carter,M,38,RUS,Russia,Europe,1976,Montreal,Canada,Summer,Wrestling,Greco-Roman 130kg,Bronze
4742,Lucia Wright,F,31,KAZ,Kazakhstan,Asia,1992,Barcelona,Spain,Summer,Archery,Team Compound,Bronze
4743,Katarina Jones,F,30,NOR,Norway,Europe,1972,Sapporo,Japan,Winter,Bobsled,Bobsled Team,Gold
4744,Pierre Anderson,M,35,IRN,Iran,Asia,2016,Rio de Janeiro,Brazil,Summer,Rowing,Double Sculls,Gold
4745,Wei Wilson,M,24,SWE,Sweden,Europe,1952,Helsinki,Finland,Summer,Table Tennis,Team,Bronze
4746,Lisa King,F,32,ARG,Argentina,South America,1948,St. Moritz,Switzerland,Winter,Bobsled,Bobsled Super-G,Bronze
4747,Mohammed Hall,M,31,IRN,Iran,Asia,1936,Garmisch,Germany,Winter,Speed Skating,Speed Skating Team,Silver
4748,Nina Hill,F,31,FRA,France,Europe,2008,Beijing,China,Summer,Swimming,200m Backstroke,Silver
4749,Katarina Hall,F,23,IRN,Iran,Asia,1994,Lillehammer,Norway,Winter,Figure Skating,Figure Skating Team,Bronze
4750,Kim Martin,F,35,KEN,Kenya,Africa,1924,Chamonix,France,Winter,Skiing,Skiing Super-G,Bronze
4751,Sarah Allen,F,24,AZE,Azerbaijan,Europe,1932,Los Angeles,USA,Summer,Tennis,Singles,Gold
4752,James King,M,20,SUI,Switzerland,Europe,1984,Los Angeles,USA,Summer,Fencing,Foil Team,Bronze
4753,Emma Lewis,F,21,SUI,Switzerland,Europe,1908,London,Great Britain,Summer,Volleyball,Volleyball,Silver
4754,Carlos Garcia,M,37,UKR,Ukraine,Europe,2002,Salt Lake City,USA,Winter,Freestyle Skiing,Freestyle Skiing Super-G,Silver
4755,Sofia Hill,F,30,MEX,Mexico,North America,2012,London,Great Britain,Summer,Swimming,4x100m Freestyle Relay,Bronze
4756,John Williams,M,41,POR,Portugal,Europe,1984,Sarajevo,Yugoslavia,Winter,Ski Jumping,Ski Jumping Sprint,Bronze
4757,Michael Mitchell,M,24,AZE,Azerbaijan,Europe,1904,St. Louis,USA,Summer,Tennis,Singles,Silver
4758,Ingeborg Hernandez,F,19,ETH,Ethiopia,Africa,1980,Moscow,Russia,Summer,Gymnastics,Pommel Horse,Silver
4759,John Smith,M,24,UZB,Uzbekistan,Asia,2000,Sydney,Australia,Summer,Badminton,Mixed Doubles,Bronze
4760,Aisha Allen,F,18,BEL,Belgium,Europe,1956,Melbourne,Australia,Summer,Archery,Team Compound,Silver
4761,Ingeborg Thompson,F,17,RUS,Russia,Europe,1952,Helsinki,Finland,Summer,Wrestling,Greco-Roman 60kg,Bronze
4762,Michael Wilson,M,41,AUS,Australia,Oceania,1988,Seoul,South Korea,Summer,Football,Football,Bronze
4763,Carlos King,M,21,SWE,Sweden,Europe,1976,Montreal,Canada,Summer,Tennis,Singles,Gold
4764,Steven Moore,M,30,RUS,Russia,Europe,2004,Athens,Greece,Summer,Judo,63kg,Silver
4765,Fatima Carter,F,37,MEX,Mexico,North America,2022,Beijing,China,Winter,Luge,Luge Downhill,Bronze
4766,John King,M,32,BRA,Brazil,South America,1906,Athens,Greece,Summer,Rowing,Single Sculls,Silver
4767,Yuki Baker,M,24,SVK,Slovakia,Europe,1994,Lillehammer,Norway,Winter,Snowboard,Snowboard Giant Slalom,Gold
4768,Sven Jackson,M,19,ETH,Ethiopia,Africa,1952,Oslo,Norway,Winter,Skeleton,Skeleton Individual,Gold
4769,Steven Miller,M,20,ETH,Ethiopia,Africa,1912,Stockholm,Sweden,Summer,Table Tennis,Team,Silver
4770,John Anderson,M,32,ESP,Spain,Europe,1960,Squaw Valley,USA,Winter,Nordic Combined,Nordic Combined Downhill,Silver
4771,Steven Garcia,M,16,IND,India,Asia,1964,Tokyo,Japan,Summer,Canoe,Canoe Sprint,Gold
4772,Yuki Wright,M,27,HUN,Hungary,Europe,2012,London,Great Britain,Summer,Tennis,Doubles,Silver
4773,Robert Taylor,M,26,RSA,South Africa,Africa,1900,Paris,France,Summer,Fencing,Epee Individual,Gold
4774,Michael Moore,M,34,RUS,Russia,Europe,1924,Paris,France,Summer,Gymnastics,Horizontal Bar,Gold
4775,Yuki Nelson,M,39,FRA,France,Europe,1964,Innsbruck,Austria,Winter,Skiing,Skiing Slalom,Gold
4776,Chris Thompson,M,37,NED,Netherlands,Europe,1906,Athens,Greece,Summer,Swimming,200m Butterfly,Gold
4777,Diego Lee,M,39,FIN,Finland,Europe,1998,Nagano,Japan,Winter,Cross-Country Skiing,Cross-Country Skiing Downhill,Gold
4778,Anna Allen,F,19,JAM,Jamaica,North America,1988,Seoul,South Korea,Summer,Shooting,25m Pistol,Gold
4779,Lars Miller,M,29,KEN,Kenya,Africa,2002,Salt Lake City,USA,Winter,Bobsled,Bobsled Mass Start,Bronze
4780,Isabella Clark,F,40,NOR,Norway,Europe,1952,Helsinki,Finland,Summer,Fencing,Sabre Individual,Bronze
4781,Rebecca Davis,F,17,POR,Portugal,Europe,1928,Amsterdam,Netherlands,Summer,Basketball,Basketball,Silver
4782,Peter Moore,M,41,GBR,Great Britain,Europe,2024,Paris,France,Summer,Canoe,Canoe Slalom,Gold
4783,Ivan Brown,M,27,SVK,Slovakia,Europe,1960,Squaw Valley,USA,Winter,Curling,Curling Super-G,Bronze
4784,Michael Lopez,M,26,CAN,Canada,North America,1936,Berlin,Germany,Summer,Fencing,Sabre Team,Silver
4785,Sven Hernandez,M,34,COL,Colombia,South America,1904,St. Louis,USA,Summer,Badminton,Mixed Doubles,Gold
4786,Fatima Wright,F,21,JPN,Japan,Asia,1964,Tokyo,Japan,Summer,Shooting,50m Rifle Prone,Silver
4787,Ingrid Thompson,F,34,ETH,Ethiopia,Africa,1980,Moscow,Russia,Summer,Badminton,Doubles,Bronze
4788,Michael Walker,M,29,RUS,Russia,Europe,1948,London,Great Britain,Summer,Swimming,200m Breaststroke,Bronze
4789,Rebecca Young,F,25,JPN,Japan,Asia,1984,Sarajevo,Yugoslavia,Winter,Cross-Country Skiing,Cross-Country Skiing Giant Slalom,Gold
4790,Kim Lopez,F,41,ESP,Spain,Europe,2010,Vancouver,Canada,Winter,Freestyle Skiing,Freestyle Skiing Slalom,Silver
4791,Ingrid Smith,F,36,POL,Poland,Europe,1992,Barcelona,Spain,Summer,Cycling,BMX Freestyle,Bronze
4792,Thomas Lee,M,30,JPN,Japan,Asia,1920,Antwerp,Belgium,Summer,Wrestling,Freestyle 65kg,Silver
4793,Lisa Young,F,17,TUR,Turkey,Asia,2018,PyeongChang,South Korea,Winter,Bobsled,Bobsled Pursuit,Gold
4794,Sarah Hernandez,F,30,KOR,South Korea,Asia,1988,Calgary,Canada,Winter,Cross-Country Skiing,Cross-Country Skiing Pursuit,Bronze
4795,Hans Martinez,M,38,ESP,Spain,Europe,1928,Amsterdam,Netherlands,Summer,Basketball,Basketball,Gold
4796,James Harris,M,27,NOR,Norway,Europe,1924,Paris,France,Summer,Basketball,Basketball,Bronze
4797,Maria King,F,24,CUB,Cuba,North America,2002,Salt Lake City,USA,Winter,Nordic Combined,Nordic Combined Mass Start,Bronze
4798,Robert Lopez,M,29,AZE,Azerbaijan,Europe,1988,Calgary,Canada,Winter,Bobsled,Bobsled Sprint,Bronze
4799,Claire Carter,F,41,BRA,Brazil,South America,1948,St. Moritz,Switzerland,Winter,Snowboard,Snowboard Downhill,Bronze
4800,Pierre Jackson,M,21,SUI,Switzerland,Europe,2010,Vancouver,Canada,Winter,Bobsled,Bobsled Super-G,Bronze
4801,Marco Davis,M,30,ETH,Ethiopia,Africa,1920,Antwerp,Belgium,Summer,Badminton,Mixed Doubles,Bronze
4802,Elena White,F,16,AZE,Azerbaijan,Europe,1936,Garmisch,Germany,Winter,Ice Hockey,Ice Hockey Sprint,Bronze
4803,Sofia Allen,F,19,IND,India,Asia,1936,Berlin,Germany,Summer,Basketball,Basketball,Silver
4804,Ingrid Rodriguez,F,39,GBR,Great Britain,Europe,2006,Turin,Italy,Winter,Skiing,Skiing Mass Start,Bronze
4805,Michael Lewis,M,19,KOR,South Korea,Asia,1964,Tokyo,Japan,Summer,Weightlifting,62kg,Gold
4806,Hans Martinez,M,17,IRN,Iran,Asia,1924,Chamonix,France,Winter,Nordic Combined,Nordic Combined Sprint,Bronze
4807,Ivan Moore,M,41,POL,Poland,Europe,1996,Atlanta,USA,Summer,Fencing,Epee Team,Silver
4808,Kim Mitchell,F,21,IND,India,Asia,2014,Sochi,Russia,Winter,Luge,Luge Slalom,Gold
4809,Pierre Jackson,M,36,NOR,Norway,Europe,1956,Cortina,Italy,Winter,Nordic Combined,Nordic Combined Mass Start,Bronze
4810,Chiara Nelson,F,40,NOR,Norway,Europe,2016,Rio de Janeiro,Brazil,Summer,Wrestling,Greco-Roman 77kg,Gold
4811,Yuki Johnson,M,20,GBR,Great Britain,Europe,1912,Stockholm,Sweden,Summer,Volleyball,Volleyball,Silver
4812,Svetlana Thompson,F,22,GER,Germany,Europe,1972,Sapporo,Japan,Winter,Ski Jumping,Ski Jumping Sprint,Bronze
4813,Robert Lee,M,31,UKR,Ukraine,Europe,1984,Los Angeles,USA,Summer,Basketball,3x3 Basketball,Silver
4814,Sarah Adams,F,21,CHN,China,Asia,1976,Innsbruck,Austria,Winter,Figure Skating,Figure Skating Team,Bronze
4815,Sarah Baker,F,23,CZE,Czech Republic,Europe,1988,Seoul,South Korea,Summer,Rowing,Double Sculls,Silver
4816,Pierre Harris,M,30,NOR,Norway,Europe,1906,Athens,Greece,Summer,Badminton,Mixed Doubles,Gold
4817,Chiara Robinson,F,18,HUN,Hungary,Europe,1924,Chamonix,France,Winter,Snowboard,Snowboard Slalom,Bronze
4818,Svetlana Smith,F,35,SUI,Switzerland,Europe,1960,Rome,Italy,Summer,Swimming,1500m Freestyle,Bronze
4819,David Thomas,M,31,USA,United States,North America,1928,Amsterdam,Netherlands,Summer,Football,Football,Gold
4820,Mohammed Garcia,M,32,CAN,Canada,North America,1988,Seoul,South Korea,Summer,Badminton,Singles,Silver
4821,Emma Moore,F,40,ROM,Romania,Europe,1932,Los Angeles,USA,Summer,Cycling,Omnium,Gold
4822,Anna King,F,27,GRE,Greece,Europe,1936,Berlin,Germany,Summer,Gymnastics,Horizontal Bar,Silver
4823,Michael Adams,M,22,HUN,Hungary,Europe,1972,Sapporo,Japan,Winter,Ski Jumping,Ski Jumping Individual,Bronze
4824,Sofia Rodriguez,F,18,USA,United States,North America,1984,Sarajevo,Yugoslavia,Winter,Skiing,Skiing Downhill,Gold
4825,James Hernandez,M,16,ITA,Italy,Europe,1928,St. Moritz,Switzerland,Winter,Ski Jumping,Ski Jumping Mass Start,Bronze
4826,Ingeborg Lopez,F,32,NGR,Nigeria,Africa,1996,Atlanta,USA,Summer,Archery,Team Compound,Silver
4827,Isabella Davis,F,34,USA,United States,North America,1960,Rome,Italy,Summer,Archery,Individual Compound,Silver
4828,Yuki Allen,M,23,FIN,Finland,Europe,1960,Rome,Italy,Summer,Swimming,200m Breaststroke,Bronze
4829,Aisha Young,F,21,JPN,Japan,Asia,1952,Oslo,Norway,Winter,Freestyle Skiing,Freestyle Skiing Downhill,Silver
4830,Chris Harris,M,17,ETH,Ethiopia,Africa,1920,Antwerp,Belgium,Summer,Archery,Individual Recurve,Bronze
4831,Maria Davis,F,28,GBR,Great Britain,Europe,1988,Seoul,South Korea,Summer,Shooting,25m Rapid Fire Pistol,Silver
4832,Chris Davis,M,34,ETH,Ethiopia,Africa,1964,Innsbruck,Austria,Winter,Speed Skating,Speed Skating Pursuit,Silver
4833,Alexei Adams,M,30,BRA,Brazil,South America,2016,Rio de Janeiro,Brazil,Summer,Basketball,3x3 Basketball,Bronze
4834,Fatima Mitchell,F,30,IRN,Iran,Asia,2004,Athens,Greece,Summer,Football,Football,Gold
4835,Svetlana Taylor,F,30,JPN,Japan,Asia,2012,London,Great Britain,Summer,Gymnastics,Floor Exercise,Silver
4836,Mohammed Hernandez,M,36,FIN,Finland,Europe,1952,Oslo,Norway,Winter,Biathlon,Biathlon Giant Slalom,Bronze
4837,Lisa Anderson,F,17,SUI,Switzerland,Europe,1994,Lillehammer,Norway,Winter,Bobsled,Bobsled Pursuit,Silver
4838,Katarina Carter,F,27,DEN,Denmark,Europe,1988,Calgary,Canada,Winter,Figure Skating,Figure Skating Team,Bronze
4839,Pierre Johnson,M,24,FIN,Finland,Europe,1928,Amsterdam,Netherlands,Summer,Shooting,50m Rifle 3 Positions,Silver
4840,Wei Jones,M,28,SVK,Slovakia,Europe,1904,St. Louis,USA,Summer,Badminton,Mixed Doubles,Bronze
4841,Lars Nelson,M,29,NZL,New Zealand,Oceania,2022,Beijing,China,Winter,Skeleton,Skeleton Super-G,Gold
4842,Nina Lopez,F,22,CAN,Canada,North America,2012,London,Great Britain,Summer,Swimming,200m Backstroke,Gold
4843,David Martin,M,18,IND,India,Asia,1928,Amsterdam,Netherlands,Summer,Volleyball,Beach Volleyball,Gold
4844,Jessica Wilson,F,41,SUI,Switzerland,Europe,1900,Paris,France,Summer,Archery,Individual Compound,Silver
4845,Ingrid Walker,F,40,NED,Netherlands,Europe,1936,Garmisch,Germany,Winter,Ice Hockey,Ice Hockey Mass Start,Gold
4846,Rebecca White,F,31,USA,United States,North America,1896,Athens,Greece,Summer,Taekwondo,+73kg,Silver
4847,Peter Garcia,M,16,UZB,Uzbekistan,Asia,1998,Nagano,Japan,Winter,Snowboard,Snowboard Individual,Gold
4848,Mohammed Hill,M,20,UKR,Ukraine,Europe,2020,Tokyo,Japan,Summer,Cycling,Mountain Bike,Silver
4849,Sofia Smith,F,39,GRE,Greece,Europe,1972,Munich,Germany,Summer,Archery,Individual Compound,Bronze
4850,Fatima Martin,F,19,AUS,Australia,Oceania,1980,Moscow,Russia,Summer,Swimming,400m Individual Medley,Gold
4851,Sven Lopez,M,39,KEN,Kenya,Africa,1972,Sapporo,Japan,Winter,Skiing,Skiing Individual,Silver
4852,Katarina Walker,F,18,CZE,Czech Republic,Europe,1952,Oslo,Norway,Winter,Figure Skating,Figure Skating Downhill,Gold
4853,Wei Wright,M,18,DEN,Denmark,Europe,1980,Lake Placid,USA,Winter,Nordic Combined,Nordic Combined Slalom,Bronze
4854,Lucia Young,F,32,JPN,Japan,Asia,1980,Moscow,Russia,Summer,Judo,+78kg,Gold
4855,Fatima Anderson,F,18,NGR,Nigeria,Africa,1984,Los Angeles,USA,Summer,Wrestling,Freestyle 97kg,Silver
4856,John Carter,M,24,AUT,Austria,Europe,1980,Lake Placid,USA,Winter,Bobsled,Bobsled Pursuit,Bronze
4857,Mark Baker,M,38,BEL,Belgium,Europe,1980,Lake Placid,USA,Winter,Skeleton,Skeleton Sprint,Gold
4858,Carlos Baker,M,19,CUB,Cuba,North America,1912,Stockholm,Sweden,Summer,Boxing,56kg,Gold
4859,Sven Johnson,M,20,ITA,Italy,Europe,1896,Athens,Greece,Summer,Tennis,Mixed Doubles,Silver
4860,Sofia Wright,F,29,BRA,Brazil,South America,2006,Turin,Italy,Winter,Speed Skating,Speed Skating Giant Slalom,Gold
4861,Sarah Martinez,F,28,SUI,Switzerland,Europe,1964,Tokyo,Japan,Summer,Shooting,10m Air Pistol,Silver
4862,Yuki Robinson,M,19,ROM,Romania,Europe,1968,Grenoble,France,Winter,Curling,Curling Pursuit,Silver
4863,Ingrid Lee,F,40,NGR,Nigeria,Africa,1972,Sapporo,Japan,Winter,Freestyle Skiing,Freestyle Skiing Downhill,Silver
4864,Ingrid Williams,F,31,NZL,New Zealand,Oceania,2008,Beijing,China,Summer,Football,Football,Bronze
4865,Maria Nelson,F,36,ARG,Argentina,South America,1960,Squaw Valley,USA,Winter,Ice Hockey,Ice Hockey Individual,Silver
4866,Wei Brown,M,31,NED,Netherlands,Europe,1956,Melbourne,Australia,Summer,Fencing,Sabre Individual,Silver
4867,Maria Nelson,F,32,MEX,Mexico,North America,1988,Calgary,Canada,Winter,Snowboard,Snowboard Giant Slalom,Bronze
4868,Chiara Garcia,F,25,SUI,Switzerland,Europe,1980,Lake Placid,USA,Winter,Skeleton,Skeleton Sprint,Gold
4869,Emma Allen,F,38,GER,Germany,Europe,1928,St. Moritz,Switzerland,Winter,Skiing,Skiing Downhill,Bronze
4870,Ivan Young,M,36,SUI,Switzerland,Europe,1928,St. Moritz,Switzerland,Winter,Snowboard,Snowboard Giant Slalom,Bronze
4871,Lucia Jackson,F,29,AUS,Australia,Oceania,1952,Helsinki,Finland,Summer,Swimming,100m Freestyle,Bronze
4872,Emma Jackson,F,23,AUS,Australia,Oceania,1904,St. Louis,USA,Summer,Cycling,Sprint,Gold
4873,Michael Miller,M,23,ROM,Romania,Europe,1984,Sarajevo,Yugoslavia,Winter,Nordic Combined,Nordic Combined Pursuit,Gold
4874,Wei Thompson,M,28,COL,Colombia,South America,1924,Paris,France,Summer,Table Tennis,Team,Bronze
4875,Olga Moore,F,26,MEX,Mexico,North America,1984,Sarajevo,Yugoslavia,Winter,Bobsled,Bobsled Super-G,Bronze
4876,Nina Jones,F,19,ROM,Romania,Europe,1952,Oslo,Norway,Winter,Bobsled,Bobsled Sprint,Silver
4877,Ingeborg Scott,F,30,BRA,Brazil,South America,1932,Lake Placid,USA,Winter,Luge,Luge Slalom,Gold
4878,Ivan King,M,36,ROM,Romania,Europe,1956,Cortina,Italy,Winter,Biathlon,Biathlon Slalom,Bronze
4879,Lauren Young,F,29,POL,Poland,Europe,1912,Stockholm,Sweden,Summer,Cycling,Omnium,Gold
4880,Fatima Jones,F,37,KAZ,Kazakhstan,Asia,2000,Sydney,Australia,Summer,Rowing,Eight,Silver
4881,Ingeborg Wilson,F,17,JAM,Jamaica,North America,1998,Nagano,Japan,Winter,Curling,Curling Sprint,Bronze
4882,Ahmed Carter,M,24,DEN,Denmark,Europe,1994,Lillehammer,Norway,Winter,Nordic Combined,Nordic Combined Team,Silver
4883,Peter Hall,M,34,KAZ,Kazakhstan,Asia,1996,Atlanta,USA,Summer,Badminton,Doubles,Bronze
4884,Mei Nelson,F,19,DEN,Denmark,Europe,1984,Sarajevo,Yugoslavia,Winter,Speed Skating,Speed Skating Sprint,Silver
4885,Michael Moore,M,18,ROM,Romania,Europe,1932,Lake Placid,USA,Winter,Luge,Luge Slalom,Bronze
4886,Kwame Clark,M,37,TUR,Turkey,Asia,2020,Tokyo,Japan,Summer,Badminton,Singles,Bronze
4887,Sven King,M,33,USA,United States,North America,2010,Vancouver,Canada,Winter,Freestyle Skiing,Freestyle Skiing Sprint,Gold
4888,James Garcia,M,34,ESP,Spain,Europe,1920,Antwerp,Belgium,Summer,Wrestling,Freestyle 65kg,Silver
4889,Ingeborg Thomas,F,29,ZIM,Zimbabwe,Africa,2008,Beijing,China,Summer,Basketball,Basketball,Gold
4890,Peter Lewis,M,35,KOR,South Korea,Asia,1904,St. Louis,USA,Summer,Weightlifting,105kg,Gold
4891,Steven Green,M,26,USA,United States,North America,1984,Los Angeles,USA,Summer,Wrestling,Freestyle 97kg,Gold
4892,Isabella Scott,F,35,KEN,Kenya,Africa,1952,Helsinki,Finland,Summer,Athletics,Marathon,Silver
4893,Ivan Robinson,M,25,RUS,Russia,Europe,1908,London,Great Britain,Summer,Shooting,25m Pistol,Gold
4894,Sarah Carter,F,27,NGR,Nigeria,Africa,2012,London,Great Britain,Summer,Volleyball,Volleyball,Gold
4895,Darius Baker,M,34,NED,Netherlands,Europe,2010,Vancouver,Canada,Winter,Cross-Country Skiing,Cross-Country Skiing Pursuit,Bronze
4896,Sarah Robinson,F,24,JPN,Japan,Asia,2016,Rio de Janeiro,Brazil,Summer,Tennis,Singles,Gold
4897,Sven Rodriguez,M,23,KEN,Kenya,Africa,1912,Stockholm,Sweden,Summer,Athletics,Decathlon,Bronze
4898,Svetlana Harris,F,36,NGR,Nigeria,Africa,2004,Athens,Greece,Summer,Cycling,Sprint,Silver
4899,Lisa Hernandez,F,28,BRA,Brazil,South America,1972,Munich,Germany,Summer,Volleyball,Beach Volleyball,Gold
4900,Claire Adams,F,26,SWE,Sweden,Europe,1972,Sapporo,Japan,Winter,Bobsled,Bobsled Slalom,Gold
4901,Lucia Davis,F,29,NED,Netherlands,Europe,1952,Oslo,Norway,Winter,Skeleton,Skeleton Team,Silver
4902,Mark Thomas,M,35,ROM,Romania,Europe,2002,Salt Lake City,USA,Winter,Figure Skating,Figure Skating Pursuit,Silver
4903,Svetlana Davis,F,17,GER,Germany,Europe,2006,Turin,Italy,Winter,Skiing,Skiing Sprint,Gold
4904,James Young,M,34,AUT,Austria,Europe,1948,St. Moritz,Switzerland,Winter,Cross-Country Skiing,Cross-Country Skiing Pursuit,Gold
4905,Elena Martinez,F,32,GRE,Greece,Europe,1976,Innsbruck,Austria,Winter,Snowboard,Snowboard Giant Slalom,Silver
4906,Kwame Carter,M,20,KAZ,Kazakhstan,Asia,1976,Innsbruck,Austria,Winter,Figure Skating,Figure Skating Pursuit,Gold
4907,Pierre Lewis,M,20,UZB,Uzbekistan,Asia,1936,Garmisch,Germany,Winter,Skeleton,Skeleton Team,Bronze
4908,Thomas Miller,M,25,USA,United States,North America,1948,London,Great Britain,Summer,Taekwondo,57kg,Bronze
4909,Yuki Clark,M,38,NED,Netherlands,Europe,1912,Stockholm,Sweden,Summer,Football,Football,Bronze
4910,Mark White,M,28,BRA,Brazil,South America,1912,Stockholm,Sweden,Summer,Swimming,50m Freestyle,Silver
4911,Lisa Thompson,F,34,JPN,Japan,Asia,1952,Helsinki,Finland,Summer,Judo,90kg,Gold
4912,Darius Taylor,M,30,AUT,Austria,Europe,1928,St. Moritz,Switzerland,Winter,Nordic Combined,Nordic Combined Individual,Gold
4913,Sofia Hill,F,21,CUB,Cuba,North America,1972,Sapporo,Japan,Winter,Luge,Luge Giant Slalom,Gold
4914,Mei Davis,F,37,IRN,Iran,Asia,2024,Paris,France,Summer,Table Tennis,Team,Gold
4915,Emma Johnson,F,22,IRN,Iran,Asia,1992,Albertville,France,Winter,Figure Skating,Figure Skating Pursuit,Gold
4916,Ivan Young,M,26,NOR,Norway,Europe,1992,Barcelona,Spain,Summer,Swimming,100m Freestyle,Bronze
4917,Rebecca Allen,F,27,ETH,Ethiopia,Africa,1976,Innsbruck,Austria,Winter,Skeleton,Skeleton Super-G,Gold
4918,Svetlana Smith,F,30,COL,Colombia,South America,1976,Innsbruck,Austria,Winter,Ice Hockey,Ice Hockey Giant Slalom,Gold
4919,Thomas Martinez,M,23,AUT,Austria,Europe,1952,Oslo,Norway,Winter,Speed Skating,Speed Skating Downhill,Silver
4920,Lisa Rodriguez,F,40,MEX,Mexico,North America,1960,Squaw Valley,USA,Winter,Freestyle Skiing,Freestyle Skiing Downhill,Silver
4921,Carlos Lopez,M,30,UKR,Ukraine,Europe,2010,Vancouver,Canada,Winter,Luge,Luge Pursuit,Gold
4922,Chiara Lopez,F,19,ARG,Argentina,South America,1956,Cortina,Italy,Winter,Ski Jumping,Ski Jumping Team,Silver
4923,Lucia Clark,F,34,POL,Poland,Europe,1988,Calgary,Canada,Winter,Freestyle Skiing,Freestyle Skiing Downhill,Silver
4924,Elena Baker,F,20,FIN,Finland,Europe,1896,Athens,Greece,Summer,Swimming,200m Backstroke,Silver
4925,Michael Baker,M,18,BRA,Brazil,South America,2010,Vancouver,Canada,Winter,Speed Skating,Speed Skating Giant Slalom,Gold
4926,Jessica Lee,F,31,RUS,Russia,Europe,1932,Los Angeles,USA,Summer,Wrestling,Freestyle 125kg,Bronze
4927,Lucia Williams,F,28,SWE,Sweden,Europe,1932,Lake Placid,USA,Winter,Skeleton,Skeleton Sprint,Silver
4928,Thomas Mitchell,M,17,ZIM,Zimbabwe,Africa,1908,London,Great Britain,Summer,Judo,73kg,Silver
4929,Elena Nelson,F,20,SWE,Sweden,Europe,1904,St. Louis,USA,Summer,Archery,Individual Recurve,Bronze
4930,Isabella Taylor,F,36,HUN,Hungary,Europe,1928,Amsterdam,Netherlands,Summer,Weightlifting,56kg,Silver
4931,Lisa Robinson,F,17,CAN,Canada,North America,2000,Sydney,Australia,Summer,Rowing,Quadruple Sculls,Bronze
4932,Svetlana Nelson,F,37,RUS,Russia,Europe,1968,Mexico City,Mexico,Summer,Wrestling,Greco-Roman 87kg,Silver
4933,Kim Martinez,F,33,IRN,Iran,Asia,1932,Lake Placid,USA,Winter,Snowboard,Snowboard Individual,Silver
4934,Pierre Hill,M,17,GRE,Greece,Europe,1968,Mexico City,Mexico,Summer,Tennis,Mixed Doubles,Gold
4935,Claire Adams,F,35,NZL,New Zealand,Oceania,1956,Melbourne,Australia,Summer,Judo,+100kg,Gold
4936,Aisha Allen,F,22,AUT,Austria,Europe,1972,Munich,Germany,Summer,Athletics,4x100m Relay,Bronze
4937,Jessica Thomas,F,26,CHN,China,Asia,1928,St. Moritz,Switzerland,Winter,Freestyle Skiing,Freestyle Skiing Super-G,Silver
4938,Elena Walker,F,41,ROM,Romania,Europe,2016,Rio de Janeiro,Brazil,Summer,Football,Football,Silver
4939,Pierre Anderson,M,26,NOR,Norway,Europe,1988,Calgary,Canada,Winter,Ski Jumping,Ski Jumping Sprint,Silver
4940,James Garcia,M,31,BEL,Belgium,Europe,1948,London,Great Britain,Summer,Judo,70kg,Silver
4941,Lucia Hall,F,29,BRA,Brazil,South America,1932,Los Angeles,USA,Summer,Rowing,Pair,Gold
4942,Rebecca Brown,F,18,ZIM,Zimbabwe,Africa,1904,St. Louis,USA,Summer,Volleyball,Volleyball,Silver
4943,Chiara Scott,F,40,ARG,Argentina,South America,1980,Lake Placid,USA,Winter,Luge,Luge Sprint,Bronze
4944,Lauren Thompson,F,24,CAN,Canada,North America,1984,Los Angeles,USA,Summer,Badminton,Mixed Doubles,Gold
4945,Ingeborg Clark,F,35,AUS,Australia,Oceania,2012,London,Great Britain,Summer,Cycling,Omnium,Silver
4946,Emma Adams,F,24,COL,Colombia,South America,2018,PyeongChang,South Korea,Winter,Biathlon,Biathlon Pursuit,Bronze
4947,Michael Wilson,M,33,FRA,France,Europe,1936,Garmisch,Germany,Winter,Nordic Combined,Nordic Combined Pursuit,Silver
4948,Lisa Moore,F,34,IND,India,Asia,1992,Barcelona,Spain,Summer,Rowing,Four,Bronze
4949,Yuna Mitchell,F,35,NGR,Nigeria,Africa,2022,Beijing,China,Winter,Ski Jumping,Ski Jumping Pursuit,Bronze
4950,Michael Jones,M,21,AZE,Azerbaijan,Europe,2018,PyeongChang,South Korea,Winter,Skiing,Skiing Team,Silver
4951,Darius Taylor,M,16,NED,Netherlands,Europe,1936,Berlin,Germany,Summer,Weightlifting,48kg,Gold
4952,Yuki White,M,23,CHN,China,Asia,1992,Barcelona,Spain,Summer,Weightlifting,94kg,Bronze
4953,Hans Williams,M,21,FRA,France,Europe,1908,London,Great Britain,Summer,Judo,78kg,Gold
4954,Emma Wilson,F,21,DEN,Denmark,Europe,1948,London,Great Britain,Summer,Weightlifting,48kg,Gold
4955,Diego King,M,37,CUB,Cuba,North America,1994,Lillehammer,Norway,Winter,Bobsled,Bobsled Individual,Silver
4956,Lars Johnson,M,16,ROM,Romania,Europe,1996,Atlanta,USA,Summer,Fencing,Foil Team,Bronze
4957,Isabella Thomas,F,22,RSA,South Africa,Africa,1920,Antwerp,Belgium,Summer,Taekwondo,58kg,Silver
4958,Olga Jones,F,19,BRA,Brazil,South America,2024,Paris,France,Summer,Judo,52kg,Silver
4959,Anna Wilson,F,35,ZIM,Zimbabwe,Africa,1952,Oslo,Norway,Winter,Nordic Combined,Nordic Combined Slalom,Silver
4960,Rebecca Thomas,F,20,JPN,Japan,Asia,1996,Atlanta,USA,Summer,Swimming,10km Marathon Swim,Gold
4961,Marco Scott,M,37,GBR,Great Britain,Europe,2024,Paris,France,Summer,Shooting,10m Air Rifle,Gold
4962,Peter Anderson,M,21,ETH,Ethiopia,Africa,1984,Sarajevo,Yugoslavia,Winter,Nordic Combined,Nordic Combined Pursuit,Gold
4963,Ingeborg White,F,35,CHN,China,Asia,1964,Innsbruck,Austria,Winter,Freestyle Skiing,Freestyle Skiing Individual,Gold
4964,Sven Lewis,M,20,IRN,Iran,Asia,1948,St. Moritz,Switzerland,Winter,Nordic Combined,Nordic Combined Team,Gold
4965,Svetlana Williams,F,20,CAN,Canada,North America,2006,Turin,Italy,Winter,Skeleton,Skeleton Downhill,Gold
4966,Jessica Lewis,F,30,FRA,France,Europe,1912,Stockholm,Sweden,Summer,Cycling,Time Trial,Bronze
4967,Hans Smith,M,28,NOR,Norway,Europe,1952,Oslo,Norway,Winter,Ice Hockey,Ice Hockey Giant Slalom,Gold
4968,Anna Wilson,F,32,NZL,New Zealand,Oceania,2010,Vancouver,Canada,Winter,Ski Jumping,Ski Jumping Team,Silver
4969,Carlos Davis,M,21,JPN,Japan,Asia,1976,Montreal,Canada,Summer,Archery,Team Compound,Silver
4970,Pierre Harris,M,29,BRA,Brazil,South America,1932,Lake Placid,USA,Winter,Curling,Curling Downhill,Gold
4971,Mei Rodriguez,F,18,GRE,Greece,Europe,1928,St. Moritz,Switzerland,Winter,Ice Hockey,Ice Hockey Individual,Gold
4972,Peter Jones,M,27,ETH,Ethiopia,Africa,1998,Nagano,Japan,Winter,Cross-Country Skiing,Cross-Country Skiing Individual,Bronze
4973,Sofia Clark,F,16,RUS,Russia,Europe,1984,Los Angeles,USA,Summer,Shooting,10m Air Pistol,Silver
4974,Rebecca Martinez,F,21,ARG,Argentina,South America,1896,Athens,Greece,Summer,Table Tennis,Team,Silver
4975,Fatima Young,F,32,SWE,Sweden,Europe,1980,Moscow,Russia,Summer,Tennis,Singles,Silver
4976,Darius Hernandez,M,16,USA,United States,North America,1994,Lillehammer,Norway,Winter,Skeleton,Skeleton Individual,Silver
4977,Carlos Johnson,M,26,BRA,Brazil,South America,1952,Helsinki,Finland,Summer,Judo,+78kg,Gold
4978,Chiara Moore,F,23,RUS,Russia,Europe,1980,Moscow,Russia,Summer,Boxing,81kg,Bronze
4979,Michael Lee,M,20,USA,United States,North America,1932,Los Angeles,USA,Summer,Taekwondo,49kg,Gold
4980,Peter Walker,M,29,BRA,Brazil,South America,1912,Stockholm,Sweden,Summer,Boxing,52kg,Bronze
4981,Chris Williams,M,21,ESP,Spain,Europe,1900,Paris,France,Summer,Gymnastics,Uneven Bars,Silver
4982,Ingeborg Garcia,F,36,AZE,Azerbaijan,Europe,1956,Cortina,Italy,Winter,Biathlon,Biathlon Team,Silver
4983,Yuki Garcia,M,37,SUI,Switzerland,Europe,2018,PyeongChang,South Korea,Winter,Biathlon,Biathlon Team,Bronze
4984,Rebecca Hall,F,32,ROM,Romania,Europe,1960,Squaw Valley,USA,Winter,Ski Jumping,Ski Jumping Slalom,Gold
4985,Marco Carter,M,30,BRA,Brazil,South America,1996,Atlanta,USA,Summer,Gymnastics,Rings,Gold
4986,James Wilson,M,34,CUB,Cuba,North America,1956,Melbourne,Australia,Summer,Judo,52kg,Gold
4987,Ingeborg Hall,F,31,UZB,Uzbekistan,Asia,2012,London,Great Britain,Summer,Shooting,25m Rapid Fire Pistol,Silver
4988,Fatima Baker,F,20,SVK,Slovakia,Europe,1972,Sapporo,Japan,Winter,Luge,Luge Team,Silver
4989,David Davis,M,34,IND,India,Asia,2010,Vancouver,Canada,Winter,Skiing,Skiing Team,Silver
4990,Emma Moore,F,40,BRA,Brazil,South America,1972,Munich,Germany,Summer,Judo,100kg,Gold
4991,Claire Hernandez,F,23,BRA,Brazil,South America,2000,Sydney,Australia,Summer,Rowing,Single Sculls,Bronze
4992,Peter Taylor,M,26,COL,Colombia,South America,1928,St. Moritz,Switzerland,Winter,Skeleton,Skeleton Slalom,Gold
4993,Jessica Adams,F,32,IRN,Iran,Asia,1994,Lillehammer,Norway,Winter,Bobsled,Bobsled Sprint,Silver
4994,Sofia Anderson,F,21,KAZ,Kazakhstan,Asia,2016,Rio de Janeiro,Brazil,Summer,Cycling,Omnium,Bronze
4995,Mei Smith,F,38,AUT,Austria,Europe,1992,Albertville,France,Winter,Figure Skating,Figure Skating Pursuit,Gold
4996,Ivan Hall,M,34,GRE,Greece,Europe,2004,Athens,Greece,Summer,Shooting,10m Air Rifle,Bronze
4997,Claire Garcia,F,33,RSA,South Africa,Africa,1972,Munich,Germany,Summer,Rowing,Four,Gold
4998,Marco Hall,M,26,SVK,Slovakia,Europe,2002,Salt Lake City,USA,Winter,Skeleton,Skeleton Pursuit,Bronze
4999,Marco Adams,M,33,TUR,Turkey,Asia,1960,Squaw Valley,USA,Winter,Ice Hockey,Ice Hockey Pursuit,Silver
5000,Steven Rodriguez,M,31,CAN,Canada,North America,2000,Sydney,Australia,Summer,Tennis,Doubles,Gold
